// Validating benchmarks:
// ***** BenchmarkRunner: Start   *****
// ***** Found 14 benchmark(s) in total *****
// ***** Building 1 exe(s) in Parallel: Start   *****
// start dotnet  restore /p:UseSharedCompilation=false /p:BuildInParallel=false /m:1 /p:Deterministic=true /p:Optimize=true in /Users/a1/Documents/GitHub/PizzaJam2026/Server/Framework/Benchmarks/Deterministic.GameFramework.ECS.Benchmarks/bin/Release/net8.0/bb6da32b-a96c-4c3a-b30f-ce82b60a36cb
// command took 1.59 sec and exited with 0
// start dotnet  build -c Release --no-restore /p:UseSharedCompilation=false /p:BuildInParallel=false /m:1 /p:Deterministic=true /p:Optimize=true in /Users/a1/Documents/GitHub/PizzaJam2026/Server/Framework/Benchmarks/Deterministic.GameFramework.ECS.Benchmarks/bin/Release/net8.0/bb6da32b-a96c-4c3a-b30f-ce82b60a36cb
// command took 4.12 sec and exited with 0
// ***** Done, took 00:00:05 (5.85 sec)   *****
// Found 2 benchmarks:
//   ActionBenchmark.Execute_Action: Job-VSVGMD(IterationCount=10, WarmupCount=3)
//   ActionBenchmark.GetDenseId: Job-VSVGMD(IterationCount=10, WarmupCount=3)

// **************************
// Benchmark: ActionBenchmark.Execute_Action: Job-VSVGMD(IterationCount=10, WarmupCount=3)
// *** Execute ***
// Launch: 1 / 1
// Execute: dotnet bb6da32b-a96c-4c3a-b30f-ce82b60a36cb.dll --anonymousPipes 119 120 --benchmarkName Deterministic.GameFramework.Benchmarks.ActionBenchmark.Execute_Action --job "IterationCount=10, WarmupCount=3" --benchmarkId 0 in /Users/a1/Documents/GitHub/PizzaJam2026/Server/Framework/Benchmarks/Deterministic.GameFramework.ECS.Benchmarks/bin/Release/net8.0/bb6da32b-a96c-4c3a-b30f-ce82b60a36cb/bin/Release/net8.0
// Failed to set up high priority (Permission denied). In order to run benchmarks with high priority, make sure you have the right permissions.
// BeforeAnythingElse

// Benchmark Process Environment Information:
// BenchmarkDotNet v0.13.12
// Runtime=.NET 8.0.19 (8.0.1925.36514), Arm64 RyuJIT AdvSIMD
// GC=Concurrent Workstation
// HardwareIntrinsics=AdvSIMD,AES,CRC32,DP,RDM,SHA1,SHA256 VectorSize=128
// Job: Job-VOXVOM(IterationCount=10, WarmupCount=3)

[ComponentId] Registered BenchmarkAction -> Local(0) Stable(Stable(00000000-0000-0000-0000-000000000008))
[ComponentId] Registered BenchmarkComponent -> Local(1) Stable(Stable(00000000-0000-0000-0000-000000000005))
[ComponentId] Registered BenchmarkActionComponent -> Local(2) Stable(Stable(00000000-0000-0000-0000-000000000007))
[ComponentId] Registered TransformComponent -> Local(3) Stable(Stable(00000000-0000-0000-0000-000000000001))
[ComponentId] Registered VelocityComponent -> Local(4) Stable(Stable(00000000-0000-0000-0000-000000000002))
[ComponentId] Registered SerTransformComponent -> Local(5) Stable(Stable(00000000-0000-0000-0000-000000000003))
[ComponentId] Registered SerVelocityComponent -> Local(6) Stable(Stable(00000000-0000-0000-0000-000000000004))
[ComponentId] Registered World -> Local(7) Stable(Stable(00000000-0000-0000-0000-000072b3622d))
OverheadJitting  1: 1 op, 206125.00 ns, 206.1250 us/op
WorkloadJitting  1: 1 op, 1348292.00 ns, 1.3483 ms/op

OverheadJitting  2: 16 op, 361333.00 ns, 22.5833 us/op
WorkloadJitting  2: 16 op, 384000.00 ns, 24.0000 us/op

WorkloadPilot    1: 16 op, 5666.00 ns, 354.1250 ns/op
WorkloadPilot    2: 32 op, 4250.00 ns, 132.8125 ns/op
WorkloadPilot    3: 64 op, 7667.00 ns, 119.7969 ns/op
WorkloadPilot    4: 128 op, 38833.00 ns, 303.3828 ns/op
WorkloadPilot    5: 256 op, 24000.00 ns, 93.7500 ns/op
WorkloadPilot    6: 512 op, 45209.00 ns, 88.2988 ns/op
WorkloadPilot    7: 1024 op, 198625.00 ns, 193.9697 ns/op
WorkloadPilot    8: 2048 op, 178750.00 ns, 87.2803 ns/op
WorkloadPilot    9: 4096 op, 636541.00 ns, 155.4055 ns/op
WorkloadPilot   10: 8192 op, 1057958.00 ns, 129.1453 ns/op
WorkloadPilot   11: 16384 op, 2176083.00 ns, 132.8176 ns/op
WorkloadPilot   12: 32768 op, 3885041.00 ns, 118.5620 ns/op
WorkloadPilot   13: 65536 op, 6992167.00 ns, 106.6920 ns/op
WorkloadPilot   14: 131072 op, 13954333.00 ns, 106.4631 ns/op
WorkloadPilot   15: 262144 op, 37715500.00 ns, 143.8732 ns/op
WorkloadPilot   16: 524288 op, 71042250.00 ns, 135.5023 ns/op
WorkloadPilot   17: 1048576 op, 28005791.00 ns, 26.7084 ns/op
WorkloadPilot   18: 2097152 op, 50313542.00 ns, 23.9914 ns/op
WorkloadPilot   19: 4194304 op, 97578917.00 ns, 23.2646 ns/op
WorkloadPilot   20: 8388608 op, 230021667.00 ns, 27.4207 ns/op
WorkloadPilot   21: 16777216 op, 379239750.00 ns, 22.6045 ns/op
WorkloadPilot   22: 33554432 op, 714489584.00 ns, 21.2934 ns/op

OverheadWarmup   1: 33554432 op, 117043166.00 ns, 3.4882 ns/op
OverheadWarmup   2: 33554432 op, 109816625.00 ns, 3.2728 ns/op
OverheadWarmup   3: 33554432 op, 61938250.00 ns, 1.8459 ns/op
OverheadWarmup   4: 33554432 op, 60577000.00 ns, 1.8053 ns/op
OverheadWarmup   5: 33554432 op, 61751292.00 ns, 1.8403 ns/op
OverheadWarmup   6: 33554432 op, 60981750.00 ns, 1.8174 ns/op
OverheadWarmup   7: 33554432 op, 55355500.00 ns, 1.6497 ns/op
OverheadWarmup   8: 33554432 op, 54204792.00 ns, 1.6154 ns/op
OverheadWarmup   9: 33554432 op, 54227375.00 ns, 1.6161 ns/op
OverheadWarmup  10: 33554432 op, 54170458.00 ns, 1.6144 ns/op

OverheadActual   1: 33554432 op, 54325459.00 ns, 1.6190 ns/op
OverheadActual   2: 33554432 op, 54150125.00 ns, 1.6138 ns/op
OverheadActual   3: 33554432 op, 54139583.00 ns, 1.6135 ns/op
OverheadActual   4: 33554432 op, 54075416.00 ns, 1.6116 ns/op
OverheadActual   5: 33554432 op, 55459292.00 ns, 1.6528 ns/op
OverheadActual   6: 33554432 op, 54953250.00 ns, 1.6377 ns/op
OverheadActual   7: 33554432 op, 54273125.00 ns, 1.6175 ns/op
OverheadActual   8: 33554432 op, 54151750.00 ns, 1.6138 ns/op
OverheadActual   9: 33554432 op, 54114792.00 ns, 1.6127 ns/op
OverheadActual  10: 33554432 op, 54545000.00 ns, 1.6256 ns/op
OverheadActual  11: 33554432 op, 54353875.00 ns, 1.6199 ns/op
OverheadActual  12: 33554432 op, 54017208.00 ns, 1.6098 ns/op
OverheadActual  13: 33554432 op, 54152625.00 ns, 1.6139 ns/op
OverheadActual  14: 33554432 op, 54885042.00 ns, 1.6357 ns/op
OverheadActual  15: 33554432 op, 54207250.00 ns, 1.6155 ns/op

WorkloadWarmup   1: 33554432 op, 610844750.00 ns, 18.2046 ns/op
WorkloadWarmup   2: 33554432 op, 608416250.00 ns, 18.1322 ns/op
WorkloadWarmup   3: 33554432 op, 612638709.00 ns, 18.2581 ns/op

// BeforeActualRun
WorkloadActual   1: 33554432 op, 630241000.00 ns, 18.7826 ns/op
WorkloadActual   2: 33554432 op, 624426584.00 ns, 18.6094 ns/op
WorkloadActual   3: 33554432 op, 608787584.00 ns, 18.1433 ns/op
WorkloadActual   4: 33554432 op, 608326000.00 ns, 18.1295 ns/op
WorkloadActual   5: 33554432 op, 606436708.00 ns, 18.0732 ns/op
WorkloadActual   6: 33554432 op, 598325250.00 ns, 17.8315 ns/op
WorkloadActual   7: 33554432 op, 600217917.00 ns, 17.8879 ns/op
WorkloadActual   8: 33554432 op, 600152417.00 ns, 17.8859 ns/op
WorkloadActual   9: 33554432 op, 601541500.00 ns, 17.9273 ns/op
WorkloadActual  10: 33554432 op, 597378375.00 ns, 17.8033 ns/op

// AfterActualRun
WorkloadResult   1: 33554432 op, 554580334.00 ns, 16.5278 ns/op
WorkloadResult   2: 33554432 op, 554118750.00 ns, 16.5140 ns/op
WorkloadResult   3: 33554432 op, 552229458.00 ns, 16.4577 ns/op
WorkloadResult   4: 33554432 op, 544118000.00 ns, 16.2160 ns/op
WorkloadResult   5: 33554432 op, 546010667.00 ns, 16.2724 ns/op
WorkloadResult   6: 33554432 op, 545945167.00 ns, 16.2704 ns/op
WorkloadResult   7: 33554432 op, 547334250.00 ns, 16.3118 ns/op
WorkloadResult   8: 33554432 op, 543171125.00 ns, 16.1878 ns/op
// GC:  0 0 0 736 33554432
// Threading:  0 0 33554432

// AfterAll
// Benchmark Process 66893 has exited with code 0.

Mean = 16.345 ns, StdErr = 0.048 ns (0.29%), N = 8, StdDev = 0.135 ns
Min = 16.188 ns, Q1 = 16.257 ns, Median = 16.292 ns, Q3 = 16.472 ns, Max = 16.528 ns
IQR = 0.215 ns, LowerFence = 15.934 ns, UpperFence = 16.794 ns
ConfidenceInterval = [16.086 ns; 16.603 ns] (CI 99.9%), Margin = 0.259 ns (1.58% of Mean)
Skewness = 0.28, Kurtosis = 1.14, MValue = 2

// ** Remained 13 (92,9 %) benchmark(s) to run. Estimated finish 2026-03-25 18:17 (0h 2m from now) **
// **************************
// Benchmark: ActionBenchmark.GetDenseId: Job-VSVGMD(IterationCount=10, WarmupCount=3)
// *** Execute ***
// Launch: 1 / 1
// Execute: dotnet bb6da32b-a96c-4c3a-b30f-ce82b60a36cb.dll --anonymousPipes 121 122 --benchmarkName Deterministic.GameFramework.Benchmarks.ActionBenchmark.GetDenseId --job "IterationCount=10, WarmupCount=3" --benchmarkId 1 in /Users/a1/Documents/GitHub/PizzaJam2026/Server/Framework/Benchmarks/Deterministic.GameFramework.ECS.Benchmarks/bin/Release/net8.0/bb6da32b-a96c-4c3a-b30f-ce82b60a36cb/bin/Release/net8.0
// Failed to set up high priority (Permission denied). In order to run benchmarks with high priority, make sure you have the right permissions.
// BeforeAnythingElse

// Benchmark Process Environment Information:
// BenchmarkDotNet v0.13.12
// Runtime=.NET 8.0.19 (8.0.1925.36514), Arm64 RyuJIT AdvSIMD
// GC=Concurrent Workstation
// HardwareIntrinsics=AdvSIMD,AES,CRC32,DP,RDM,SHA1,SHA256 VectorSize=128
// Job: Job-LOTKUP(IterationCount=10, WarmupCount=3)

[ComponentId] Registered BenchmarkAction -> Local(0) Stable(Stable(00000000-0000-0000-0000-000000000008))
[ComponentId] Registered BenchmarkComponent -> Local(1) Stable(Stable(00000000-0000-0000-0000-000000000005))
[ComponentId] Registered BenchmarkActionComponent -> Local(2) Stable(Stable(00000000-0000-0000-0000-000000000007))
[ComponentId] Registered TransformComponent -> Local(3) Stable(Stable(00000000-0000-0000-0000-000000000001))
[ComponentId] Registered VelocityComponent -> Local(4) Stable(Stable(00000000-0000-0000-0000-000000000002))
[ComponentId] Registered SerTransformComponent -> Local(5) Stable(Stable(00000000-0000-0000-0000-000000000003))
[ComponentId] Registered SerVelocityComponent -> Local(6) Stable(Stable(00000000-0000-0000-0000-000000000004))
[ComponentId] Registered World -> Local(7) Stable(Stable(00000000-0000-0000-0000-000072b3622d))
OverheadJitting  1: 1 op, 246709.00 ns, 246.7090 us/op
WorkloadJitting  1: 1 op, 300459.00 ns, 300.4590 us/op

OverheadJitting  2: 16 op, 405084.00 ns, 25.3178 us/op
WorkloadJitting  2: 16 op, 336125.00 ns, 21.0078 us/op

WorkloadPilot    1: 16 op, 916.00 ns, 57.2500 ns/op
WorkloadPilot    2: 32 op, 1833.00 ns, 57.2812 ns/op
WorkloadPilot    3: 64 op, 4167.00 ns, 65.1094 ns/op
WorkloadPilot    4: 128 op, 2541.00 ns, 19.8516 ns/op
WorkloadPilot    5: 256 op, 5500.00 ns, 21.4844 ns/op
WorkloadPilot    6: 512 op, 8375.00 ns, 16.3574 ns/op
WorkloadPilot    7: 1024 op, 17791.00 ns, 17.3740 ns/op
WorkloadPilot    8: 2048 op, 34042.00 ns, 16.6221 ns/op
WorkloadPilot    9: 4096 op, 63625.00 ns, 15.5334 ns/op
WorkloadPilot   10: 8192 op, 127334.00 ns, 15.5437 ns/op
WorkloadPilot   11: 16384 op, 259583.00 ns, 15.8437 ns/op
WorkloadPilot   12: 32768 op, 542042.00 ns, 16.5418 ns/op
WorkloadPilot   13: 65536 op, 1035041.00 ns, 15.7935 ns/op
WorkloadPilot   14: 131072 op, 2058583.00 ns, 15.7057 ns/op
WorkloadPilot   15: 262144 op, 4104750.00 ns, 15.6584 ns/op
WorkloadPilot   16: 524288 op, 8287834.00 ns, 15.8078 ns/op
WorkloadPilot   17: 1048576 op, 16492417.00 ns, 15.7284 ns/op
WorkloadPilot   18: 2097152 op, 33103666.00 ns, 15.7851 ns/op
WorkloadPilot   19: 4194304 op, 134177250.00 ns, 31.9903 ns/op
WorkloadPilot   20: 8388608 op, 103038209.00 ns, 12.2831 ns/op
WorkloadPilot   21: 16777216 op, 192064000.00 ns, 11.4479 ns/op
WorkloadPilot   22: 33554432 op, 384625209.00 ns, 11.4627 ns/op
WorkloadPilot   23: 67108864 op, 795936166.00 ns, 11.8604 ns/op

OverheadWarmup   1: 67108864 op, 202135334.00 ns, 3.0121 ns/op
OverheadWarmup   2: 67108864 op, 95334042.00 ns, 1.4206 ns/op
OverheadWarmup   3: 67108864 op, 94662542.00 ns, 1.4106 ns/op
OverheadWarmup   4: 67108864 op, 91280792.00 ns, 1.3602 ns/op
OverheadWarmup   5: 67108864 op, 91672875.00 ns, 1.3660 ns/op
OverheadWarmup   6: 67108864 op, 88828584.00 ns, 1.3236 ns/op
OverheadWarmup   7: 67108864 op, 88104042.00 ns, 1.3129 ns/op
OverheadWarmup   8: 67108864 op, 86953083.00 ns, 1.2957 ns/op
OverheadWarmup   9: 67108864 op, 86809375.00 ns, 1.2936 ns/op
OverheadWarmup  10: 67108864 op, 86776625.00 ns, 1.2931 ns/op

OverheadActual   1: 67108864 op, 87034125.00 ns, 1.2969 ns/op
OverheadActual   2: 67108864 op, 87041583.00 ns, 1.2970 ns/op
OverheadActual   3: 67108864 op, 87129417.00 ns, 1.2983 ns/op
OverheadActual   4: 67108864 op, 87431583.00 ns, 1.3028 ns/op
OverheadActual   5: 67108864 op, 87122375.00 ns, 1.2982 ns/op
OverheadActual   6: 67108864 op, 88763833.00 ns, 1.3227 ns/op
OverheadActual   7: 67108864 op, 86880084.00 ns, 1.2946 ns/op
OverheadActual   8: 67108864 op, 86919375.00 ns, 1.2952 ns/op
OverheadActual   9: 67108864 op, 86938292.00 ns, 1.2955 ns/op
OverheadActual  10: 67108864 op, 86950375.00 ns, 1.2957 ns/op
OverheadActual  11: 67108864 op, 86839000.00 ns, 1.2940 ns/op
OverheadActual  12: 67108864 op, 87685709.00 ns, 1.3066 ns/op
OverheadActual  13: 67108864 op, 87038292.00 ns, 1.2970 ns/op
OverheadActual  14: 67108864 op, 87272167.00 ns, 1.3005 ns/op
OverheadActual  15: 67108864 op, 87098750.00 ns, 1.2979 ns/op

WorkloadWarmup   1: 67108864 op, 765398958.00 ns, 11.4053 ns/op
WorkloadWarmup   2: 67108864 op, 760368541.00 ns, 11.3304 ns/op
WorkloadWarmup   3: 67108864 op, 767551208.00 ns, 11.4374 ns/op

// BeforeActualRun
WorkloadActual   1: 67108864 op, 801543250.00 ns, 11.9439 ns/op
WorkloadActual   2: 67108864 op, 806030333.00 ns, 12.0108 ns/op
WorkloadActual   3: 67108864 op, 858267000.00 ns, 12.7892 ns/op
WorkloadActual   4: 67108864 op, 812435792.00 ns, 12.1062 ns/op
WorkloadActual   5: 67108864 op, 819312292.00 ns, 12.2087 ns/op
WorkloadActual   6: 67108864 op, 812364375.00 ns, 12.1052 ns/op
WorkloadActual   7: 67108864 op, 787414958.00 ns, 11.7334 ns/op
WorkloadActual   8: 67108864 op, 782869500.00 ns, 11.6657 ns/op
WorkloadActual   9: 67108864 op, 796571250.00 ns, 11.8698 ns/op
WorkloadActual  10: 67108864 op, 770701417.00 ns, 11.4843 ns/op

// AfterActualRun
WorkloadResult   1: 67108864 op, 714501667.00 ns, 10.6469 ns/op
WorkloadResult   2: 67108864 op, 718988750.00 ns, 10.7138 ns/op
WorkloadResult   3: 67108864 op, 725394209.00 ns, 10.8092 ns/op
WorkloadResult   4: 67108864 op, 732270709.00 ns, 10.9117 ns/op
WorkloadResult   5: 67108864 op, 725322792.00 ns, 10.8082 ns/op
WorkloadResult   6: 67108864 op, 700373375.00 ns, 10.4364 ns/op
WorkloadResult   7: 67108864 op, 695827917.00 ns, 10.3686 ns/op
WorkloadResult   8: 67108864 op, 709529667.00 ns, 10.5728 ns/op
WorkloadResult   9: 67108864 op, 683659834.00 ns, 10.1873 ns/op
// GC:  0 0 0 736 67108864
// Threading:  0 0 67108864

// AfterAll
// Benchmark Process 66920 has exited with code 0.

Mean = 10.606 ns, StdErr = 0.079 ns (0.75%), N = 9, StdDev = 0.237 ns
Min = 10.187 ns, Q1 = 10.436 ns, Median = 10.647 ns, Q3 = 10.808 ns, Max = 10.912 ns
IQR = 0.372 ns, LowerFence = 9.879 ns, UpperFence = 11.366 ns
ConfidenceInterval = [10.207 ns; 11.005 ns] (CI 99.9%), Margin = 0.399 ns (3.76% of Mean)
Skewness = -0.38, Kurtosis = 1.65, MValue = 2

// ** Remained 12 (85,7 %) benchmark(s) to run. Estimated finish 2026-03-25 18:17 (0h 2m from now) **
// ***** BenchmarkRunner: Finish  *****

// * Export *
  BenchmarkDotNet.Artifacts/results/Deterministic.GameFramework.Benchmarks.ActionBenchmark-report.csv
  BenchmarkDotNet.Artifacts/results/Deterministic.GameFramework.Benchmarks.ActionBenchmark-report-github.md
  BenchmarkDotNet.Artifacts/results/Deterministic.GameFramework.Benchmarks.ActionBenchmark-report.html

// * Detailed results *
ActionBenchmark.Execute_Action: Job-VSVGMD(IterationCount=10, WarmupCount=3)
Runtime = .NET 8.0.19 (8.0.1925.36514), Arm64 RyuJIT AdvSIMD; GC = Concurrent Workstation
Mean = 16.345 ns, StdErr = 0.048 ns (0.29%), N = 8, StdDev = 0.135 ns
Min = 16.188 ns, Q1 = 16.257 ns, Median = 16.292 ns, Q3 = 16.472 ns, Max = 16.528 ns
IQR = 0.215 ns, LowerFence = 15.934 ns, UpperFence = 16.794 ns
ConfidenceInterval = [16.086 ns; 16.603 ns] (CI 99.9%), Margin = 0.259 ns (1.58% of Mean)
Skewness = 0.28, Kurtosis = 1.14, MValue = 2
-------------------- Histogram --------------------
[16.099 ns ; 16.617 ns) | @@@@@@@@
---------------------------------------------------

ActionBenchmark.GetDenseId: Job-VSVGMD(IterationCount=10, WarmupCount=3)
Runtime = .NET 8.0.19 (8.0.1925.36514), Arm64 RyuJIT AdvSIMD; GC = Concurrent Workstation
Mean = 10.606 ns, StdErr = 0.079 ns (0.75%), N = 9, StdDev = 0.237 ns
Min = 10.187 ns, Q1 = 10.436 ns, Median = 10.647 ns, Q3 = 10.808 ns, Max = 10.912 ns
IQR = 0.372 ns, LowerFence = 9.879 ns, UpperFence = 11.366 ns
ConfidenceInterval = [10.207 ns; 11.005 ns] (CI 99.9%), Margin = 0.399 ns (3.76% of Mean)
Skewness = -0.38, Kurtosis = 1.65, MValue = 2
-------------------- Histogram --------------------
[10.162 ns ; 10.462 ns) | @@@
[10.462 ns ; 10.841 ns) | @@@@@
[10.841 ns ; 11.062 ns) | @
---------------------------------------------------

// * Summary *

BenchmarkDotNet v0.13.12, macOS 26.3 (25D125) [Darwin 25.3.0]
Apple M2 Pro, 1 CPU, 10 logical and 10 physical cores
.NET SDK 10.0.105
  [Host]     : .NET 8.0.19 (8.0.1925.36514), Arm64 RyuJIT AdvSIMD
  Job-VSVGMD : .NET 8.0.19 (8.0.1925.36514), Arm64 RyuJIT AdvSIMD

IterationCount=10  WarmupCount=3  

| Method         | Mean     | Error    | StdDev   | Allocated |
|--------------- |---------:|---------:|---------:|----------:|
| Execute_Action | 16.34 ns | 0.259 ns | 0.135 ns |         - |
| GetDenseId     | 10.61 ns | 0.399 ns | 0.237 ns |         - |

// * Hints *
Outliers
  ActionBenchmark.Execute_Action: IterationCount=10, WarmupCount=3 -> 2 outliers were removed (18.61 ns, 18.78 ns)
  ActionBenchmark.GetDenseId: IterationCount=10, WarmupCount=3     -> 1 outlier  was  removed (12.79 ns)

// * Legends *
  Mean      : Arithmetic mean of all measurements
  Error     : Half of 99.9% confidence interval
  StdDev    : Standard deviation of all measurements
  Allocated : Allocated memory per single operation (managed only, inclusive, 1KB = 1024B)
  1 ns      : 1 Nanosecond (0.000000001 sec)

// * Diagnostic Output - MemoryDiagnoser *


// ***** BenchmarkRunner: End *****
Run time: 00:00:27 (27.41 sec), executed benchmarks: 2

// Found 4 benchmarks:
//   ActionEcsBenchmark.Dispatcher_Many_Entities: Job-VSVGMD(IterationCount=10, WarmupCount=3) [Count=100]
//   ActionEcsBenchmark.ECS_System_Many_Entities: Job-VSVGMD(IterationCount=10, WarmupCount=3) [Count=100]
//   ActionEcsBenchmark.Dispatcher_Many_Entities: Job-VSVGMD(IterationCount=10, WarmupCount=3) [Count=1000]
//   ActionEcsBenchmark.ECS_System_Many_Entities: Job-VSVGMD(IterationCount=10, WarmupCount=3) [Count=1000]

// **************************
// Benchmark: ActionEcsBenchmark.Dispatcher_Many_Entities: Job-VSVGMD(IterationCount=10, WarmupCount=3) [Count=100]
// *** Execute ***
// Launch: 1 / 1
// Execute: dotnet bb6da32b-a96c-4c3a-b30f-ce82b60a36cb.dll --anonymousPipes 127 128 --benchmarkName "Deterministic.GameFramework.Benchmarks.ActionEcsBenchmark.Dispatcher_Many_Entities(Count: 100)" --job "IterationCount=10, WarmupCount=3" --benchmarkId 2 in /Users/a1/Documents/GitHub/PizzaJam2026/Server/Framework/Benchmarks/Deterministic.GameFramework.ECS.Benchmarks/bin/Release/net8.0/bb6da32b-a96c-4c3a-b30f-ce82b60a36cb/bin/Release/net8.0
// Failed to set up high priority (Permission denied). In order to run benchmarks with high priority, make sure you have the right permissions.
// BeforeAnythingElse

// Benchmark Process Environment Information:
// BenchmarkDotNet v0.13.12
// Runtime=.NET 8.0.19 (8.0.1925.36514), Arm64 RyuJIT AdvSIMD
// GC=Concurrent Workstation
// HardwareIntrinsics=AdvSIMD,AES,CRC32,DP,RDM,SHA1,SHA256 VectorSize=128
// Job: Job-JLHKDZ(IterationCount=10, WarmupCount=3)

[ComponentId] Registered BenchmarkAction -> Local(0) Stable(Stable(00000000-0000-0000-0000-000000000008))
[ComponentId] Registered BenchmarkComponent -> Local(1) Stable(Stable(00000000-0000-0000-0000-000000000005))
[ComponentId] Registered BenchmarkActionComponent -> Local(2) Stable(Stable(00000000-0000-0000-0000-000000000007))
[ComponentId] Registered TransformComponent -> Local(3) Stable(Stable(00000000-0000-0000-0000-000000000001))
[ComponentId] Registered VelocityComponent -> Local(4) Stable(Stable(00000000-0000-0000-0000-000000000002))
[ComponentId] Registered SerTransformComponent -> Local(5) Stable(Stable(00000000-0000-0000-0000-000000000003))
[ComponentId] Registered SerVelocityComponent -> Local(6) Stable(Stable(00000000-0000-0000-0000-000000000004))
[ComponentId] Registered World -> Local(7) Stable(Stable(00000000-0000-0000-0000-000072b3622d))
OverheadJitting  1: 1 op, 172583.00 ns, 172.5830 us/op

System.Reflection.TargetInvocationException: Exception has been thrown by the target of an invocation.
 ---> System.InvalidOperationException: ActionDispatcher must be set before running systems.
   at Deterministic.GameFramework.DAR.Dispatcher.<>c__16`2.<RegisterAction>b__16_5(SystemContext`2 ctxState, Entity entity, TAction& action, TTarget& target) in /Users/a1/Documents/GitHub/PizzaJam2026/Server/Framework/Core/Deterministic.GameFramework.DAR/Domain/Dispatcher.cs:line 211
   at Deterministic.GameFramework.ECS.EntityWorld.ForEach[T1,T2,TState](TState state, ComponentActionEntity2`3 action) in /Users/a1/Documents/GitHub/PizzaJam2026/Server/Framework/Core/Deterministic.GameFramework.ECS/Entity/State/EntityWorld.cs:line 384
   at Deterministic.GameFramework.DAR.Dispatcher.<>c__DisplayClass16_0`2.<RegisterAction>g__SystemRunner|6(EntityWorld state) in /Users/a1/Documents/GitHub/PizzaJam2026/Server/Framework/Core/Deterministic.GameFramework.DAR/Domain/Dispatcher.cs:line 244
   at Deterministic.GameFramework.DAR.Dispatcher.Update(EntityWorld state) in /Users/a1/Documents/GitHub/PizzaJam2026/Server/Framework/Core/Deterministic.GameFramework.DAR/Domain/Dispatcher.cs:line 342
   at Deterministic.GameFramework.Benchmarks.ActionEcsBenchmark.Dispatcher_Many_Entities() in /Users/a1/Documents/GitHub/PizzaJam2026/Server/Framework/Benchmarks/Deterministic.GameFramework.ECS.Benchmarks/ActionEcsBenchmark.cs:line 57
   at BenchmarkDotNet.Autogenerated.Runnable_2.WorkloadActionNoUnroll(Int64 invokeCount) in /Users/a1/Documents/GitHub/PizzaJam2026/Server/Framework/Benchmarks/Deterministic.GameFramework.ECS.Benchmarks/bin/Release/net8.0/bb6da32b-a96c-4c3a-b30f-ce82b60a36cb/bb6da32b-a96c-4c3a-b30f-ce82b60a36cb.notcs:line 703
   at BenchmarkDotNet.Engines.Engine.RunIteration(IterationData data)
   at BenchmarkDotNet.Engines.EngineFactory.Jit(Engine engine, Int32 jitIndex, Int32 invokeCount, Int32 unrollFactor)
   at BenchmarkDotNet.Engines.EngineFactory.CreateReadyToRun(EngineParameters engineParameters)
   at BenchmarkDotNet.Autogenerated.Runnable_2.Run(IHost host, String benchmarkName) in /Users/a1/Documents/GitHub/PizzaJam2026/Server/Framework/Benchmarks/Deterministic.GameFramework.ECS.Benchmarks/bin/Release/net8.0/bb6da32b-a96c-4c3a-b30f-ce82b60a36cb/bb6da32b-a96c-4c3a-b30f-ce82b60a36cb.notcs:line 568
   at System.RuntimeMethodHandle.InvokeMethod(Object target, Void** arguments, Signature sig, Boolean isConstructor)
   at System.Reflection.MethodBaseInvoker.InvokeDirectByRefWithFewArgs(Object obj, Span`1 copyOfArgs, BindingFlags invokeAttr)
   --- End of inner exception stack trace ---
   at System.Reflection.MethodBaseInvoker.InvokeDirectByRefWithFewArgs(Object obj, Span`1 copyOfArgs, BindingFlags invokeAttr)
   at System.Reflection.MethodBaseInvoker.InvokeWithFewArgs(Object obj, BindingFlags invokeAttr, Binder binder, Object[] parameters, CultureInfo culture)
   at BenchmarkDotNet.Autogenerated.UniqueProgramName.AfterAssemblyLoadingAttached(String[] args) in /Users/a1/Documents/GitHub/PizzaJam2026/Server/Framework/Benchmarks/Deterministic.GameFramework.ECS.Benchmarks/bin/Release/net8.0/bb6da32b-a96c-4c3a-b30f-ce82b60a36cb/bb6da32b-a96c-4c3a-b30f-ce82b60a36cb.notcs:line 57
// AfterAll
No Workload Results were obtained from the run.
// Benchmark Process 66956 has exited with code 255.

// ** Remained 11 (78,6 %) benchmark(s) to run. Estimated finish 2026-03-25 18:16 (0h 1m from now) **
// **************************
// Benchmark: ActionEcsBenchmark.ECS_System_Many_Entities: Job-VSVGMD(IterationCount=10, WarmupCount=3) [Count=100]
// *** Execute ***
// Launch: 1 / 1
// Execute: dotnet bb6da32b-a96c-4c3a-b30f-ce82b60a36cb.dll --anonymousPipes 120 125 --benchmarkName "Deterministic.GameFramework.Benchmarks.ActionEcsBenchmark.ECS_System_Many_Entities(Count: 100)" --job "IterationCount=10, WarmupCount=3" --benchmarkId 3 in /Users/a1/Documents/GitHub/PizzaJam2026/Server/Framework/Benchmarks/Deterministic.GameFramework.ECS.Benchmarks/bin/Release/net8.0/bb6da32b-a96c-4c3a-b30f-ce82b60a36cb/bin/Release/net8.0
// Failed to set up high priority (Permission denied). In order to run benchmarks with high priority, make sure you have the right permissions.
// BeforeAnythingElse

// Benchmark Process Environment Information:
// BenchmarkDotNet v0.13.12
// Runtime=.NET 8.0.19 (8.0.1925.36514), Arm64 RyuJIT AdvSIMD
// GC=Concurrent Workstation
// HardwareIntrinsics=AdvSIMD,AES,CRC32,DP,RDM,SHA1,SHA256 VectorSize=128
// Job: Job-TINJCC(IterationCount=10, WarmupCount=3)

[ComponentId] Registered BenchmarkAction -> Local(0) Stable(Stable(00000000-0000-0000-0000-000000000008))
[ComponentId] Registered BenchmarkComponent -> Local(1) Stable(Stable(00000000-0000-0000-0000-000000000005))
[ComponentId] Registered BenchmarkActionComponent -> Local(2) Stable(Stable(00000000-0000-0000-0000-000000000007))
[ComponentId] Registered TransformComponent -> Local(3) Stable(Stable(00000000-0000-0000-0000-000000000001))
[ComponentId] Registered VelocityComponent -> Local(4) Stable(Stable(00000000-0000-0000-0000-000000000002))
[ComponentId] Registered SerTransformComponent -> Local(5) Stable(Stable(00000000-0000-0000-0000-000000000003))
[ComponentId] Registered SerVelocityComponent -> Local(6) Stable(Stable(00000000-0000-0000-0000-000000000004))
[ComponentId] Registered World -> Local(7) Stable(Stable(00000000-0000-0000-0000-000072b3622d))
OverheadJitting  1: 1 op, 1078166.00 ns, 1.0782 ms/op
WorkloadJitting  1: 1 op, 1287583.00 ns, 1.2876 ms/op

OverheadJitting  2: 16 op, 191250.00 ns, 11.9531 us/op
WorkloadJitting  2: 16 op, 306583.00 ns, 19.1614 us/op

WorkloadPilot    1: 16 op, 163375.00 ns, 10.2109 us/op
WorkloadPilot    2: 32 op, 389458.00 ns, 12.1706 us/op
WorkloadPilot    3: 64 op, 869292.00 ns, 13.5827 us/op
WorkloadPilot    4: 128 op, 1595833.00 ns, 12.4674 us/op
WorkloadPilot    5: 256 op, 2856958.00 ns, 11.1600 us/op
WorkloadPilot    6: 512 op, 5442958.00 ns, 10.6308 us/op
WorkloadPilot    7: 1024 op, 10670417.00 ns, 10.4203 us/op
WorkloadPilot    8: 2048 op, 20651583.00 ns, 10.0838 us/op
WorkloadPilot    9: 4096 op, 41517583.00 ns, 10.1361 us/op
WorkloadPilot   10: 8192 op, 34141792.00 ns, 4.1677 us/op
WorkloadPilot   11: 16384 op, 26216916.00 ns, 1.6002 us/op
WorkloadPilot   12: 32768 op, 52214250.00 ns, 1.5935 us/op
WorkloadPilot   13: 65536 op, 104091958.00 ns, 1.5883 us/op
WorkloadPilot   14: 131072 op, 207778375.00 ns, 1.5852 us/op
WorkloadPilot   15: 262144 op, 412983541.00 ns, 1.5754 us/op
WorkloadPilot   16: 524288 op, 795180416.00 ns, 1.5167 us/op

OverheadWarmup   1: 524288 op, 1564250.00 ns, 2.9836 ns/op
OverheadWarmup   2: 524288 op, 1575458.00 ns, 3.0049 ns/op
OverheadWarmup   3: 524288 op, 1569958.00 ns, 2.9945 ns/op
OverheadWarmup   4: 524288 op, 1559708.00 ns, 2.9749 ns/op
OverheadWarmup   5: 524288 op, 1562750.00 ns, 2.9807 ns/op
OverheadWarmup   6: 524288 op, 1572875.00 ns, 3.0000 ns/op
OverheadWarmup   7: 524288 op, 1603250.00 ns, 3.0580 ns/op
OverheadWarmup   8: 524288 op, 1562167.00 ns, 2.9796 ns/op

OverheadActual   1: 524288 op, 1552167.00 ns, 2.9605 ns/op
OverheadActual   2: 524288 op, 1556875.00 ns, 2.9695 ns/op
OverheadActual   3: 524288 op, 1769625.00 ns, 3.3753 ns/op
OverheadActual   4: 524288 op, 1739334.00 ns, 3.3175 ns/op
OverheadActual   5: 524288 op, 1653417.00 ns, 3.1536 ns/op
OverheadActual   6: 524288 op, 1602834.00 ns, 3.0572 ns/op
OverheadActual   7: 524288 op, 1800792.00 ns, 3.4347 ns/op
OverheadActual   8: 524288 op, 1574500.00 ns, 3.0031 ns/op
OverheadActual   9: 524288 op, 1564875.00 ns, 2.9848 ns/op
OverheadActual  10: 524288 op, 1605750.00 ns, 3.0627 ns/op
OverheadActual  11: 524288 op, 1616958.00 ns, 3.0841 ns/op
OverheadActual  12: 524288 op, 1588167.00 ns, 3.0292 ns/op
OverheadActual  13: 524288 op, 1593667.00 ns, 3.0397 ns/op
OverheadActual  14: 524288 op, 1570709.00 ns, 2.9959 ns/op
OverheadActual  15: 524288 op, 1584959.00 ns, 3.0231 ns/op

WorkloadWarmup   1: 524288 op, 950648250.00 ns, 1.8132 us/op
WorkloadWarmup   2: 524288 op, 768859917.00 ns, 1.4665 us/op
WorkloadWarmup   3: 524288 op, 764985416.00 ns, 1.4591 us/op

// BeforeActualRun
WorkloadActual   1: 524288 op, 765497583.00 ns, 1.4601 us/op
WorkloadActual   2: 524288 op, 817920834.00 ns, 1.5601 us/op
WorkloadActual   3: 524288 op, 833242083.00 ns, 1.5893 us/op
WorkloadActual   4: 524288 op, 788071584.00 ns, 1.5031 us/op
WorkloadActual   5: 524288 op, 765069584.00 ns, 1.4593 us/op
WorkloadActual   6: 524288 op, 797731834.00 ns, 1.5216 us/op
WorkloadActual   7: 524288 op, 758986708.00 ns, 1.4477 us/op
WorkloadActual   8: 524288 op, 734795500.00 ns, 1.4015 us/op
WorkloadActual   9: 524288 op, 753221166.00 ns, 1.4367 us/op
WorkloadActual  10: 524288 op, 764782000.00 ns, 1.4587 us/op

// AfterActualRun
WorkloadResult   1: 524288 op, 763903916.00 ns, 1.4570 us/op
WorkloadResult   2: 524288 op, 816327167.00 ns, 1.5570 us/op
WorkloadResult   3: 524288 op, 831648416.00 ns, 1.5862 us/op
WorkloadResult   4: 524288 op, 786477917.00 ns, 1.5001 us/op
WorkloadResult   5: 524288 op, 763475917.00 ns, 1.4562 us/op
WorkloadResult   6: 524288 op, 796138167.00 ns, 1.5185 us/op
WorkloadResult   7: 524288 op, 757393041.00 ns, 1.4446 us/op
WorkloadResult   8: 524288 op, 733201833.00 ns, 1.3985 us/op
WorkloadResult   9: 524288 op, 751627499.00 ns, 1.4336 us/op
WorkloadResult  10: 524288 op, 763188333.00 ns, 1.4557 us/op
// GC:  0 0 0 736 524288
// Threading:  0 0 524288

// AfterAll
// Benchmark Process 66963 has exited with code 0.

Mean = 1.481 μs, StdErr = 0.019 μs (1.25%), N = 10, StdDev = 0.059 μs
Min = 1.398 μs, Q1 = 1.447 μs, Median = 1.457 μs, Q3 = 1.514 μs, Max = 1.586 μs
IQR = 0.067 μs, LowerFence = 1.348 μs, UpperFence = 1.614 μs
ConfidenceInterval = [1.392 μs; 1.569 μs] (CI 99.9%), Margin = 0.088 μs (5.98% of Mean)
Skewness = 0.46, Kurtosis = 1.82, MValue = 3

// ** Remained 10 (71,4 %) benchmark(s) to run. Estimated finish 2026-03-25 18:17 (0h 1m from now) **
// **************************
// Benchmark: ActionEcsBenchmark.Dispatcher_Many_Entities: Job-VSVGMD(IterationCount=10, WarmupCount=3) [Count=1000]
// *** Execute ***
// Launch: 1 / 1
// Execute: dotnet bb6da32b-a96c-4c3a-b30f-ce82b60a36cb.dll --anonymousPipes 120 125 --benchmarkName "Deterministic.GameFramework.Benchmarks.ActionEcsBenchmark.Dispatcher_Many_Entities(Count: 1000)" --job "IterationCount=10, WarmupCount=3" --benchmarkId 4 in /Users/a1/Documents/GitHub/PizzaJam2026/Server/Framework/Benchmarks/Deterministic.GameFramework.ECS.Benchmarks/bin/Release/net8.0/bb6da32b-a96c-4c3a-b30f-ce82b60a36cb/bin/Release/net8.0
// Failed to set up high priority (Permission denied). In order to run benchmarks with high priority, make sure you have the right permissions.
// BeforeAnythingElse

// Benchmark Process Environment Information:
// BenchmarkDotNet v0.13.12
// Runtime=.NET 8.0.19 (8.0.1925.36514), Arm64 RyuJIT AdvSIMD
// GC=Concurrent Workstation
// HardwareIntrinsics=AdvSIMD,AES,CRC32,DP,RDM,SHA1,SHA256 VectorSize=128
// Job: Job-SYQOQT(IterationCount=10, WarmupCount=3)

[ComponentId] Registered BenchmarkAction -> Local(0) Stable(Stable(00000000-0000-0000-0000-000000000008))
[ComponentId] Registered BenchmarkComponent -> Local(1) Stable(Stable(00000000-0000-0000-0000-000000000005))
[ComponentId] Registered BenchmarkActionComponent -> Local(2) Stable(Stable(00000000-0000-0000-0000-000000000007))
[ComponentId] Registered TransformComponent -> Local(3) Stable(Stable(00000000-0000-0000-0000-000000000001))
[ComponentId] Registered VelocityComponent -> Local(4) Stable(Stable(00000000-0000-0000-0000-000000000002))
[ComponentId] Registered SerTransformComponent -> Local(5) Stable(Stable(00000000-0000-0000-0000-000000000003))
[ComponentId] Registered SerVelocityComponent -> Local(6) Stable(Stable(00000000-0000-0000-0000-000000000004))
[ComponentId] Registered World -> Local(7) Stable(Stable(00000000-0000-0000-0000-000072b3622d))
OverheadJitting  1: 1 op, 164292.00 ns, 164.2920 us/op

System.Reflection.TargetInvocationException: Exception has been thrown by the target of an invocation.
 ---> System.InvalidOperationException: ActionDispatcher must be set before running systems.
   at Deterministic.GameFramework.DAR.Dispatcher.<>c__16`2.<RegisterAction>b__16_5(SystemContext`2 ctxState, Entity entity, TAction& action, TTarget& target) in /Users/a1/Documents/GitHub/PizzaJam2026/Server/Framework/Core/Deterministic.GameFramework.DAR/Domain/Dispatcher.cs:line 211
   at Deterministic.GameFramework.ECS.EntityWorld.ForEach[T1,T2,TState](TState state, ComponentActionEntity2`3 action) in /Users/a1/Documents/GitHub/PizzaJam2026/Server/Framework/Core/Deterministic.GameFramework.ECS/Entity/State/EntityWorld.cs:line 384
   at Deterministic.GameFramework.DAR.Dispatcher.<>c__DisplayClass16_0`2.<RegisterAction>g__SystemRunner|6(EntityWorld state) in /Users/a1/Documents/GitHub/PizzaJam2026/Server/Framework/Core/Deterministic.GameFramework.DAR/Domain/Dispatcher.cs:line 244
   at Deterministic.GameFramework.DAR.Dispatcher.Update(EntityWorld state) in /Users/a1/Documents/GitHub/PizzaJam2026/Server/Framework/Core/Deterministic.GameFramework.DAR/Domain/Dispatcher.cs:line 342
   at Deterministic.GameFramework.Benchmarks.ActionEcsBenchmark.Dispatcher_Many_Entities() in /Users/a1/Documents/GitHub/PizzaJam2026/Server/Framework/Benchmarks/Deterministic.GameFramework.ECS.Benchmarks/ActionEcsBenchmark.cs:line 57
   at BenchmarkDotNet.Autogenerated.Runnable_4.WorkloadActionNoUnroll(Int64 invokeCount) in /Users/a1/Documents/GitHub/PizzaJam2026/Server/Framework/Benchmarks/Deterministic.GameFramework.ECS.Benchmarks/bin/Release/net8.0/bb6da32b-a96c-4c3a-b30f-ce82b60a36cb/bb6da32b-a96c-4c3a-b30f-ce82b60a36cb.notcs:line 1089
   at BenchmarkDotNet.Engines.Engine.RunIteration(IterationData data)
   at BenchmarkDotNet.Engines.EngineFactory.Jit(Engine engine, Int32 jitIndex, Int32 invokeCount, Int32 unrollFactor)
   at BenchmarkDotNet.Engines.EngineFactory.CreateReadyToRun(EngineParameters engineParameters)
   at BenchmarkDotNet.Autogenerated.Runnable_4.Run(IHost host, String benchmarkName) in /Users/a1/Documents/GitHub/PizzaJam2026/Server/Framework/Benchmarks/Deterministic.GameFramework.ECS.Benchmarks/bin/Release/net8.0/bb6da32b-a96c-4c3a-b30f-ce82b60a36cb/bb6da32b-a96c-4c3a-b30f-ce82b60a36cb.notcs:line 954
   at System.RuntimeMethodHandle.InvokeMethod(Object target, Void** arguments, Signature sig, Boolean isConstructor)
   at System.Reflection.MethodBaseInvoker.InvokeDirectByRefWithFewArgs(Object obj, Span`1 copyOfArgs, BindingFlags invokeAttr)
   --- End of inner exception stack trace ---
   at System.Reflection.MethodBaseInvoker.InvokeDirectByRefWithFewArgs(Object obj, Span`1 copyOfArgs, BindingFlags invokeAttr)
   at System.Reflection.MethodBaseInvoker.InvokeWithFewArgs(Object obj, BindingFlags invokeAttr, Binder binder, Object[] parameters, CultureInfo culture)
   at BenchmarkDotNet.Autogenerated.UniqueProgramName.AfterAssemblyLoadingAttached(String[] args) in /Users/a1/Documents/GitHub/PizzaJam2026/Server/Framework/Benchmarks/Deterministic.GameFramework.ECS.Benchmarks/bin/Release/net8.0/bb6da32b-a96c-4c3a-b30f-ce82b60a36cb/bb6da32b-a96c-4c3a-b30f-ce82b60a36cb.notcs:line 57
// AfterAll
No Workload Results were obtained from the run.
// Benchmark Process 66988 has exited with code 255.

// ** Remained 9 (64,3 %) benchmark(s) to run. Estimated finish 2026-03-25 18:16 (0h 1m from now) **
// **************************
// Benchmark: ActionEcsBenchmark.ECS_System_Many_Entities: Job-VSVGMD(IterationCount=10, WarmupCount=3) [Count=1000]
// *** Execute ***
// Launch: 1 / 1
// Execute: dotnet bb6da32b-a96c-4c3a-b30f-ce82b60a36cb.dll --anonymousPipes 120 125 --benchmarkName "Deterministic.GameFramework.Benchmarks.ActionEcsBenchmark.ECS_System_Many_Entities(Count: 1000)" --job "IterationCount=10, WarmupCount=3" --benchmarkId 5 in /Users/a1/Documents/GitHub/PizzaJam2026/Server/Framework/Benchmarks/Deterministic.GameFramework.ECS.Benchmarks/bin/Release/net8.0/bb6da32b-a96c-4c3a-b30f-ce82b60a36cb/bin/Release/net8.0
// Failed to set up high priority (Permission denied). In order to run benchmarks with high priority, make sure you have the right permissions.
// BeforeAnythingElse

// Benchmark Process Environment Information:
// BenchmarkDotNet v0.13.12
// Runtime=.NET 8.0.19 (8.0.1925.36514), Arm64 RyuJIT AdvSIMD
// GC=Concurrent Workstation
// HardwareIntrinsics=AdvSIMD,AES,CRC32,DP,RDM,SHA1,SHA256 VectorSize=128
// Job: Job-INKGHK(IterationCount=10, WarmupCount=3)

[ComponentId] Registered BenchmarkAction -> Local(0) Stable(Stable(00000000-0000-0000-0000-000000000008))
[ComponentId] Registered BenchmarkComponent -> Local(1) Stable(Stable(00000000-0000-0000-0000-000000000005))
[ComponentId] Registered BenchmarkActionComponent -> Local(2) Stable(Stable(00000000-0000-0000-0000-000000000007))
[ComponentId] Registered TransformComponent -> Local(3) Stable(Stable(00000000-0000-0000-0000-000000000001))
[ComponentId] Registered VelocityComponent -> Local(4) Stable(Stable(00000000-0000-0000-0000-000000000002))
[ComponentId] Registered SerTransformComponent -> Local(5) Stable(Stable(00000000-0000-0000-0000-000000000003))
[ComponentId] Registered SerVelocityComponent -> Local(6) Stable(Stable(00000000-0000-0000-0000-000000000004))
[ComponentId] Registered World -> Local(7) Stable(Stable(00000000-0000-0000-0000-000072b3622d))
OverheadJitting  1: 1 op, 151708.00 ns, 151.7080 us/op
WorkloadJitting  1: 1 op, 1159625.00 ns, 1.1596 ms/op

OverheadJitting  2: 16 op, 157833.00 ns, 9.8646 us/op
WorkloadJitting  2: 16 op, 6239750.00 ns, 389.9844 us/op

WorkloadPilot    1: 16 op, 1463041.00 ns, 91.4401 us/op
WorkloadPilot    2: 32 op, 2755875.00 ns, 86.1211 us/op
WorkloadPilot    3: 64 op, 5193583.00 ns, 81.1497 us/op
WorkloadPilot    4: 128 op, 10177417.00 ns, 79.5111 us/op
WorkloadPilot    5: 256 op, 21019083.00 ns, 82.1058 us/op
WorkloadPilot    6: 512 op, 40472833.00 ns, 79.0485 us/op
WorkloadPilot    7: 1024 op, 42534750.00 ns, 41.5378 us/op
WorkloadPilot    8: 2048 op, 27766625.00 ns, 13.5579 us/op
WorkloadPilot    9: 4096 op, 54988125.00 ns, 13.4248 us/op
WorkloadPilot   10: 8192 op, 110095958.00 ns, 13.4394 us/op
WorkloadPilot   11: 16384 op, 214987750.00 ns, 13.1218 us/op
WorkloadPilot   12: 32768 op, 444374333.00 ns, 13.5612 us/op
WorkloadPilot   13: 65536 op, 1031124291.00 ns, 15.7337 us/op

OverheadWarmup   1: 65536 op, 220125.00 ns, 3.3588 ns/op
OverheadWarmup   2: 65536 op, 219209.00 ns, 3.3449 ns/op
OverheadWarmup   3: 65536 op, 220791.00 ns, 3.3690 ns/op
OverheadWarmup   4: 65536 op, 219584.00 ns, 3.3506 ns/op
OverheadWarmup   5: 65536 op, 221333.00 ns, 3.3773 ns/op
OverheadWarmup   6: 65536 op, 220917.00 ns, 3.3709 ns/op

OverheadActual   1: 65536 op, 217625.00 ns, 3.3207 ns/op
OverheadActual   2: 65536 op, 237500.00 ns, 3.6240 ns/op
OverheadActual   3: 65536 op, 219583.00 ns, 3.3506 ns/op
OverheadActual   4: 65536 op, 219458.00 ns, 3.3487 ns/op
OverheadActual   5: 65536 op, 217709.00 ns, 3.3220 ns/op
OverheadActual   6: 65536 op, 227084.00 ns, 3.4650 ns/op
OverheadActual   7: 65536 op, 217792.00 ns, 3.3232 ns/op
OverheadActual   8: 65536 op, 219792.00 ns, 3.3538 ns/op
OverheadActual   9: 65536 op, 220834.00 ns, 3.3697 ns/op
OverheadActual  10: 65536 op, 221500.00 ns, 3.3798 ns/op
OverheadActual  11: 65536 op, 228000.00 ns, 3.4790 ns/op
OverheadActual  12: 65536 op, 217333.00 ns, 3.3162 ns/op
OverheadActual  13: 65536 op, 226041.00 ns, 3.4491 ns/op
OverheadActual  14: 65536 op, 224500.00 ns, 3.4256 ns/op
OverheadActual  15: 65536 op, 221083.00 ns, 3.3735 ns/op

WorkloadWarmup   1: 65536 op, 926476792.00 ns, 14.1369 us/op
WorkloadWarmup   2: 65536 op, 893553667.00 ns, 13.6345 us/op
WorkloadWarmup   3: 65536 op, 895301833.00 ns, 13.6612 us/op

// BeforeActualRun
WorkloadActual   1: 65536 op, 884623958.00 ns, 13.4983 us/op
WorkloadActual   2: 65536 op, 823907458.00 ns, 12.5718 us/op
WorkloadActual   3: 65536 op, 838245583.00 ns, 12.7906 us/op
WorkloadActual   4: 65536 op, 845829458.00 ns, 12.9063 us/op
WorkloadActual   5: 65536 op, 820584625.00 ns, 12.5211 us/op
WorkloadActual   6: 65536 op, 821291000.00 ns, 12.5319 us/op
WorkloadActual   7: 65536 op, 824706458.00 ns, 12.5840 us/op
WorkloadActual   8: 65536 op, 822249125.00 ns, 12.5465 us/op
WorkloadActual   9: 65536 op, 867943000.00 ns, 13.2438 us/op
WorkloadActual  10: 65536 op, 923553291.00 ns, 14.0923 us/op

// AfterActualRun
WorkloadResult   1: 65536 op, 884403124.00 ns, 13.4949 us/op
WorkloadResult   2: 65536 op, 823686624.00 ns, 12.5685 us/op
WorkloadResult   3: 65536 op, 838024749.00 ns, 12.7872 us/op
WorkloadResult   4: 65536 op, 845608624.00 ns, 12.9030 us/op
WorkloadResult   5: 65536 op, 820363791.00 ns, 12.5178 us/op
WorkloadResult   6: 65536 op, 821070166.00 ns, 12.5285 us/op
WorkloadResult   7: 65536 op, 824485624.00 ns, 12.5807 us/op
WorkloadResult   8: 65536 op, 822028291.00 ns, 12.5432 us/op
WorkloadResult   9: 65536 op, 867722166.00 ns, 13.2404 us/op
// GC:  0 0 0 736 65536
// Threading:  0 0 65536

// AfterAll
// Benchmark Process 66989 has exited with code 0.

Mean = 12.796 μs, StdErr = 0.118 μs (0.92%), N = 9, StdDev = 0.355 μs
Min = 12.518 μs, Q1 = 12.543 μs, Median = 12.581 μs, Q3 = 12.903 μs, Max = 13.495 μs
IQR = 0.360 μs, LowerFence = 12.003 μs, UpperFence = 13.443 μs
ConfidenceInterval = [12.199 μs; 13.393 μs] (CI 99.9%), Margin = 0.597 μs (4.66% of Mean)
Skewness = 0.87, Kurtosis = 2.08, MValue = 2

// ** Remained 8 (57,1 %) benchmark(s) to run. Estimated finish 2026-03-25 18:16 (0h 1m from now) **
// ***** BenchmarkRunner: Finish  *****

// * Export *
  BenchmarkDotNet.Artifacts/results/Deterministic.GameFramework.Benchmarks.ActionEcsBenchmark-report.csv
  BenchmarkDotNet.Artifacts/results/Deterministic.GameFramework.Benchmarks.ActionEcsBenchmark-report-github.md
  BenchmarkDotNet.Artifacts/results/Deterministic.GameFramework.Benchmarks.ActionEcsBenchmark-report.html

// * Detailed results *
ActionEcsBenchmark.Dispatcher_Many_Entities: Job-VSVGMD(IterationCount=10, WarmupCount=3) [Count=100]
Runtime = .NET 8.0.19 (8.0.1925.36514), Arm64 RyuJIT AdvSIMD; GC = Concurrent Workstation
There are not any results runs

ActionEcsBenchmark.ECS_System_Many_Entities: Job-VSVGMD(IterationCount=10, WarmupCount=3) [Count=100]
Runtime = .NET 8.0.19 (8.0.1925.36514), Arm64 RyuJIT AdvSIMD; GC = Concurrent Workstation
Mean = 1.481 μs, StdErr = 0.019 μs (1.25%), N = 10, StdDev = 0.059 μs
Min = 1.398 μs, Q1 = 1.447 μs, Median = 1.457 μs, Q3 = 1.514 μs, Max = 1.586 μs
IQR = 0.067 μs, LowerFence = 1.348 μs, UpperFence = 1.614 μs
ConfidenceInterval = [1.392 μs; 1.569 μs] (CI 99.9%), Margin = 0.088 μs (5.98% of Mean)
Skewness = 0.46, Kurtosis = 1.82, MValue = 3
-------------------- Histogram --------------------
[1.392 μs ; 1.463 μs) | @@@@@@
[1.463 μs ; 1.493 μs) | 
[1.493 μs ; 1.564 μs) | @@@
[1.564 μs ; 1.622 μs) | @
---------------------------------------------------

ActionEcsBenchmark.Dispatcher_Many_Entities: Job-VSVGMD(IterationCount=10, WarmupCount=3) [Count=1000]
Runtime = .NET 8.0.19 (8.0.1925.36514), Arm64 RyuJIT AdvSIMD; GC = Concurrent Workstation
There are not any results runs

ActionEcsBenchmark.ECS_System_Many_Entities: Job-VSVGMD(IterationCount=10, WarmupCount=3) [Count=1000]
Runtime = .NET 8.0.19 (8.0.1925.36514), Arm64 RyuJIT AdvSIMD; GC = Concurrent Workstation
Mean = 12.796 μs, StdErr = 0.118 μs (0.92%), N = 9, StdDev = 0.355 μs
Min = 12.518 μs, Q1 = 12.543 μs, Median = 12.581 μs, Q3 = 12.903 μs, Max = 13.495 μs
IQR = 0.360 μs, LowerFence = 12.003 μs, UpperFence = 13.443 μs
ConfidenceInterval = [12.199 μs; 13.393 μs] (CI 99.9%), Margin = 0.597 μs (4.66% of Mean)
Skewness = 0.87, Kurtosis = 2.08, MValue = 2
-------------------- Histogram --------------------
[12.486 μs ; 12.934 μs) | @@@@@@@
[12.934 μs ; 13.592 μs) | @@
---------------------------------------------------

// * Summary *

BenchmarkDotNet v0.13.12, macOS 26.3 (25D125) [Darwin 25.3.0]
Apple M2 Pro, 1 CPU, 10 logical and 10 physical cores
.NET SDK 10.0.105
  [Host]     : .NET 8.0.19 (8.0.1925.36514), Arm64 RyuJIT AdvSIMD
  Job-VSVGMD : .NET 8.0.19 (8.0.1925.36514), Arm64 RyuJIT AdvSIMD

IterationCount=10  WarmupCount=3  

| Method                   | Count | Mean      | Error     | StdDev    | Ratio | RatioSD | Allocated | Alloc Ratio |
|------------------------- |------ |----------:|----------:|----------:|------:|--------:|----------:|------------:|
| Dispatcher_Many_Entities | 100   |        NA |        NA |        NA |     ? |       ? |        NA |           ? |
| ECS_System_Many_Entities | 100   |  1.481 μs | 0.0885 μs | 0.0585 μs |     ? |       ? |         - |           ? |
|                          |       |           |           |           |       |         |           |             |
| Dispatcher_Many_Entities | 1000  |        NA |        NA |        NA |     ? |       ? |        NA |           ? |
| ECS_System_Many_Entities | 1000  | 12.796 μs | 0.5967 μs | 0.3551 μs |     ? |       ? |         - |           ? |

Benchmarks with issues:
  ActionEcsBenchmark.Dispatcher_Many_Entities: Job-VSVGMD(IterationCount=10, WarmupCount=3) [Count=100]
  ActionEcsBenchmark.Dispatcher_Many_Entities: Job-VSVGMD(IterationCount=10, WarmupCount=3) [Count=1000]

// * Warnings *
BaselineCustomAnalyzer
  Summary -> A question mark '?' symbol indicates that it was not possible to compute the (Ratio, RatioSD, Alloc Ratio) column(s) because the baseline value is too close to zero.

// * Hints *
Outliers
  ActionEcsBenchmark.ECS_System_Many_Entities: IterationCount=10, WarmupCount=3 -> 1 outlier  was  removed (14.09 μs)

// * Legends *
  Count       : Value of the 'Count' parameter
  Mean        : Arithmetic mean of all measurements
  Error       : Half of 99.9% confidence interval
  StdDev      : Standard deviation of all measurements
  Ratio       : Mean of the ratio distribution ([Current]/[Baseline])
  RatioSD     : Standard deviation of the ratio distribution ([Current]/[Baseline])
  Allocated   : Allocated memory per single operation (managed only, inclusive, 1KB = 1024B)
  Alloc Ratio : Allocated memory ratio distribution ([Current]/[Baseline])
  1 μs        : 1 Microsecond (0.000001 sec)

// * Diagnostic Output - MemoryDiagnoser *


// ***** BenchmarkRunner: End *****
Run time: 00:00:27 (27.69 sec), executed benchmarks: 4

// Found 2 benchmarks:
//   ECSBenchmark.ForEach_Struct_Ref: Job-VSVGMD(IterationCount=10, WarmupCount=3)
//   ECSBenchmark.Manual_Iteration: Job-VSVGMD(IterationCount=10, WarmupCount=3)

// **************************
// Benchmark: ECSBenchmark.ForEach_Struct_Ref: Job-VSVGMD(IterationCount=10, WarmupCount=3)
// *** Execute ***
// Launch: 1 / 1
// Execute: dotnet bb6da32b-a96c-4c3a-b30f-ce82b60a36cb.dll --anonymousPipes 120 125 --benchmarkName Deterministic.GameFramework.Benchmarks.ECSBenchmark.ForEach_Struct_Ref --job "IterationCount=10, WarmupCount=3" --benchmarkId 6 in /Users/a1/Documents/GitHub/PizzaJam2026/Server/Framework/Benchmarks/Deterministic.GameFramework.ECS.Benchmarks/bin/Release/net8.0/bb6da32b-a96c-4c3a-b30f-ce82b60a36cb/bin/Release/net8.0
// Failed to set up high priority (Permission denied). In order to run benchmarks with high priority, make sure you have the right permissions.
// BeforeAnythingElse

// Benchmark Process Environment Information:
// BenchmarkDotNet v0.13.12
// Runtime=.NET 8.0.19 (8.0.1925.36514), Arm64 RyuJIT AdvSIMD
// GC=Concurrent Workstation
// HardwareIntrinsics=AdvSIMD,AES,CRC32,DP,RDM,SHA1,SHA256 VectorSize=128
// Job: Job-OVNPSC(IterationCount=10, WarmupCount=3)

[ComponentId] Registered BenchmarkAction -> Local(0) Stable(Stable(00000000-0000-0000-0000-000000000008))
[ComponentId] Registered BenchmarkComponent -> Local(1) Stable(Stable(00000000-0000-0000-0000-000000000005))
[ComponentId] Registered BenchmarkActionComponent -> Local(2) Stable(Stable(00000000-0000-0000-0000-000000000007))
[ComponentId] Registered TransformComponent -> Local(3) Stable(Stable(00000000-0000-0000-0000-000000000001))
[ComponentId] Registered VelocityComponent -> Local(4) Stable(Stable(00000000-0000-0000-0000-000000000002))
[ComponentId] Registered SerTransformComponent -> Local(5) Stable(Stable(00000000-0000-0000-0000-000000000003))
[ComponentId] Registered SerVelocityComponent -> Local(6) Stable(Stable(00000000-0000-0000-0000-000000000004))
[ComponentId] Registered World -> Local(7) Stable(Stable(00000000-0000-0000-0000-000072b3622d))
OverheadJitting  1: 1 op, 154209.00 ns, 154.2090 us/op
WorkloadJitting  1: 1 op, 2539000.00 ns, 2.5390 ms/op

OverheadJitting  2: 16 op, 223916.00 ns, 13.9947 us/op
WorkloadJitting  2: 16 op, 8558000.00 ns, 534.8750 us/op

WorkloadPilot    1: 16 op, 8323666.00 ns, 520.2291 us/op
WorkloadPilot    2: 32 op, 16949042.00 ns, 529.6576 us/op
WorkloadPilot    3: 64 op, 33679917.00 ns, 526.2487 us/op
WorkloadPilot    4: 128 op, 66671709.00 ns, 520.8727 us/op
WorkloadPilot    5: 256 op, 119157666.00 ns, 465.4596 us/op
WorkloadPilot    6: 512 op, 225512666.00 ns, 440.4544 us/op
WorkloadPilot    7: 1024 op, 449821750.00 ns, 439.2791 us/op
WorkloadPilot    8: 2048 op, 1014777250.00 ns, 495.4967 us/op

OverheadWarmup   1: 2048 op, 8125.00 ns, 3.9673 ns/op
OverheadWarmup   2: 2048 op, 9084.00 ns, 4.4355 ns/op
OverheadWarmup   3: 2048 op, 6917.00 ns, 3.3774 ns/op
OverheadWarmup   4: 2048 op, 7458.00 ns, 3.6416 ns/op
OverheadWarmup   5: 2048 op, 7375.00 ns, 3.6011 ns/op

OverheadActual   1: 2048 op, 7792.00 ns, 3.8047 ns/op
OverheadActual   2: 2048 op, 7250.00 ns, 3.5400 ns/op
OverheadActual   3: 2048 op, 7042.00 ns, 3.4385 ns/op
OverheadActual   4: 2048 op, 7583.00 ns, 3.7026 ns/op
OverheadActual   5: 2048 op, 7042.00 ns, 3.4385 ns/op
OverheadActual   6: 2048 op, 7458.00 ns, 3.6416 ns/op
OverheadActual   7: 2048 op, 7083.00 ns, 3.4585 ns/op
OverheadActual   8: 2048 op, 7000.00 ns, 3.4180 ns/op
OverheadActual   9: 2048 op, 7292.00 ns, 3.5605 ns/op
OverheadActual  10: 2048 op, 6958.00 ns, 3.3975 ns/op
OverheadActual  11: 2048 op, 7542.00 ns, 3.6826 ns/op
OverheadActual  12: 2048 op, 7625.00 ns, 3.7231 ns/op
OverheadActual  13: 2048 op, 7250.00 ns, 3.5400 ns/op
OverheadActual  14: 2048 op, 7375.00 ns, 3.6011 ns/op
OverheadActual  15: 2048 op, 6917.00 ns, 3.3774 ns/op

WorkloadWarmup   1: 2048 op, 1055162125.00 ns, 515.2159 us/op
WorkloadWarmup   2: 2048 op, 1011385875.00 ns, 493.8408 us/op
WorkloadWarmup   3: 2048 op, 904839667.00 ns, 441.8162 us/op

// BeforeActualRun
WorkloadActual   1: 2048 op, 902714458.00 ns, 440.7785 us/op
WorkloadActual   2: 2048 op, 908802166.00 ns, 443.7511 us/op
WorkloadActual   3: 2048 op, 870464000.00 ns, 425.0312 us/op
WorkloadActual   4: 2048 op, 859460584.00 ns, 419.6585 us/op
WorkloadActual   5: 2048 op, 880081250.00 ns, 429.7272 us/op
WorkloadActual   6: 2048 op, 851552333.00 ns, 415.7970 us/op
WorkloadActual   7: 2048 op, 885807500.00 ns, 432.5232 us/op
WorkloadActual   8: 2048 op, 874686666.00 ns, 427.0931 us/op
WorkloadActual   9: 2048 op, 898502334.00 ns, 438.7218 us/op
WorkloadActual  10: 2048 op, 897313958.00 ns, 438.1416 us/op

// AfterActualRun
WorkloadResult   1: 2048 op, 902707208.00 ns, 440.7750 us/op
WorkloadResult   2: 2048 op, 908794916.00 ns, 443.7475 us/op
WorkloadResult   3: 2048 op, 870456750.00 ns, 425.0277 us/op
WorkloadResult   4: 2048 op, 859453334.00 ns, 419.6549 us/op
WorkloadResult   5: 2048 op, 880074000.00 ns, 429.7236 us/op
WorkloadResult   6: 2048 op, 851545083.00 ns, 415.7935 us/op
WorkloadResult   7: 2048 op, 885800250.00 ns, 432.5197 us/op
WorkloadResult   8: 2048 op, 874679416.00 ns, 427.0896 us/op
WorkloadResult   9: 2048 op, 898495084.00 ns, 438.7183 us/op
WorkloadResult  10: 2048 op, 897306708.00 ns, 438.1380 us/op
// GC:  0 0 0 736 2048
// Threading:  0 0 2048

// AfterAll
// Benchmark Process 67020 has exited with code 0.

Mean = 431.119 μs, StdErr = 2.950 μs (0.68%), N = 10, StdDev = 9.329 μs
Min = 415.793 μs, Q1 = 425.543 μs, Median = 431.122 μs, Q3 = 438.573 μs, Max = 443.748 μs
IQR = 13.030 μs, LowerFence = 405.998 μs, UpperFence = 458.118 μs
ConfidenceInterval = [417.015 μs; 445.223 μs] (CI 99.9%), Margin = 14.104 μs (3.27% of Mean)
Skewness = -0.21, Kurtosis = 1.5, MValue = 2

// ** Remained 7 (50,0 %) benchmark(s) to run. Estimated finish 2026-03-25 18:17 (0h 1m from now) **
// **************************
// Benchmark: ECSBenchmark.Manual_Iteration: Job-VSVGMD(IterationCount=10, WarmupCount=3)
// *** Execute ***
// Launch: 1 / 1
// Execute: dotnet bb6da32b-a96c-4c3a-b30f-ce82b60a36cb.dll --anonymousPipes 120 125 --benchmarkName Deterministic.GameFramework.Benchmarks.ECSBenchmark.Manual_Iteration --job "IterationCount=10, WarmupCount=3" --benchmarkId 7 in /Users/a1/Documents/GitHub/PizzaJam2026/Server/Framework/Benchmarks/Deterministic.GameFramework.ECS.Benchmarks/bin/Release/net8.0/bb6da32b-a96c-4c3a-b30f-ce82b60a36cb/bin/Release/net8.0
// Failed to set up high priority (Permission denied). In order to run benchmarks with high priority, make sure you have the right permissions.
// BeforeAnythingElse

// Benchmark Process Environment Information:
// BenchmarkDotNet v0.13.12
// Runtime=.NET 8.0.19 (8.0.1925.36514), Arm64 RyuJIT AdvSIMD
// GC=Concurrent Workstation
// HardwareIntrinsics=AdvSIMD,AES,CRC32,DP,RDM,SHA1,SHA256 VectorSize=128
// Job: Job-WPGLTB(IterationCount=10, WarmupCount=3)

[ComponentId] Registered BenchmarkAction -> Local(0) Stable(Stable(00000000-0000-0000-0000-000000000008))
[ComponentId] Registered BenchmarkComponent -> Local(1) Stable(Stable(00000000-0000-0000-0000-000000000005))
[ComponentId] Registered BenchmarkActionComponent -> Local(2) Stable(Stable(00000000-0000-0000-0000-000000000007))
[ComponentId] Registered TransformComponent -> Local(3) Stable(Stable(00000000-0000-0000-0000-000000000001))
[ComponentId] Registered VelocityComponent -> Local(4) Stable(Stable(00000000-0000-0000-0000-000000000002))
[ComponentId] Registered SerTransformComponent -> Local(5) Stable(Stable(00000000-0000-0000-0000-000000000003))
[ComponentId] Registered SerVelocityComponent -> Local(6) Stable(Stable(00000000-0000-0000-0000-000000000004))
[ComponentId] Registered World -> Local(7) Stable(Stable(00000000-0000-0000-0000-000072b3622d))
OverheadJitting  1: 1 op, 135625.00 ns, 135.6250 us/op
WorkloadJitting  1: 1 op, 2096875.00 ns, 2.0969 ms/op

OverheadJitting  2: 16 op, 156500.00 ns, 9.7812 us/op
WorkloadJitting  2: 16 op, 6080833.00 ns, 380.0521 us/op

WorkloadPilot    1: 16 op, 5983500.00 ns, 373.9688 us/op
WorkloadPilot    2: 32 op, 11882625.00 ns, 371.3320 us/op
WorkloadPilot    3: 64 op, 24481334.00 ns, 382.5208 us/op
WorkloadPilot    4: 128 op, 48151792.00 ns, 376.1859 us/op
WorkloadPilot    5: 256 op, 99981125.00 ns, 390.5513 us/op
WorkloadPilot    6: 512 op, 167165041.00 ns, 326.4942 us/op
WorkloadPilot    7: 1024 op, 317435833.00 ns, 309.9959 us/op
WorkloadPilot    8: 2048 op, 583170709.00 ns, 284.7513 us/op

OverheadWarmup   1: 2048 op, 6166.00 ns, 3.0107 ns/op
OverheadWarmup   2: 2048 op, 5125.00 ns, 2.5024 ns/op
OverheadWarmup   3: 2048 op, 5333.00 ns, 2.6040 ns/op
OverheadWarmup   4: 2048 op, 5375.00 ns, 2.6245 ns/op
OverheadWarmup   5: 2048 op, 5167.00 ns, 2.5229 ns/op
OverheadWarmup   6: 2048 op, 5125.00 ns, 2.5024 ns/op
OverheadWarmup   7: 2048 op, 5166.00 ns, 2.5225 ns/op
OverheadWarmup   8: 2048 op, 5083.00 ns, 2.4819 ns/op

OverheadActual   1: 2048 op, 5042.00 ns, 2.4619 ns/op
OverheadActual   2: 2048 op, 5125.00 ns, 2.5024 ns/op
OverheadActual   3: 2048 op, 5250.00 ns, 2.5635 ns/op
OverheadActual   4: 2048 op, 5084.00 ns, 2.4824 ns/op
OverheadActual   5: 2048 op, 5125.00 ns, 2.5024 ns/op
OverheadActual   6: 2048 op, 5125.00 ns, 2.5024 ns/op
OverheadActual   7: 2048 op, 4208.00 ns, 2.0547 ns/op
OverheadActual   8: 2048 op, 5083.00 ns, 2.4819 ns/op
OverheadActual   9: 2048 op, 5083.00 ns, 2.4819 ns/op
OverheadActual  10: 2048 op, 4250.00 ns, 2.0752 ns/op
OverheadActual  11: 2048 op, 5041.00 ns, 2.4614 ns/op
OverheadActual  12: 2048 op, 5125.00 ns, 2.5024 ns/op
OverheadActual  13: 2048 op, 5167.00 ns, 2.5229 ns/op
OverheadActual  14: 2048 op, 5166.00 ns, 2.5225 ns/op
OverheadActual  15: 2048 op, 5125.00 ns, 2.5024 ns/op
OverheadActual  16: 2048 op, 5250.00 ns, 2.5635 ns/op
OverheadActual  17: 2048 op, 5292.00 ns, 2.5840 ns/op
OverheadActual  18: 2048 op, 5584.00 ns, 2.7266 ns/op
OverheadActual  19: 2048 op, 5166.00 ns, 2.5225 ns/op
OverheadActual  20: 2048 op, 5083.00 ns, 2.4819 ns/op

WorkloadWarmup   1: 2048 op, 532592000.00 ns, 260.0547 us/op
WorkloadWarmup   2: 2048 op, 520127416.00 ns, 253.9685 us/op
WorkloadWarmup   3: 2048 op, 527498833.00 ns, 257.5678 us/op

// BeforeActualRun
WorkloadActual   1: 2048 op, 529937750.00 ns, 258.7587 us/op
WorkloadActual   2: 2048 op, 524982000.00 ns, 256.3389 us/op
WorkloadActual   3: 2048 op, 523590458.00 ns, 255.6594 us/op
WorkloadActual   4: 2048 op, 524757916.00 ns, 256.2295 us/op
WorkloadActual   5: 2048 op, 527260750.00 ns, 257.4515 us/op
WorkloadActual   6: 2048 op, 525077583.00 ns, 256.3855 us/op
WorkloadActual   7: 2048 op, 526350042.00 ns, 257.0069 us/op
WorkloadActual   8: 2048 op, 521882917.00 ns, 254.8256 us/op
WorkloadActual   9: 2048 op, 525334333.00 ns, 256.5109 us/op
WorkloadActual  10: 2048 op, 527756750.00 ns, 257.6937 us/op

// AfterActualRun
WorkloadResult   1: 2048 op, 529932625.00 ns, 258.7562 us/op
WorkloadResult   2: 2048 op, 524976875.00 ns, 256.3364 us/op
WorkloadResult   3: 2048 op, 523585333.00 ns, 255.6569 us/op
WorkloadResult   4: 2048 op, 524752791.00 ns, 256.2269 us/op
WorkloadResult   5: 2048 op, 527255625.00 ns, 257.4490 us/op
WorkloadResult   6: 2048 op, 525072458.00 ns, 256.3830 us/op
WorkloadResult   7: 2048 op, 526344917.00 ns, 257.0044 us/op
WorkloadResult   8: 2048 op, 521877792.00 ns, 254.8231 us/op
WorkloadResult   9: 2048 op, 525329208.00 ns, 256.5084 us/op
WorkloadResult  10: 2048 op, 527751625.00 ns, 257.6912 us/op
// GC:  0 0 0 736 2048
// Threading:  0 0 2048

// AfterAll
// Benchmark Process 67057 has exited with code 0.

Mean = 256.684 μs, StdErr = 0.349 μs (0.14%), N = 10, StdDev = 1.104 μs
Min = 254.823 μs, Q1 = 256.254 μs, Median = 256.446 μs, Q3 = 257.338 μs, Max = 258.756 μs
IQR = 1.084 μs, LowerFence = 254.629 μs, UpperFence = 258.963 μs
ConfidenceInterval = [255.015 μs; 258.352 μs] (CI 99.9%), Margin = 1.669 μs (0.65% of Mean)
Skewness = 0.2, Kurtosis = 2.22, MValue = 2

// ** Remained 6 (42,9 %) benchmark(s) to run. Estimated finish 2026-03-25 18:17 (0h 0m from now) **
// ***** BenchmarkRunner: Finish  *****

// * Export *
  BenchmarkDotNet.Artifacts/results/Deterministic.GameFramework.Benchmarks.ECSBenchmark-report.csv
  BenchmarkDotNet.Artifacts/results/Deterministic.GameFramework.Benchmarks.ECSBenchmark-report-github.md
  BenchmarkDotNet.Artifacts/results/Deterministic.GameFramework.Benchmarks.ECSBenchmark-report.html

// * Detailed results *
ECSBenchmark.ForEach_Struct_Ref: Job-VSVGMD(IterationCount=10, WarmupCount=3)
Runtime = .NET 8.0.19 (8.0.1925.36514), Arm64 RyuJIT AdvSIMD; GC = Concurrent Workstation
Mean = 431.119 μs, StdErr = 2.950 μs (0.68%), N = 10, StdDev = 9.329 μs
Min = 415.793 μs, Q1 = 425.543 μs, Median = 431.122 μs, Q3 = 438.573 μs, Max = 443.748 μs
IQR = 13.030 μs, LowerFence = 405.998 μs, UpperFence = 458.118 μs
ConfidenceInterval = [417.015 μs; 445.223 μs] (CI 99.9%), Margin = 14.104 μs (3.27% of Mean)
Skewness = -0.21, Kurtosis = 1.5, MValue = 2
-------------------- Histogram --------------------
[415.758 μs ; 427.125 μs) | @@@@
[427.125 μs ; 449.431 μs) | @@@@@@
---------------------------------------------------

ECSBenchmark.Manual_Iteration: Job-VSVGMD(IterationCount=10, WarmupCount=3)
Runtime = .NET 8.0.19 (8.0.1925.36514), Arm64 RyuJIT AdvSIMD; GC = Concurrent Workstation
Mean = 256.684 μs, StdErr = 0.349 μs (0.14%), N = 10, StdDev = 1.104 μs
Min = 254.823 μs, Q1 = 256.254 μs, Median = 256.446 μs, Q3 = 257.338 μs, Max = 258.756 μs
IQR = 1.084 μs, LowerFence = 254.629 μs, UpperFence = 258.963 μs
ConfidenceInterval = [255.015 μs; 258.352 μs] (CI 99.9%), Margin = 1.669 μs (0.65% of Mean)
Skewness = 0.2, Kurtosis = 2.22, MValue = 2
-------------------- Histogram --------------------
[254.151 μs ; 259.429 μs) | @@@@@@@@@@
---------------------------------------------------

// * Summary *

BenchmarkDotNet v0.13.12, macOS 26.3 (25D125) [Darwin 25.3.0]
Apple M2 Pro, 1 CPU, 10 logical and 10 physical cores
.NET SDK 10.0.105
  [Host]     : .NET 8.0.19 (8.0.1925.36514), Arm64 RyuJIT AdvSIMD
  Job-VSVGMD : .NET 8.0.19 (8.0.1925.36514), Arm64 RyuJIT AdvSIMD

IterationCount=10  WarmupCount=3  

| Method             | Mean     | Error    | StdDev  | Allocated |
|------------------- |---------:|---------:|--------:|----------:|
| ForEach_Struct_Ref | 431.1 μs | 14.10 μs | 9.33 μs |         - |
| Manual_Iteration   | 256.7 μs |  1.67 μs | 1.10 μs |         - |

// * Legends *
  Mean      : Arithmetic mean of all measurements
  Error     : Half of 99.9% confidence interval
  StdDev    : Standard deviation of all measurements
  Allocated : Allocated memory per single operation (managed only, inclusive, 1KB = 1024B)
  1 μs      : 1 Microsecond (0.000001 sec)

// * Diagnostic Output - MemoryDiagnoser *


// ***** BenchmarkRunner: End *****
Run time: 00:00:24 (24.05 sec), executed benchmarks: 2

// Found 6 benchmarks:
//   SerializationBenchmark.Serialize_10k: Job-VSVGMD(IterationCount=10, WarmupCount=3)
//   SerializationBenchmark.Deserialize_10k_FullSync: Job-VSVGMD(IterationCount=10, WarmupCount=3)
//   SerializationBenchmark.Deserialize_10k_Rollback: Job-VSVGMD(IterationCount=10, WarmupCount=3)
//   SerializationBenchmark.Serialize_100k: Job-VSVGMD(IterationCount=10, WarmupCount=3)
//   SerializationBenchmark.Deserialize_100k_FullSync: Job-VSVGMD(IterationCount=10, WarmupCount=3)
//   SerializationBenchmark.Deserialize_100k_Rollback: Job-VSVGMD(IterationCount=10, WarmupCount=3)

// **************************
// Benchmark: SerializationBenchmark.Serialize_10k: Job-VSVGMD(IterationCount=10, WarmupCount=3)
// *** Execute ***
// Launch: 1 / 1
// Execute: dotnet bb6da32b-a96c-4c3a-b30f-ce82b60a36cb.dll --anonymousPipes 120 125 --benchmarkName Deterministic.GameFramework.Benchmarks.SerializationBenchmark.Serialize_10k --job "IterationCount=10, WarmupCount=3" --benchmarkId 8 in /Users/a1/Documents/GitHub/PizzaJam2026/Server/Framework/Benchmarks/Deterministic.GameFramework.ECS.Benchmarks/bin/Release/net8.0/bb6da32b-a96c-4c3a-b30f-ce82b60a36cb/bin/Release/net8.0
// Failed to set up high priority (Permission denied). In order to run benchmarks with high priority, make sure you have the right permissions.
// BeforeAnythingElse

// Benchmark Process Environment Information:
// BenchmarkDotNet v0.13.12
// Runtime=.NET 8.0.19 (8.0.1925.36514), Arm64 RyuJIT AdvSIMD
// GC=Concurrent Workstation
// HardwareIntrinsics=AdvSIMD,AES,CRC32,DP,RDM,SHA1,SHA256 VectorSize=128
// Job: Job-DPKTHX(IterationCount=10, WarmupCount=3)

[ComponentId] Registered BenchmarkAction -> Local(0) Stable(Stable(00000000-0000-0000-0000-000000000008))
[ComponentId] Registered BenchmarkComponent -> Local(1) Stable(Stable(00000000-0000-0000-0000-000000000005))
[ComponentId] Registered BenchmarkActionComponent -> Local(2) Stable(Stable(00000000-0000-0000-0000-000000000007))
[ComponentId] Registered TransformComponent -> Local(3) Stable(Stable(00000000-0000-0000-0000-000000000001))
[ComponentId] Registered VelocityComponent -> Local(4) Stable(Stable(00000000-0000-0000-0000-000000000002))
[ComponentId] Registered SerTransformComponent -> Local(5) Stable(Stable(00000000-0000-0000-0000-000000000003))
[ComponentId] Registered SerVelocityComponent -> Local(6) Stable(Stable(00000000-0000-0000-0000-000000000004))
[ComponentId] Registered World -> Local(7) Stable(Stable(00000000-0000-0000-0000-000072b3622d))
OverheadJitting  1: 1 op, 174708.00 ns, 174.7080 us/op
WorkloadJitting  1: 1 op, 276000.00 ns, 276.0000 us/op

OverheadJitting  2: 16 op, 346542.00 ns, 21.6589 us/op
WorkloadJitting  2: 16 op, 4102833.00 ns, 256.4271 us/op

WorkloadPilot    1: 16 op, 3384167.00 ns, 211.5104 us/op
WorkloadPilot    2: 32 op, 10217166.00 ns, 319.2864 us/op
WorkloadPilot    3: 64 op, 16367833.00 ns, 255.7474 us/op
WorkloadPilot    4: 128 op, 32225500.00 ns, 251.7617 us/op
WorkloadPilot    5: 256 op, 68274625.00 ns, 266.6978 us/op
WorkloadPilot    6: 512 op, 138934958.00 ns, 271.3573 us/op
WorkloadPilot    7: 1024 op, 275968583.00 ns, 269.5006 us/op
WorkloadPilot    8: 2048 op, 545386250.00 ns, 266.3019 us/op

OverheadWarmup   1: 2048 op, 7083.00 ns, 3.4585 ns/op
OverheadWarmup   2: 2048 op, 6334.00 ns, 3.0928 ns/op
OverheadWarmup   3: 2048 op, 6084.00 ns, 2.9707 ns/op
OverheadWarmup   4: 2048 op, 6875.00 ns, 3.3569 ns/op
OverheadWarmup   5: 2048 op, 6667.00 ns, 3.2554 ns/op
OverheadWarmup   6: 2048 op, 6583.00 ns, 3.2144 ns/op
OverheadWarmup   7: 2048 op, 6583.00 ns, 3.2144 ns/op
OverheadWarmup   8: 2048 op, 6000.00 ns, 2.9297 ns/op

OverheadActual   1: 2048 op, 6042.00 ns, 2.9502 ns/op
OverheadActual   2: 2048 op, 6584.00 ns, 3.2148 ns/op
OverheadActual   3: 2048 op, 6625.00 ns, 3.2349 ns/op
OverheadActual   4: 2048 op, 6667.00 ns, 3.2554 ns/op
OverheadActual   5: 2048 op, 6667.00 ns, 3.2554 ns/op
OverheadActual   6: 2048 op, 6542.00 ns, 3.1943 ns/op
OverheadActual   7: 2048 op, 6625.00 ns, 3.2349 ns/op
OverheadActual   8: 2048 op, 6667.00 ns, 3.2554 ns/op
OverheadActual   9: 2048 op, 6458.00 ns, 3.1533 ns/op
OverheadActual  10: 2048 op, 6542.00 ns, 3.1943 ns/op
OverheadActual  11: 2048 op, 6625.00 ns, 3.2349 ns/op
OverheadActual  12: 2048 op, 6541.00 ns, 3.1938 ns/op
OverheadActual  13: 2048 op, 6584.00 ns, 3.2148 ns/op
OverheadActual  14: 2048 op, 6541.00 ns, 3.1938 ns/op
OverheadActual  15: 2048 op, 6500.00 ns, 3.1738 ns/op

WorkloadWarmup   1: 2048 op, 541104541.00 ns, 264.2112 us/op
WorkloadWarmup   2: 2048 op, 542159583.00 ns, 264.7264 us/op
WorkloadWarmup   3: 2048 op, 546518750.00 ns, 266.8549 us/op

// BeforeActualRun
WorkloadActual   1: 2048 op, 542776584.00 ns, 265.0276 us/op
WorkloadActual   2: 2048 op, 547133125.00 ns, 267.1548 us/op
WorkloadActual   3: 2048 op, 548047875.00 ns, 267.6015 us/op
WorkloadActual   4: 2048 op, 552647375.00 ns, 269.8474 us/op
WorkloadActual   5: 2048 op, 547990209.00 ns, 267.5733 us/op
WorkloadActual   6: 2048 op, 547870333.00 ns, 267.5148 us/op
WorkloadActual   7: 2048 op, 543207083.00 ns, 265.2378 us/op
WorkloadActual   8: 2048 op, 554978708.00 ns, 270.9857 us/op
WorkloadActual   9: 2048 op, 589877417.00 ns, 288.0261 us/op
WorkloadActual  10: 2048 op, 591195375.00 ns, 288.6696 us/op

// AfterActualRun
WorkloadResult   1: 2048 op, 542770000.00 ns, 265.0244 us/op
WorkloadResult   2: 2048 op, 547126541.00 ns, 267.1516 us/op
WorkloadResult   3: 2048 op, 548041291.00 ns, 267.5983 us/op
WorkloadResult   4: 2048 op, 552640791.00 ns, 269.8441 us/op
WorkloadResult   5: 2048 op, 547983625.00 ns, 267.5701 us/op
WorkloadResult   6: 2048 op, 547863749.00 ns, 267.5116 us/op
WorkloadResult   7: 2048 op, 543200499.00 ns, 265.2346 us/op
WorkloadResult   8: 2048 op, 554972124.00 ns, 270.9825 us/op
// GC:  147 145 140 4633078736 2048
// Threading:  0 0 2048

// AfterAll
// Benchmark Process 67078 has exited with code 0.

Mean = 267.615 μs, StdErr = 0.719 μs (0.27%), N = 8, StdDev = 2.032 μs
Min = 265.024 μs, Q1 = 266.672 μs, Median = 267.541 μs, Q3 = 268.160 μs, Max = 270.982 μs
IQR = 1.487 μs, LowerFence = 264.441 μs, UpperFence = 270.391 μs
ConfidenceInterval = [263.729 μs; 271.501 μs] (CI 99.9%), Margin = 3.886 μs (1.45% of Mean)
Skewness = 0.27, Kurtosis = 1.69, MValue = 2

// ** Remained 5 (35,7 %) benchmark(s) to run. Estimated finish 2026-03-25 18:16 (0h 0m from now) **
// **************************
// Benchmark: SerializationBenchmark.Deserialize_10k_FullSync: Job-VSVGMD(IterationCount=10, WarmupCount=3)
// *** Execute ***
// Launch: 1 / 1
// Execute: dotnet bb6da32b-a96c-4c3a-b30f-ce82b60a36cb.dll --anonymousPipes 120 125 --benchmarkName Deterministic.GameFramework.Benchmarks.SerializationBenchmark.Deserialize_10k_FullSync --job "IterationCount=10, WarmupCount=3" --benchmarkId 9 in /Users/a1/Documents/GitHub/PizzaJam2026/Server/Framework/Benchmarks/Deterministic.GameFramework.ECS.Benchmarks/bin/Release/net8.0/bb6da32b-a96c-4c3a-b30f-ce82b60a36cb/bin/Release/net8.0
// Failed to set up high priority (Permission denied). In order to run benchmarks with high priority, make sure you have the right permissions.
// BeforeAnythingElse

// Benchmark Process Environment Information:
// BenchmarkDotNet v0.13.12
// Runtime=.NET 8.0.19 (8.0.1925.36514), Arm64 RyuJIT AdvSIMD
// GC=Concurrent Workstation
// HardwareIntrinsics=AdvSIMD,AES,CRC32,DP,RDM,SHA1,SHA256 VectorSize=128
// Job: Job-QYQRWL(IterationCount=10, WarmupCount=3)

[ComponentId] Registered BenchmarkAction -> Local(0) Stable(Stable(00000000-0000-0000-0000-000000000008))
[ComponentId] Registered BenchmarkComponent -> Local(1) Stable(Stable(00000000-0000-0000-0000-000000000005))
[ComponentId] Registered BenchmarkActionComponent -> Local(2) Stable(Stable(00000000-0000-0000-0000-000000000007))
[ComponentId] Registered TransformComponent -> Local(3) Stable(Stable(00000000-0000-0000-0000-000000000001))
[ComponentId] Registered VelocityComponent -> Local(4) Stable(Stable(00000000-0000-0000-0000-000000000002))
[ComponentId] Registered SerTransformComponent -> Local(5) Stable(Stable(00000000-0000-0000-0000-000000000003))
[ComponentId] Registered SerVelocityComponent -> Local(6) Stable(Stable(00000000-0000-0000-0000-000000000004))
[ComponentId] Registered World -> Local(7) Stable(Stable(00000000-0000-0000-0000-000072b3622d))
OverheadJitting  1: 1 op, 118292.00 ns, 118.2920 us/op
WorkloadJitting  1: 1 op, 2392708.00 ns, 2.3927 ms/op

OverheadJitting  2: 16 op, 111208.00 ns, 6.9505 us/op
WorkloadJitting  2: 16 op, 2388291.00 ns, 149.2682 us/op

WorkloadPilot    1: 16 op, 1597959.00 ns, 99.8724 us/op
WorkloadPilot    2: 32 op, 4031250.00 ns, 125.9766 us/op
WorkloadPilot    3: 64 op, 9659209.00 ns, 150.9251 us/op
WorkloadPilot    4: 128 op, 18809541.00 ns, 146.9495 us/op
WorkloadPilot    5: 256 op, 37962083.00 ns, 148.2894 us/op
WorkloadPilot    6: 512 op, 73671208.00 ns, 143.8891 us/op
WorkloadPilot    7: 1024 op, 133133958.00 ns, 130.0136 us/op
WorkloadPilot    8: 2048 op, 252383500.00 ns, 123.2341 us/op
WorkloadPilot    9: 4096 op, 502583750.00 ns, 122.7011 us/op

OverheadWarmup   1: 4096 op, 10875.00 ns, 2.6550 ns/op
OverheadWarmup   2: 4096 op, 9833.00 ns, 2.4006 ns/op
OverheadWarmup   3: 4096 op, 9958.00 ns, 2.4312 ns/op
OverheadWarmup   4: 4096 op, 9750.00 ns, 2.3804 ns/op
OverheadWarmup   5: 4096 op, 9709.00 ns, 2.3704 ns/op
OverheadWarmup   6: 4096 op, 10417.00 ns, 2.5432 ns/op
OverheadWarmup   7: 4096 op, 9875.00 ns, 2.4109 ns/op

OverheadActual   1: 4096 op, 9750.00 ns, 2.3804 ns/op
OverheadActual   2: 4096 op, 10500.00 ns, 2.5635 ns/op
OverheadActual   3: 4096 op, 10375.00 ns, 2.5330 ns/op
OverheadActual   4: 4096 op, 9667.00 ns, 2.3601 ns/op
OverheadActual   5: 4096 op, 9666.00 ns, 2.3599 ns/op
OverheadActual   6: 4096 op, 8334.00 ns, 2.0347 ns/op
OverheadActual   7: 4096 op, 10541.00 ns, 2.5735 ns/op
OverheadActual   8: 4096 op, 10416.00 ns, 2.5430 ns/op
OverheadActual   9: 4096 op, 10458.00 ns, 2.5532 ns/op
OverheadActual  10: 4096 op, 10583.00 ns, 2.5837 ns/op
OverheadActual  11: 4096 op, 10417.00 ns, 2.5432 ns/op
OverheadActual  12: 4096 op, 10375.00 ns, 2.5330 ns/op
OverheadActual  13: 4096 op, 10416.00 ns, 2.5430 ns/op
OverheadActual  14: 4096 op, 10417.00 ns, 2.5432 ns/op
OverheadActual  15: 4096 op, 10333.00 ns, 2.5227 ns/op
OverheadActual  16: 4096 op, 10375.00 ns, 2.5330 ns/op
OverheadActual  17: 4096 op, 10375.00 ns, 2.5330 ns/op
OverheadActual  18: 4096 op, 10458.00 ns, 2.5532 ns/op
OverheadActual  19: 4096 op, 10458.00 ns, 2.5532 ns/op

WorkloadWarmup   1: 4096 op, 502551500.00 ns, 122.6932 us/op
WorkloadWarmup   2: 4096 op, 511935167.00 ns, 124.9842 us/op
WorkloadWarmup   3: 4096 op, 457894833.00 ns, 111.7907 us/op

// BeforeActualRun
WorkloadActual   1: 4096 op, 450954125.00 ns, 110.0962 us/op
WorkloadActual   2: 4096 op, 455041083.00 ns, 111.0940 us/op
WorkloadActual   3: 4096 op, 449889000.00 ns, 109.8362 us/op
WorkloadActual   4: 4096 op, 449986584.00 ns, 109.8600 us/op
WorkloadActual   5: 4096 op, 452421542.00 ns, 110.4545 us/op
WorkloadActual   6: 4096 op, 459250084.00 ns, 112.1216 us/op
WorkloadActual   7: 4096 op, 451980250.00 ns, 110.3467 us/op
WorkloadActual   8: 4096 op, 449809333.00 ns, 109.8167 us/op
WorkloadActual   9: 4096 op, 445569958.00 ns, 108.7817 us/op
WorkloadActual  10: 4096 op, 448851792.00 ns, 109.5830 us/op

// AfterActualRun
WorkloadResult   1: 4096 op, 450943709.00 ns, 110.0937 us/op
WorkloadResult   2: 4096 op, 455030667.00 ns, 111.0915 us/op
WorkloadResult   3: 4096 op, 449878584.00 ns, 109.8336 us/op
WorkloadResult   4: 4096 op, 449976168.00 ns, 109.8575 us/op
WorkloadResult   5: 4096 op, 452411126.00 ns, 110.4519 us/op
WorkloadResult   6: 4096 op, 451969834.00 ns, 110.3442 us/op
WorkloadResult   7: 4096 op, 449798917.00 ns, 109.8142 us/op
WorkloadResult   8: 4096 op, 445559542.00 ns, 108.7792 us/op
WorkloadResult   9: 4096 op, 448841376.00 ns, 109.5804 us/op
// GC:  289 244 239 4318729760 4096
// Threading:  0 0 4096

// AfterAll
// Benchmark Process 67104 has exited with code 0.

Mean = 109.983 μs, StdErr = 0.213 μs (0.19%), N = 9, StdDev = 0.639 μs
Min = 108.779 μs, Q1 = 109.814 μs, Median = 109.857 μs, Q3 = 110.344 μs, Max = 111.091 μs
IQR = 0.530 μs, LowerFence = 109.019 μs, UpperFence = 111.139 μs
ConfidenceInterval = [108.909 μs; 111.057 μs] (CI 99.9%), Margin = 1.074 μs (0.98% of Mean)
Skewness = -0.13, Kurtosis = 2.46, MValue = 2

// ** Remained 4 (28,6 %) benchmark(s) to run. Estimated finish 2026-03-25 18:16 (0h 0m from now) **
// **************************
// Benchmark: SerializationBenchmark.Deserialize_10k_Rollback: Job-VSVGMD(IterationCount=10, WarmupCount=3)
// *** Execute ***
// Launch: 1 / 1
// Execute: dotnet bb6da32b-a96c-4c3a-b30f-ce82b60a36cb.dll --anonymousPipes 120 125 --benchmarkName Deterministic.GameFramework.Benchmarks.SerializationBenchmark.Deserialize_10k_Rollback --job "IterationCount=10, WarmupCount=3" --benchmarkId 10 in /Users/a1/Documents/GitHub/PizzaJam2026/Server/Framework/Benchmarks/Deterministic.GameFramework.ECS.Benchmarks/bin/Release/net8.0/bb6da32b-a96c-4c3a-b30f-ce82b60a36cb/bin/Release/net8.0
// Failed to set up high priority (Permission denied). In order to run benchmarks with high priority, make sure you have the right permissions.
// BeforeAnythingElse

// Benchmark Process Environment Information:
// BenchmarkDotNet v0.13.12
// Runtime=.NET 8.0.19 (8.0.1925.36514), Arm64 RyuJIT AdvSIMD
// GC=Concurrent Workstation
// HardwareIntrinsics=AdvSIMD,AES,CRC32,DP,RDM,SHA1,SHA256 VectorSize=128
// Job: Job-MFFKPK(IterationCount=10, WarmupCount=3)

[ComponentId] Registered BenchmarkAction -> Local(0) Stable(Stable(00000000-0000-0000-0000-000000000008))
[ComponentId] Registered BenchmarkComponent -> Local(1) Stable(Stable(00000000-0000-0000-0000-000000000005))
[ComponentId] Registered BenchmarkActionComponent -> Local(2) Stable(Stable(00000000-0000-0000-0000-000000000007))
[ComponentId] Registered TransformComponent -> Local(3) Stable(Stable(00000000-0000-0000-0000-000000000001))
[ComponentId] Registered VelocityComponent -> Local(4) Stable(Stable(00000000-0000-0000-0000-000000000002))
[ComponentId] Registered SerTransformComponent -> Local(5) Stable(Stable(00000000-0000-0000-0000-000000000003))
[ComponentId] Registered SerVelocityComponent -> Local(6) Stable(Stable(00000000-0000-0000-0000-000000000004))
[ComponentId] Registered World -> Local(7) Stable(Stable(00000000-0000-0000-0000-000072b3622d))
OverheadJitting  1: 1 op, 114291.00 ns, 114.2910 us/op
WorkloadJitting  1: 1 op, 1703083.00 ns, 1.7031 ms/op

OverheadJitting  2: 16 op, 108292.00 ns, 6.7683 us/op
WorkloadJitting  2: 16 op, 1968083.00 ns, 123.0052 us/op

WorkloadPilot    1: 16 op, 1379291.00 ns, 86.2057 us/op
WorkloadPilot    2: 32 op, 2845959.00 ns, 88.9362 us/op
WorkloadPilot    3: 64 op, 6670000.00 ns, 104.2188 us/op
WorkloadPilot    4: 128 op, 15539708.00 ns, 121.4040 us/op
WorkloadPilot    5: 256 op, 29592666.00 ns, 115.5964 us/op
WorkloadPilot    6: 512 op, 60109167.00 ns, 117.4007 us/op
WorkloadPilot    7: 1024 op, 133614000.00 ns, 130.4824 us/op
WorkloadPilot    8: 2048 op, 252139458.00 ns, 123.1150 us/op
WorkloadPilot    9: 4096 op, 370820166.00 ns, 90.5323 us/op
WorkloadPilot   10: 8192 op, 744558166.00 ns, 90.8884 us/op

OverheadWarmup   1: 8192 op, 21625.00 ns, 2.6398 ns/op
OverheadWarmup   2: 8192 op, 18500.00 ns, 2.2583 ns/op
OverheadWarmup   3: 8192 op, 20458.00 ns, 2.4973 ns/op
OverheadWarmup   4: 8192 op, 20458.00 ns, 2.4973 ns/op
OverheadWarmup   5: 8192 op, 20417.00 ns, 2.4923 ns/op
OverheadWarmup   6: 8192 op, 20083.00 ns, 2.4515 ns/op
OverheadWarmup   7: 8192 op, 19875.00 ns, 2.4261 ns/op
OverheadWarmup   8: 8192 op, 19792.00 ns, 2.4160 ns/op
OverheadWarmup   9: 8192 op, 20209.00 ns, 2.4669 ns/op

OverheadActual   1: 8192 op, 19833.00 ns, 2.4210 ns/op
OverheadActual   2: 8192 op, 20542.00 ns, 2.5076 ns/op
OverheadActual   3: 8192 op, 17416.00 ns, 2.1260 ns/op
OverheadActual   4: 8192 op, 20500.00 ns, 2.5024 ns/op
OverheadActual   5: 8192 op, 20458.00 ns, 2.4973 ns/op
OverheadActual   6: 8192 op, 20500.00 ns, 2.5024 ns/op
OverheadActual   7: 8192 op, 20333.00 ns, 2.4821 ns/op
OverheadActual   8: 8192 op, 20750.00 ns, 2.5330 ns/op
OverheadActual   9: 8192 op, 20375.00 ns, 2.4872 ns/op
OverheadActual  10: 8192 op, 20458.00 ns, 2.4973 ns/op
OverheadActual  11: 8192 op, 19750.00 ns, 2.4109 ns/op
OverheadActual  12: 8192 op, 16542.00 ns, 2.0193 ns/op
OverheadActual  13: 8192 op, 20500.00 ns, 2.5024 ns/op
OverheadActual  14: 8192 op, 20417.00 ns, 2.4923 ns/op
OverheadActual  15: 8192 op, 20417.00 ns, 2.4923 ns/op
OverheadActual  16: 8192 op, 23833.00 ns, 2.9093 ns/op
OverheadActual  17: 8192 op, 17542.00 ns, 2.1414 ns/op
OverheadActual  18: 8192 op, 20625.00 ns, 2.5177 ns/op
OverheadActual  19: 8192 op, 20542.00 ns, 2.5076 ns/op
OverheadActual  20: 8192 op, 16542.00 ns, 2.0193 ns/op

WorkloadWarmup   1: 8192 op, 763113625.00 ns, 93.1535 us/op
WorkloadWarmup   2: 8192 op, 737742875.00 ns, 90.0565 us/op
WorkloadWarmup   3: 8192 op, 784645166.00 ns, 95.7819 us/op

// BeforeActualRun
WorkloadActual   1: 8192 op, 810270125.00 ns, 98.9099 us/op
WorkloadActual   2: 8192 op, 735312625.00 ns, 89.7598 us/op
WorkloadActual   3: 8192 op, 730470292.00 ns, 89.1687 us/op
WorkloadActual   4: 8192 op, 737471167.00 ns, 90.0233 us/op
WorkloadActual   5: 8192 op, 729329791.00 ns, 89.0295 us/op
WorkloadActual   6: 8192 op, 727871667.00 ns, 88.8515 us/op
WorkloadActual   7: 8192 op, 728597417.00 ns, 88.9401 us/op
WorkloadActual   8: 8192 op, 732745208.00 ns, 89.4464 us/op
WorkloadActual   9: 8192 op, 727278792.00 ns, 88.7791 us/op
WorkloadActual  10: 8192 op, 728503750.00 ns, 88.9287 us/op

// AfterActualRun
WorkloadResult   1: 8192 op, 735292187.50 ns, 89.7573 us/op
WorkloadResult   2: 8192 op, 730449854.50 ns, 89.1662 us/op
WorkloadResult   3: 8192 op, 737450729.50 ns, 90.0208 us/op
WorkloadResult   4: 8192 op, 729309353.50 ns, 89.0270 us/op
WorkloadResult   5: 8192 op, 727851229.50 ns, 88.8490 us/op
WorkloadResult   6: 8192 op, 728576979.50 ns, 88.9376 us/op
WorkloadResult   7: 8192 op, 732724770.50 ns, 89.4439 us/op
WorkloadResult   8: 8192 op, 727258354.50 ns, 88.7767 us/op
WorkloadResult   9: 8192 op, 728483312.50 ns, 88.9262 us/op
// GC:  292 282 277 4674110424 8192
// Threading:  0 0 8192

// AfterAll
// Benchmark Process 67115 has exited with code 0.

Mean = 89.212 μs, StdErr = 0.145 μs (0.16%), N = 9, StdDev = 0.436 μs
Min = 88.777 μs, Q1 = 88.926 μs, Median = 89.027 μs, Q3 = 89.444 μs, Max = 90.021 μs
IQR = 0.518 μs, LowerFence = 88.150 μs, UpperFence = 90.221 μs
ConfidenceInterval = [88.479 μs; 89.944 μs] (CI 99.9%), Margin = 0.732 μs (0.82% of Mean)
Skewness = 0.7, Kurtosis = 1.81, MValue = 2

// ** Remained 3 (21,4 %) benchmark(s) to run. Estimated finish 2026-03-25 18:16 (0h 0m from now) **
// **************************
// Benchmark: SerializationBenchmark.Serialize_100k: Job-VSVGMD(IterationCount=10, WarmupCount=3)
// *** Execute ***
// Launch: 1 / 1
// Execute: dotnet bb6da32b-a96c-4c3a-b30f-ce82b60a36cb.dll --anonymousPipes 120 125 --benchmarkName Deterministic.GameFramework.Benchmarks.SerializationBenchmark.Serialize_100k --job "IterationCount=10, WarmupCount=3" --benchmarkId 11 in /Users/a1/Documents/GitHub/PizzaJam2026/Server/Framework/Benchmarks/Deterministic.GameFramework.ECS.Benchmarks/bin/Release/net8.0/bb6da32b-a96c-4c3a-b30f-ce82b60a36cb/bin/Release/net8.0
// Failed to set up high priority (Permission denied). In order to run benchmarks with high priority, make sure you have the right permissions.
// BeforeAnythingElse

// Benchmark Process Environment Information:
// BenchmarkDotNet v0.13.12
// Runtime=.NET 8.0.19 (8.0.1925.36514), Arm64 RyuJIT AdvSIMD
// GC=Concurrent Workstation
// HardwareIntrinsics=AdvSIMD,AES,CRC32,DP,RDM,SHA1,SHA256 VectorSize=128
// Job: Job-PGYGJK(IterationCount=10, WarmupCount=3)

[ComponentId] Registered BenchmarkAction -> Local(0) Stable(Stable(00000000-0000-0000-0000-000000000008))
[ComponentId] Registered BenchmarkComponent -> Local(1) Stable(Stable(00000000-0000-0000-0000-000000000005))
[ComponentId] Registered BenchmarkActionComponent -> Local(2) Stable(Stable(00000000-0000-0000-0000-000000000007))
[ComponentId] Registered TransformComponent -> Local(3) Stable(Stable(00000000-0000-0000-0000-000000000001))
[ComponentId] Registered VelocityComponent -> Local(4) Stable(Stable(00000000-0000-0000-0000-000000000002))
[ComponentId] Registered SerTransformComponent -> Local(5) Stable(Stable(00000000-0000-0000-0000-000000000003))
[ComponentId] Registered SerVelocityComponent -> Local(6) Stable(Stable(00000000-0000-0000-0000-000000000004))
[ComponentId] Registered World -> Local(7) Stable(Stable(00000000-0000-0000-0000-000072b3622d))
OverheadJitting  1: 1 op, 165542.00 ns, 165.5420 us/op
WorkloadJitting  1: 1 op, 1877500.00 ns, 1.8775 ms/op

OverheadJitting  2: 16 op, 326375.00 ns, 20.3984 us/op
WorkloadJitting  2: 16 op, 41717250.00 ns, 2.6073 ms/op

WorkloadPilot    1: 16 op, 41424625.00 ns, 2.5890 ms/op
WorkloadPilot    2: 32 op, 84619834.00 ns, 2.6444 ms/op
WorkloadPilot    3: 64 op, 175522875.00 ns, 2.7425 ms/op
WorkloadPilot    4: 128 op, 363068916.00 ns, 2.8365 ms/op
WorkloadPilot    5: 256 op, 726897792.00 ns, 2.8394 ms/op

OverheadWarmup   1: 256 op, 2416.00 ns, 9.4375 ns/op
OverheadWarmup   2: 256 op, 875.00 ns, 3.4180 ns/op
OverheadWarmup   3: 256 op, 958.00 ns, 3.7422 ns/op
OverheadWarmup   4: 256 op, 1000.00 ns, 3.9062 ns/op
OverheadWarmup   5: 256 op, 1167.00 ns, 4.5586 ns/op
OverheadWarmup   6: 256 op, 959.00 ns, 3.7461 ns/op
OverheadWarmup   7: 256 op, 916.00 ns, 3.5781 ns/op
OverheadWarmup   8: 256 op, 875.00 ns, 3.4180 ns/op
OverheadWarmup   9: 256 op, 917.00 ns, 3.5820 ns/op
OverheadWarmup  10: 256 op, 917.00 ns, 3.5820 ns/op

OverheadActual   1: 256 op, 833.00 ns, 3.2539 ns/op
OverheadActual   2: 256 op, 1125.00 ns, 4.3945 ns/op
OverheadActual   3: 256 op, 1000.00 ns, 3.9062 ns/op
OverheadActual   4: 256 op, 1083.00 ns, 4.2305 ns/op
OverheadActual   5: 256 op, 917.00 ns, 3.5820 ns/op
OverheadActual   6: 256 op, 917.00 ns, 3.5820 ns/op
OverheadActual   7: 256 op, 875.00 ns, 3.4180 ns/op
OverheadActual   8: 256 op, 833.00 ns, 3.2539 ns/op
OverheadActual   9: 256 op, 917.00 ns, 3.5820 ns/op
OverheadActual  10: 256 op, 833.00 ns, 3.2539 ns/op
OverheadActual  11: 256 op, 917.00 ns, 3.5820 ns/op
OverheadActual  12: 256 op, 917.00 ns, 3.5820 ns/op
OverheadActual  13: 256 op, 959.00 ns, 3.7461 ns/op
OverheadActual  14: 256 op, 792.00 ns, 3.0938 ns/op
OverheadActual  15: 256 op, 792.00 ns, 3.0938 ns/op
OverheadActual  16: 256 op, 792.00 ns, 3.0938 ns/op
OverheadActual  17: 256 op, 1500.00 ns, 5.8594 ns/op
OverheadActual  18: 256 op, 1416.00 ns, 5.5312 ns/op
OverheadActual  19: 256 op, 1000.00 ns, 3.9062 ns/op
OverheadActual  20: 256 op, 916.00 ns, 3.5781 ns/op

WorkloadWarmup   1: 256 op, 738364750.00 ns, 2.8842 ms/op
WorkloadWarmup   2: 256 op, 735542666.00 ns, 2.8732 ms/op
WorkloadWarmup   3: 256 op, 747638208.00 ns, 2.9205 ms/op

// BeforeActualRun
WorkloadActual   1: 256 op, 733755917.00 ns, 2.8662 ms/op
WorkloadActual   2: 256 op, 730622792.00 ns, 2.8540 ms/op
WorkloadActual   3: 256 op, 727965083.00 ns, 2.8436 ms/op
WorkloadActual   4: 256 op, 734603167.00 ns, 2.8695 ms/op
WorkloadActual   5: 256 op, 729552792.00 ns, 2.8498 ms/op
WorkloadActual   6: 256 op, 739726042.00 ns, 2.8896 ms/op
WorkloadActual   7: 256 op, 762384208.00 ns, 2.9781 ms/op
WorkloadActual   8: 256 op, 708240750.00 ns, 2.7666 ms/op
WorkloadActual   9: 256 op, 711545292.00 ns, 2.7795 ms/op
WorkloadActual  10: 256 op, 721407084.00 ns, 2.8180 ms/op

// AfterActualRun
WorkloadResult   1: 256 op, 733755000.00 ns, 2.8662 ms/op
WorkloadResult   2: 256 op, 730621875.00 ns, 2.8540 ms/op
WorkloadResult   3: 256 op, 727964166.00 ns, 2.8436 ms/op
WorkloadResult   4: 256 op, 734602250.00 ns, 2.8695 ms/op
WorkloadResult   5: 256 op, 729551875.00 ns, 2.8498 ms/op
WorkloadResult   6: 256 op, 739725125.00 ns, 2.8896 ms/op
WorkloadResult   7: 256 op, 708239833.00 ns, 2.7666 ms/op
WorkloadResult   8: 256 op, 711544375.00 ns, 2.7795 ms/op
WorkloadResult   9: 256 op, 721406167.00 ns, 2.8180 ms/op
// GC:  133 133 128 5786248416 256
// Threading:  0 0 256

// AfterAll
// Benchmark Process 67136 has exited with code 0.

Mean = 2.837 ms, StdErr = 0.014 ms (0.49%), N = 9, StdDev = 0.042 ms
Min = 2.767 ms, Q1 = 2.818 ms, Median = 2.850 ms, Q3 = 2.866 ms, Max = 2.890 ms
IQR = 0.048 ms, LowerFence = 2.746 ms, UpperFence = 2.939 ms
ConfidenceInterval = [2.768 ms; 2.907 ms] (CI 99.9%), Margin = 0.070 ms (2.46% of Mean)
Skewness = -0.55, Kurtosis = 1.71, MValue = 2

// ** Remained 2 (14,3 %) benchmark(s) to run. Estimated finish 2026-03-25 18:17 (0h 0m from now) **
// **************************
// Benchmark: SerializationBenchmark.Deserialize_100k_FullSync: Job-VSVGMD(IterationCount=10, WarmupCount=3)
// *** Execute ***
// Launch: 1 / 1
// Execute: dotnet bb6da32b-a96c-4c3a-b30f-ce82b60a36cb.dll --anonymousPipes 120 125 --benchmarkName Deterministic.GameFramework.Benchmarks.SerializationBenchmark.Deserialize_100k_FullSync --job "IterationCount=10, WarmupCount=3" --benchmarkId 12 in /Users/a1/Documents/GitHub/PizzaJam2026/Server/Framework/Benchmarks/Deterministic.GameFramework.ECS.Benchmarks/bin/Release/net8.0/bb6da32b-a96c-4c3a-b30f-ce82b60a36cb/bin/Release/net8.0
// Failed to set up high priority (Permission denied). In order to run benchmarks with high priority, make sure you have the right permissions.
// BeforeAnythingElse

// Benchmark Process Environment Information:
// BenchmarkDotNet v0.13.12
// Runtime=.NET 8.0.19 (8.0.1925.36514), Arm64 RyuJIT AdvSIMD
// GC=Concurrent Workstation
// HardwareIntrinsics=AdvSIMD,AES,CRC32,DP,RDM,SHA1,SHA256 VectorSize=128
// Job: Job-TUBBJW(IterationCount=10, WarmupCount=3)

[ComponentId] Registered BenchmarkAction -> Local(0) Stable(Stable(00000000-0000-0000-0000-000000000008))
[ComponentId] Registered BenchmarkComponent -> Local(1) Stable(Stable(00000000-0000-0000-0000-000000000005))
[ComponentId] Registered BenchmarkActionComponent -> Local(2) Stable(Stable(00000000-0000-0000-0000-000000000007))
[ComponentId] Registered TransformComponent -> Local(3) Stable(Stable(00000000-0000-0000-0000-000000000001))
[ComponentId] Registered VelocityComponent -> Local(4) Stable(Stable(00000000-0000-0000-0000-000000000002))
[ComponentId] Registered SerTransformComponent -> Local(5) Stable(Stable(00000000-0000-0000-0000-000000000003))
[ComponentId] Registered SerVelocityComponent -> Local(6) Stable(Stable(00000000-0000-0000-0000-000000000004))
[ComponentId] Registered World -> Local(7) Stable(Stable(00000000-0000-0000-0000-000072b3622d))
OverheadJitting  1: 1 op, 115875.00 ns, 115.8750 us/op
WorkloadJitting  1: 1 op, 3253500.00 ns, 3.2535 ms/op

OverheadJitting  2: 16 op, 108916.00 ns, 6.8072 us/op
WorkloadJitting  2: 16 op, 20563667.00 ns, 1.2852 ms/op

WorkloadPilot    1: 16 op, 19208292.00 ns, 1.2005 ms/op
WorkloadPilot    2: 32 op, 34881250.00 ns, 1.0900 ms/op
WorkloadPilot    3: 64 op, 84928292.00 ns, 1.3270 ms/op
WorkloadPilot    4: 128 op, 168976167.00 ns, 1.3201 ms/op
WorkloadPilot    5: 256 op, 332632625.00 ns, 1.2993 ms/op
WorkloadPilot    6: 512 op, 665992875.00 ns, 1.3008 ms/op

OverheadWarmup   1: 512 op, 2209.00 ns, 4.3145 ns/op
OverheadWarmup   2: 512 op, 1542.00 ns, 3.0117 ns/op
OverheadWarmup   3: 512 op, 1375.00 ns, 2.6855 ns/op
OverheadWarmup   4: 512 op, 1334.00 ns, 2.6055 ns/op
OverheadWarmup   5: 512 op, 1375.00 ns, 2.6855 ns/op
OverheadWarmup   6: 512 op, 1375.00 ns, 2.6855 ns/op
OverheadWarmup   7: 512 op, 1625.00 ns, 3.1738 ns/op
OverheadWarmup   8: 512 op, 1292.00 ns, 2.5234 ns/op

OverheadActual   1: 512 op, 1250.00 ns, 2.4414 ns/op
OverheadActual   2: 512 op, 1292.00 ns, 2.5234 ns/op
OverheadActual   3: 512 op, 1292.00 ns, 2.5234 ns/op
OverheadActual   4: 512 op, 1250.00 ns, 2.4414 ns/op
OverheadActual   5: 512 op, 1291.00 ns, 2.5215 ns/op
OverheadActual   6: 512 op, 1333.00 ns, 2.6035 ns/op
OverheadActual   7: 512 op, 1250.00 ns, 2.4414 ns/op
OverheadActual   8: 512 op, 1334.00 ns, 2.6055 ns/op
OverheadActual   9: 512 op, 1292.00 ns, 2.5234 ns/op
OverheadActual  10: 512 op, 1250.00 ns, 2.4414 ns/op
OverheadActual  11: 512 op, 1292.00 ns, 2.5234 ns/op
OverheadActual  12: 512 op, 1250.00 ns, 2.4414 ns/op
OverheadActual  13: 512 op, 1292.00 ns, 2.5234 ns/op
OverheadActual  14: 512 op, 1292.00 ns, 2.5234 ns/op
OverheadActual  15: 512 op, 1041.00 ns, 2.0332 ns/op
OverheadActual  16: 512 op, 1292.00 ns, 2.5234 ns/op
OverheadActual  17: 512 op, 1250.00 ns, 2.4414 ns/op

WorkloadWarmup   1: 512 op, 681372375.00 ns, 1.3308 ms/op
WorkloadWarmup   2: 512 op, 723943417.00 ns, 1.4140 ms/op
WorkloadWarmup   3: 512 op, 728417041.00 ns, 1.4227 ms/op

// BeforeActualRun
WorkloadActual   1: 512 op, 724839667.00 ns, 1.4157 ms/op
WorkloadActual   2: 512 op, 725952625.00 ns, 1.4179 ms/op
WorkloadActual   3: 512 op, 738154916.00 ns, 1.4417 ms/op
WorkloadActual   4: 512 op, 722590875.00 ns, 1.4113 ms/op
WorkloadActual   5: 512 op, 721388833.00 ns, 1.4090 ms/op
WorkloadActual   6: 512 op, 717142542.00 ns, 1.4007 ms/op
WorkloadActual   7: 512 op, 721848792.00 ns, 1.4099 ms/op
WorkloadActual   8: 512 op, 712345875.00 ns, 1.3913 ms/op
WorkloadActual   9: 512 op, 708247333.00 ns, 1.3833 ms/op
WorkloadActual  10: 512 op, 712308333.00 ns, 1.3912 ms/op

// AfterActualRun
WorkloadResult   1: 512 op, 724838375.00 ns, 1.4157 ms/op
WorkloadResult   2: 512 op, 725951333.00 ns, 1.4179 ms/op
WorkloadResult   3: 512 op, 738153624.00 ns, 1.4417 ms/op
WorkloadResult   4: 512 op, 722589583.00 ns, 1.4113 ms/op
WorkloadResult   5: 512 op, 721387541.00 ns, 1.4090 ms/op
WorkloadResult   6: 512 op, 717141250.00 ns, 1.4007 ms/op
WorkloadResult   7: 512 op, 721847500.00 ns, 1.4099 ms/op
WorkloadResult   8: 512 op, 712344583.00 ns, 1.3913 ms/op
WorkloadResult   9: 512 op, 708246041.00 ns, 1.3833 ms/op
WorkloadResult  10: 512 op, 712307041.00 ns, 1.3912 ms/op
// GC:  173 173 168 5378650304 512
// Threading:  0 0 512

// AfterAll
// Benchmark Process 67157 has exited with code 0.

Mean = 1.407 ms, StdErr = 0.005 ms (0.38%), N = 10, StdDev = 0.017 ms
Min = 1.383 ms, Q1 = 1.394 ms, Median = 1.409 ms, Q3 = 1.415 ms, Max = 1.442 ms
IQR = 0.021 ms, LowerFence = 1.362 ms, UpperFence = 1.446 ms
ConfidenceInterval = [1.382 ms; 1.433 ms] (CI 99.9%), Margin = 0.025 ms (1.80% of Mean)
Skewness = 0.45, Kurtosis = 2.4, MValue = 2

// ** Remained 1 (7,1 %) benchmark(s) to run. Estimated finish 2026-03-25 18:17 (0h 0m from now) **
// **************************
// Benchmark: SerializationBenchmark.Deserialize_100k_Rollback: Job-VSVGMD(IterationCount=10, WarmupCount=3)
// *** Execute ***
// Launch: 1 / 1
// Execute: dotnet bb6da32b-a96c-4c3a-b30f-ce82b60a36cb.dll --anonymousPipes 120 125 --benchmarkName Deterministic.GameFramework.Benchmarks.SerializationBenchmark.Deserialize_100k_Rollback --job "IterationCount=10, WarmupCount=3" --benchmarkId 13 in /Users/a1/Documents/GitHub/PizzaJam2026/Server/Framework/Benchmarks/Deterministic.GameFramework.ECS.Benchmarks/bin/Release/net8.0/bb6da32b-a96c-4c3a-b30f-ce82b60a36cb/bin/Release/net8.0
// Failed to set up high priority (Permission denied). In order to run benchmarks with high priority, make sure you have the right permissions.
// BeforeAnythingElse

// Benchmark Process Environment Information:
// BenchmarkDotNet v0.13.12
// Runtime=.NET 8.0.19 (8.0.1925.36514), Arm64 RyuJIT AdvSIMD
// GC=Concurrent Workstation
// HardwareIntrinsics=AdvSIMD,AES,CRC32,DP,RDM,SHA1,SHA256 VectorSize=128
// Job: Job-NWJWSC(IterationCount=10, WarmupCount=3)

[ComponentId] Registered BenchmarkAction -> Local(0) Stable(Stable(00000000-0000-0000-0000-000000000008))
[ComponentId] Registered BenchmarkComponent -> Local(1) Stable(Stable(00000000-0000-0000-0000-000000000005))
[ComponentId] Registered BenchmarkActionComponent -> Local(2) Stable(Stable(00000000-0000-0000-0000-000000000007))
[ComponentId] Registered TransformComponent -> Local(3) Stable(Stable(00000000-0000-0000-0000-000000000001))
[ComponentId] Registered VelocityComponent -> Local(4) Stable(Stable(00000000-0000-0000-0000-000000000002))
[ComponentId] Registered SerTransformComponent -> Local(5) Stable(Stable(00000000-0000-0000-0000-000000000003))
[ComponentId] Registered SerVelocityComponent -> Local(6) Stable(Stable(00000000-0000-0000-0000-000000000004))
[ComponentId] Registered World -> Local(7) Stable(Stable(00000000-0000-0000-0000-000072b3622d))
OverheadJitting  1: 1 op, 97834.00 ns, 97.8340 us/op
WorkloadJitting  1: 1 op, 2542250.00 ns, 2.5423 ms/op

OverheadJitting  2: 16 op, 113167.00 ns, 7.0729 us/op
WorkloadJitting  2: 16 op, 19215042.00 ns, 1.2009 ms/op

WorkloadPilot    1: 16 op, 18622416.00 ns, 1.1639 ms/op
WorkloadPilot    2: 32 op, 35601583.00 ns, 1.1125 ms/op
WorkloadPilot    3: 64 op, 73233791.00 ns, 1.1443 ms/op
WorkloadPilot    4: 128 op, 146916958.00 ns, 1.1478 ms/op
WorkloadPilot    5: 256 op, 269475959.00 ns, 1.0526 ms/op
WorkloadPilot    6: 512 op, 505249958.00 ns, 986.8163 us/op

OverheadWarmup   1: 512 op, 2417.00 ns, 4.7207 ns/op
OverheadWarmup   2: 512 op, 1292.00 ns, 2.5234 ns/op
OverheadWarmup   3: 512 op, 1542.00 ns, 3.0117 ns/op
OverheadWarmup   4: 512 op, 1625.00 ns, 3.1738 ns/op
OverheadWarmup   5: 512 op, 1333.00 ns, 2.6035 ns/op
OverheadWarmup   6: 512 op, 1292.00 ns, 2.5234 ns/op
OverheadWarmup   7: 512 op, 1333.00 ns, 2.6035 ns/op
OverheadWarmup   8: 512 op, 1292.00 ns, 2.5234 ns/op

OverheadActual   1: 512 op, 1542.00 ns, 3.0117 ns/op
OverheadActual   2: 512 op, 1333.00 ns, 2.6035 ns/op
OverheadActual   3: 512 op, 1083.00 ns, 2.1152 ns/op
OverheadActual   4: 512 op, 1417.00 ns, 2.7676 ns/op
OverheadActual   5: 512 op, 1375.00 ns, 2.6855 ns/op
OverheadActual   6: 512 op, 1250.00 ns, 2.4414 ns/op
OverheadActual   7: 512 op, 1250.00 ns, 2.4414 ns/op
OverheadActual   8: 512 op, 1291.00 ns, 2.5215 ns/op
OverheadActual   9: 512 op, 1666.00 ns, 3.2539 ns/op
OverheadActual  10: 512 op, 1000.00 ns, 1.9531 ns/op
OverheadActual  11: 512 op, 1125.00 ns, 2.1973 ns/op
OverheadActual  12: 512 op, 1084.00 ns, 2.1172 ns/op
OverheadActual  13: 512 op, 1083.00 ns, 2.1152 ns/op
OverheadActual  14: 512 op, 1084.00 ns, 2.1172 ns/op
OverheadActual  15: 512 op, 1208.00 ns, 2.3594 ns/op
OverheadActual  16: 512 op, 1125.00 ns, 2.1973 ns/op
OverheadActual  17: 512 op, 1083.00 ns, 2.1152 ns/op
OverheadActual  18: 512 op, 1125.00 ns, 2.1973 ns/op
OverheadActual  19: 512 op, 1334.00 ns, 2.6055 ns/op
OverheadActual  20: 512 op, 1125.00 ns, 2.1973 ns/op

WorkloadWarmup   1: 512 op, 470576625.00 ns, 919.0950 us/op
WorkloadWarmup   2: 512 op, 486994416.00 ns, 951.1610 us/op
WorkloadWarmup   3: 512 op, 467857459.00 ns, 913.7841 us/op

// BeforeActualRun
WorkloadActual   1: 512 op, 466719334.00 ns, 911.5612 us/op
WorkloadActual   2: 512 op, 466495541.00 ns, 911.1241 us/op
WorkloadActual   3: 512 op, 469461750.00 ns, 916.9175 us/op
WorkloadActual   4: 512 op, 459782625.00 ns, 898.0129 us/op
WorkloadActual   5: 512 op, 458433459.00 ns, 895.3778 us/op
WorkloadActual   6: 512 op, 457436042.00 ns, 893.4298 us/op
WorkloadActual   7: 512 op, 458231750.00 ns, 894.9839 us/op
WorkloadActual   8: 512 op, 466272875.00 ns, 910.6892 us/op
WorkloadActual   9: 512 op, 459901334.00 ns, 898.2448 us/op
WorkloadActual  10: 512 op, 463327667.00 ns, 904.9368 us/op

// AfterActualRun
WorkloadResult   1: 512 op, 466718167.50 ns, 911.5589 us/op
WorkloadResult   2: 512 op, 466494374.50 ns, 911.1218 us/op
WorkloadResult   3: 512 op, 469460583.50 ns, 916.9152 us/op
WorkloadResult   4: 512 op, 459781458.50 ns, 898.0107 us/op
WorkloadResult   5: 512 op, 458432292.50 ns, 895.3756 us/op
WorkloadResult   6: 512 op, 457434875.50 ns, 893.4275 us/op
WorkloadResult   7: 512 op, 458230583.50 ns, 894.9816 us/op
WorkloadResult   8: 512 op, 466271708.50 ns, 910.6869 us/op
WorkloadResult   9: 512 op, 459900167.50 ns, 898.2425 us/op
WorkloadResult  10: 512 op, 463326500.50 ns, 904.9346 us/op
// GC:  140 140 135 2919161600 512
// Threading:  0 0 512

// AfterAll
// Benchmark Process 67176 has exited with code 0.

Mean = 903.526 μs, StdErr = 2.697 μs (0.30%), N = 10, StdDev = 8.528 μs
Min = 893.427 μs, Q1 = 896.034 μs, Median = 901.589 μs, Q3 = 911.013 μs, Max = 916.915 μs
IQR = 14.979 μs, LowerFence = 873.566 μs, UpperFence = 933.481 μs
ConfidenceInterval = [890.633 μs; 916.418 μs] (CI 99.9%), Margin = 12.893 μs (1.43% of Mean)
Skewness = 0.2, Kurtosis = 1.21, MValue = 2

// ** Remained 0 (0,0 %) benchmark(s) to run. Estimated finish 2026-03-25 18:17 (0h 0m from now) **
// ***** BenchmarkRunner: Finish  *****

// * Export *
  BenchmarkDotNet.Artifacts/results/Deterministic.GameFramework.Benchmarks.SerializationBenchmark-report.csv
  BenchmarkDotNet.Artifacts/results/Deterministic.GameFramework.Benchmarks.SerializationBenchmark-report-github.md
  BenchmarkDotNet.Artifacts/results/Deterministic.GameFramework.Benchmarks.SerializationBenchmark-report.html

// * Detailed results *
SerializationBenchmark.Serialize_10k: Job-VSVGMD(IterationCount=10, WarmupCount=3)
Runtime = .NET 8.0.19 (8.0.1925.36514), Arm64 RyuJIT AdvSIMD; GC = Concurrent Workstation
Mean = 267.615 μs, StdErr = 0.719 μs (0.27%), N = 8, StdDev = 2.032 μs
Min = 265.024 μs, Q1 = 266.672 μs, Median = 267.541 μs, Q3 = 268.160 μs, Max = 270.982 μs
IQR = 1.487 μs, LowerFence = 264.441 μs, UpperFence = 270.391 μs
ConfidenceInterval = [263.729 μs; 271.501 μs] (CI 99.9%), Margin = 3.886 μs (1.45% of Mean)
Skewness = 0.27, Kurtosis = 1.69, MValue = 2
-------------------- Histogram --------------------
[263.691 μs ; 272.316 μs) | @@@@@@@@
---------------------------------------------------

SerializationBenchmark.Deserialize_10k_FullSync: Job-VSVGMD(IterationCount=10, WarmupCount=3)
Runtime = .NET 8.0.19 (8.0.1925.36514), Arm64 RyuJIT AdvSIMD; GC = Concurrent Workstation
Mean = 109.983 μs, StdErr = 0.213 μs (0.19%), N = 9, StdDev = 0.639 μs
Min = 108.779 μs, Q1 = 109.814 μs, Median = 109.857 μs, Q3 = 110.344 μs, Max = 111.091 μs
IQR = 0.530 μs, LowerFence = 109.019 μs, UpperFence = 111.139 μs
ConfidenceInterval = [108.909 μs; 111.057 μs] (CI 99.9%), Margin = 1.074 μs (0.98% of Mean)
Skewness = -0.13, Kurtosis = 2.46, MValue = 2
-------------------- Histogram --------------------
[108.376 μs ; 111.234 μs) | @@@@@@@@@
---------------------------------------------------

SerializationBenchmark.Deserialize_10k_Rollback: Job-VSVGMD(IterationCount=10, WarmupCount=3)
Runtime = .NET 8.0.19 (8.0.1925.36514), Arm64 RyuJIT AdvSIMD; GC = Concurrent Workstation
Mean = 89.212 μs, StdErr = 0.145 μs (0.16%), N = 9, StdDev = 0.436 μs
Min = 88.777 μs, Q1 = 88.926 μs, Median = 89.027 μs, Q3 = 89.444 μs, Max = 90.021 μs
IQR = 0.518 μs, LowerFence = 88.150 μs, UpperFence = 90.221 μs
ConfidenceInterval = [88.479 μs; 89.944 μs] (CI 99.9%), Margin = 0.732 μs (0.82% of Mean)
Skewness = 0.7, Kurtosis = 1.81, MValue = 2
-------------------- Histogram --------------------
[88.502 μs ; 90.296 μs) | @@@@@@@@@
---------------------------------------------------

SerializationBenchmark.Serialize_100k: Job-VSVGMD(IterationCount=10, WarmupCount=3)
Runtime = .NET 8.0.19 (8.0.1925.36514), Arm64 RyuJIT AdvSIMD; GC = Concurrent Workstation
Mean = 2.837 ms, StdErr = 0.014 ms (0.49%), N = 9, StdDev = 0.042 ms
Min = 2.767 ms, Q1 = 2.818 ms, Median = 2.850 ms, Q3 = 2.866 ms, Max = 2.890 ms
IQR = 0.048 ms, LowerFence = 2.746 ms, UpperFence = 2.939 ms
ConfidenceInterval = [2.768 ms; 2.907 ms] (CI 99.9%), Margin = 0.070 ms (2.46% of Mean)
Skewness = -0.55, Kurtosis = 1.71, MValue = 2
-------------------- Histogram --------------------
[2.764 ms ; 2.895 ms) | @@@@@@@@@
---------------------------------------------------

SerializationBenchmark.Deserialize_100k_FullSync: Job-VSVGMD(IterationCount=10, WarmupCount=3)
Runtime = .NET 8.0.19 (8.0.1925.36514), Arm64 RyuJIT AdvSIMD; GC = Concurrent Workstation
Mean = 1.407 ms, StdErr = 0.005 ms (0.38%), N = 10, StdDev = 0.017 ms
Min = 1.383 ms, Q1 = 1.394 ms, Median = 1.409 ms, Q3 = 1.415 ms, Max = 1.442 ms
IQR = 0.021 ms, LowerFence = 1.362 ms, UpperFence = 1.446 ms
ConfidenceInterval = [1.382 ms; 1.433 ms] (CI 99.9%), Margin = 0.025 ms (1.80% of Mean)
Skewness = 0.45, Kurtosis = 2.4, MValue = 2
-------------------- Histogram --------------------
[1.373 ms ; 1.452 ms) | @@@@@@@@@@
---------------------------------------------------

SerializationBenchmark.Deserialize_100k_Rollback: Job-VSVGMD(IterationCount=10, WarmupCount=3)
Runtime = .NET 8.0.19 (8.0.1925.36514), Arm64 RyuJIT AdvSIMD; GC = Concurrent Workstation
Mean = 903.526 μs, StdErr = 2.697 μs (0.30%), N = 10, StdDev = 8.528 μs
Min = 893.427 μs, Q1 = 896.034 μs, Median = 901.589 μs, Q3 = 911.013 μs, Max = 916.915 μs
IQR = 14.979 μs, LowerFence = 873.566 μs, UpperFence = 933.481 μs
ConfidenceInterval = [890.633 μs; 916.418 μs] (CI 99.9%), Margin = 12.893 μs (1.43% of Mean)
Skewness = 0.2, Kurtosis = 1.21, MValue = 2
-------------------- Histogram --------------------
[888.232 μs ; 922.110 μs) | @@@@@@@@@@
---------------------------------------------------

// * Summary *

BenchmarkDotNet v0.13.12, macOS 26.3 (25D125) [Darwin 25.3.0]
Apple M2 Pro, 1 CPU, 10 logical and 10 physical cores
.NET SDK 10.0.105
  [Host]     : .NET 8.0.19 (8.0.1925.36514), Arm64 RyuJIT AdvSIMD
  Job-VSVGMD : .NET 8.0.19 (8.0.1925.36514), Arm64 RyuJIT AdvSIMD

IterationCount=10  WarmupCount=3  

| Method                    | Mean        | Error     | StdDev    | Gen0     | Gen1     | Gen2     | Allocated   |
|-------------------------- |------------:|----------:|----------:|---------:|---------:|---------:|------------:|
| Serialize_10k             |   267.61 μs |  3.886 μs |  2.032 μs |  71.7773 |  70.8008 |  68.3594 |  2209.22 KB |
| Deserialize_10k_FullSync  |   109.98 μs |  1.074 μs |  0.639 μs |  70.5566 |  59.5703 |  58.3496 |  1029.67 KB |
| Deserialize_10k_Rollback  |    89.21 μs |  0.732 μs |  0.436 μs |  35.6445 |  34.4238 |  33.8135 |    557.2 KB |
| Serialize_100k            | 2,837.42 μs | 69.800 μs | 41.537 μs | 519.5313 | 519.5313 | 500.0000 | 22072.79 KB |
| Deserialize_100k_FullSync | 1,407.19 μs | 25.329 μs | 16.754 μs | 337.8906 | 337.8906 | 328.1250 | 10258.96 KB |
| Deserialize_100k_Rollback |   903.53 μs | 12.893 μs |  8.528 μs | 273.4375 | 273.4375 | 263.6719 |  5567.86 KB |

// * Hints *
Outliers
  SerializationBenchmark.Serialize_10k: IterationCount=10, WarmupCount=3            -> 2 outliers were removed (288.03 μs, 288.67 μs)
  SerializationBenchmark.Deserialize_10k_FullSync: IterationCount=10, WarmupCount=3 -> 1 outlier  was  removed, 2 outliers were detected (108.78 μs, 112.12 μs)
  SerializationBenchmark.Deserialize_10k_Rollback: IterationCount=10, WarmupCount=3 -> 1 outlier  was  removed (98.91 μs)
  SerializationBenchmark.Serialize_100k: IterationCount=10, WarmupCount=3           -> 1 outlier  was  removed (2.98 ms)

// * Legends *
  Mean      : Arithmetic mean of all measurements
  Error     : Half of 99.9% confidence interval
  StdDev    : Standard deviation of all measurements
  Gen0      : GC Generation 0 collects per 1000 operations
  Gen1      : GC Generation 1 collects per 1000 operations
  Gen2      : GC Generation 2 collects per 1000 operations
  Allocated : Allocated memory per single operation (managed only, inclusive, 1KB = 1024B)
  1 μs      : 1 Microsecond (0.000001 sec)

// * Diagnostic Output - MemoryDiagnoser *


// ***** BenchmarkRunner: End *****
Run time: 00:01:00 (60.18 sec), executed benchmarks: 6

Global total time: 00:02:25 (145.62 sec), executed benchmarks: 14
// * Artifacts cleanup *
Artifacts cleanup is finished
