// Validating benchmarks:
// ***** BenchmarkRunner: Start   *****
// ***** Found 36 benchmark(s) in total *****
// ***** Building 1 exe(s) in Parallel: Start   *****
// start dotnet  restore /p:UseSharedCompilation=false /p:BuildInParallel=false /m:1 /p:Deterministic=true /p:Optimize=true in /Users/a1/Documents/GitHub/PizzaJam2026/Server/Framework/Benchmarks/Deterministic.GameFramework.Navigation.Benchmarks/bin/Release/net8.0/4601f3fe-6af5-4365-a3e6-5c0da9f493f5
// command took 1.43 sec and exited with 0
// start dotnet  build -c Release --no-restore /p:UseSharedCompilation=false /p:BuildInParallel=false /m:1 /p:Deterministic=true /p:Optimize=true in /Users/a1/Documents/GitHub/PizzaJam2026/Server/Framework/Benchmarks/Deterministic.GameFramework.Navigation.Benchmarks/bin/Release/net8.0/4601f3fe-6af5-4365-a3e6-5c0da9f493f5
// command took 3.02 sec and exited with 0
// ***** Done, took 00:00:04 (4.57 sec)   *****
// Found 36 benchmarks:
//   PhysicsBakeBenchmark.SteadyState: DefaultJob [ObstacleCount=10, AgentCount=3, RegionCount=0]
//   PhysicsBakeBenchmark.PhysicsRebake: DefaultJob [ObstacleCount=10, AgentCount=3, RegionCount=0]
//   PhysicsBakeBenchmark.PhysicsRebake_WithRegions: DefaultJob [ObstacleCount=10, AgentCount=3, RegionCount=0]
//   PhysicsBakeBenchmark.SteadyState: DefaultJob [ObstacleCount=10, AgentCount=3, RegionCount=4]
//   PhysicsBakeBenchmark.PhysicsRebake: DefaultJob [ObstacleCount=10, AgentCount=3, RegionCount=4]
//   PhysicsBakeBenchmark.PhysicsRebake_WithRegions: DefaultJob [ObstacleCount=10, AgentCount=3, RegionCount=4]
//   PhysicsBakeBenchmark.SteadyState: DefaultJob [ObstacleCount=10, AgentCount=10, RegionCount=0]
//   PhysicsBakeBenchmark.PhysicsRebake: DefaultJob [ObstacleCount=10, AgentCount=10, RegionCount=0]
//   PhysicsBakeBenchmark.PhysicsRebake_WithRegions: DefaultJob [ObstacleCount=10, AgentCount=10, RegionCount=0]
//   PhysicsBakeBenchmark.SteadyState: DefaultJob [ObstacleCount=10, AgentCount=10, RegionCount=4]
//   PhysicsBakeBenchmark.PhysicsRebake: DefaultJob [ObstacleCount=10, AgentCount=10, RegionCount=4]
//   PhysicsBakeBenchmark.PhysicsRebake_WithRegions: DefaultJob [ObstacleCount=10, AgentCount=10, RegionCount=4]
//   PhysicsBakeBenchmark.SteadyState: DefaultJob [ObstacleCount=30, AgentCount=3, RegionCount=0]
//   PhysicsBakeBenchmark.PhysicsRebake: DefaultJob [ObstacleCount=30, AgentCount=3, RegionCount=0]
//   PhysicsBakeBenchmark.PhysicsRebake_WithRegions: DefaultJob [ObstacleCount=30, AgentCount=3, RegionCount=0]
//   PhysicsBakeBenchmark.SteadyState: DefaultJob [ObstacleCount=30, AgentCount=3, RegionCount=4]
//   PhysicsBakeBenchmark.PhysicsRebake: DefaultJob [ObstacleCount=30, AgentCount=3, RegionCount=4]
//   PhysicsBakeBenchmark.PhysicsRebake_WithRegions: DefaultJob [ObstacleCount=30, AgentCount=3, RegionCount=4]
//   PhysicsBakeBenchmark.SteadyState: DefaultJob [ObstacleCount=30, AgentCount=10, RegionCount=0]
//   PhysicsBakeBenchmark.PhysicsRebake: DefaultJob [ObstacleCount=30, AgentCount=10, RegionCount=0]
//   PhysicsBakeBenchmark.PhysicsRebake_WithRegions: DefaultJob [ObstacleCount=30, AgentCount=10, RegionCount=0]
//   PhysicsBakeBenchmark.SteadyState: DefaultJob [ObstacleCount=30, AgentCount=10, RegionCount=4]
//   PhysicsBakeBenchmark.PhysicsRebake: DefaultJob [ObstacleCount=30, AgentCount=10, RegionCount=4]
//   PhysicsBakeBenchmark.PhysicsRebake_WithRegions: DefaultJob [ObstacleCount=30, AgentCount=10, RegionCount=4]
//   PhysicsBakeBenchmark.SteadyState: DefaultJob [ObstacleCount=60, AgentCount=3, RegionCount=0]
//   PhysicsBakeBenchmark.PhysicsRebake: DefaultJob [ObstacleCount=60, AgentCount=3, RegionCount=0]
//   PhysicsBakeBenchmark.PhysicsRebake_WithRegions: DefaultJob [ObstacleCount=60, AgentCount=3, RegionCount=0]
//   PhysicsBakeBenchmark.SteadyState: DefaultJob [ObstacleCount=60, AgentCount=3, RegionCount=4]
//   PhysicsBakeBenchmark.PhysicsRebake: DefaultJob [ObstacleCount=60, AgentCount=3, RegionCount=4]
//   PhysicsBakeBenchmark.PhysicsRebake_WithRegions: DefaultJob [ObstacleCount=60, AgentCount=3, RegionCount=4]
//   PhysicsBakeBenchmark.SteadyState: DefaultJob [ObstacleCount=60, AgentCount=10, RegionCount=0]
//   PhysicsBakeBenchmark.PhysicsRebake: DefaultJob [ObstacleCount=60, AgentCount=10, RegionCount=0]
//   PhysicsBakeBenchmark.PhysicsRebake_WithRegions: DefaultJob [ObstacleCount=60, AgentCount=10, RegionCount=0]
//   PhysicsBakeBenchmark.SteadyState: DefaultJob [ObstacleCount=60, AgentCount=10, RegionCount=4]
//   PhysicsBakeBenchmark.PhysicsRebake: DefaultJob [ObstacleCount=60, AgentCount=10, RegionCount=4]
//   PhysicsBakeBenchmark.PhysicsRebake_WithRegions: DefaultJob [ObstacleCount=60, AgentCount=10, RegionCount=4]

// **************************
// Benchmark: PhysicsBakeBenchmark.SteadyState: DefaultJob [ObstacleCount=10, AgentCount=3, RegionCount=0]
// *** Execute ***
// Launch: 1 / 1
// Execute: dotnet 4601f3fe-6af5-4365-a3e6-5c0da9f493f5.dll --anonymousPipes 118 119 --benchmarkName "Deterministic.GameFramework.Navigation.Benchmarks.PhysicsBakeBenchmark.SteadyState(ObstacleCount: 10, AgentCount: 3, RegionCount: 0)" --job Default --benchmarkId 0 in /Users/a1/Documents/GitHub/PizzaJam2026/Server/Framework/Benchmarks/Deterministic.GameFramework.Navigation.Benchmarks/bin/Release/net8.0/4601f3fe-6af5-4365-a3e6-5c0da9f493f5/bin/Release/net8.0
// Failed to set up high priority (Permission denied). In order to run benchmarks with high priority, make sure you have the right permissions.
// BeforeAnythingElse

// Benchmark Process Environment Information:
// BenchmarkDotNet v0.13.12
// Runtime=.NET 8.0.19 (8.0.1925.36514), Arm64 RyuJIT AdvSIMD
// GC=Concurrent Workstation
// HardwareIntrinsics=AdvSIMD,AES,CRC32,DP,RDM,SHA1,SHA256 VectorSize=128
// Job: DefaultJob

[ComponentId] Registered World -> Local(0) Stable(Stable(00000000-0000-0000-0000-000072b3622d))
[ComponentId] Registered Transform2D -> Local(1) Stable(Stable(aafea77a-2300-4eef-9ffc-071170bb9a26))
[ComponentId] Registered NavigationRegion2D -> Local(2) Stable(Stable(b7e2a1c3-4d56-4f89-a012-3e4f5a6b7c8d))
[ComponentId] Registered NavigationAgent2D -> Local(3) Stable(Stable(c8f3b2d4-5e67-4a90-b123-4f5a6b7c8d9e))
[ComponentId] Registered NavigationObstacle2D -> Local(4) Stable(Stable(d9a4c3e5-6f78-4b01-c234-5a6b7c8d9e0f))
[ComponentId] Registered NavigationWorld2D -> Local(5) Stable(Stable(ea5b4d6c-7f89-4012-d345-6a7b8c9d0e1f))
[ComponentId] Registered CharacterBody2D -> Local(6) Stable(Stable(1f3b7788-2947-4d66-9d33-1275d2757278))
[ComponentId] Registered Area2D -> Local(7) Stable(Stable(42ac8ac3-53d6-40ca-9f7e-5daee2548ba6))
[ComponentId] Registered StaticBody2D -> Local(8) Stable(Stable(56221147-3807-449e-8c88-e92544a47833))
[ComponentId] Registered RigidBody2D -> Local(9) Stable(Stable(8014592a-3375-4c07-ae29-598114227003))
[ComponentId] Registered CollisionShape2D -> Local(10) Stable(Stable(c9075775-7634-45e0-a006-037000784226))
[ComponentId] Registered PhysicsWorldState -> Local(11) Stable(Stable(fb4fe7e4-2244-48ea-9ec5-0a972a3861d4))
OverheadJitting  1: 1 op, 106958.00 ns, 106.9580 us/op
WorkloadJitting  1: 1 op, 399666.00 ns, 399.6660 us/op

OverheadJitting  2: 16 op, 173750.00 ns, 10.8594 us/op
WorkloadJitting  2: 16 op, 3012375.00 ns, 188.2734 us/op

WorkloadPilot    1: 16 op, 2833167.00 ns, 177.0729 us/op
WorkloadPilot    2: 32 op, 5804125.00 ns, 181.3789 us/op
WorkloadPilot    3: 64 op, 11303459.00 ns, 176.6165 us/op
WorkloadPilot    4: 128 op, 22180959.00 ns, 173.2887 us/op
WorkloadPilot    5: 256 op, 44241959.00 ns, 172.8202 us/op
WorkloadPilot    6: 512 op, 87272166.00 ns, 170.4534 us/op
WorkloadPilot    7: 1024 op, 48695458.00 ns, 47.5542 us/op
WorkloadPilot    8: 2048 op, 59916666.00 ns, 29.2562 us/op
WorkloadPilot    9: 4096 op, 92338875.00 ns, 22.5437 us/op
WorkloadPilot   10: 8192 op, 167228917.00 ns, 20.4137 us/op
WorkloadPilot   11: 16384 op, 334294875.00 ns, 20.4037 us/op
WorkloadPilot   12: 32768 op, 671279333.00 ns, 20.4858 us/op

OverheadWarmup   1: 32768 op, 64375.00 ns, 1.9646 ns/op
OverheadWarmup   2: 32768 op, 64500.00 ns, 1.9684 ns/op
OverheadWarmup   3: 32768 op, 64667.00 ns, 1.9735 ns/op
OverheadWarmup   4: 32768 op, 63375.00 ns, 1.9341 ns/op
OverheadWarmup   5: 32768 op, 64708.00 ns, 1.9747 ns/op
OverheadWarmup   6: 32768 op, 68666.00 ns, 2.0955 ns/op
OverheadWarmup   7: 32768 op, 64459.00 ns, 1.9671 ns/op

OverheadActual   1: 32768 op, 64291.00 ns, 1.9620 ns/op
OverheadActual   2: 32768 op, 64542.00 ns, 1.9697 ns/op
OverheadActual   3: 32768 op, 64292.00 ns, 1.9620 ns/op
OverheadActual   4: 32768 op, 64833.00 ns, 1.9785 ns/op
OverheadActual   5: 32768 op, 64333.00 ns, 1.9633 ns/op
OverheadActual   6: 32768 op, 71458.00 ns, 2.1807 ns/op
OverheadActual   7: 32768 op, 71042.00 ns, 2.1680 ns/op
OverheadActual   8: 32768 op, 64375.00 ns, 1.9646 ns/op
OverheadActual   9: 32768 op, 72417.00 ns, 2.2100 ns/op
OverheadActual  10: 32768 op, 64417.00 ns, 1.9659 ns/op
OverheadActual  11: 32768 op, 71500.00 ns, 2.1820 ns/op
OverheadActual  12: 32768 op, 64375.00 ns, 1.9646 ns/op
OverheadActual  13: 32768 op, 64250.00 ns, 1.9608 ns/op
OverheadActual  14: 32768 op, 64250.00 ns, 1.9608 ns/op
OverheadActual  15: 32768 op, 70875.00 ns, 2.1629 ns/op
OverheadActual  16: 32768 op, 71459.00 ns, 2.1808 ns/op
OverheadActual  17: 32768 op, 68250.00 ns, 2.0828 ns/op
OverheadActual  18: 32768 op, 75833.00 ns, 2.3142 ns/op
OverheadActual  19: 32768 op, 64500.00 ns, 1.9684 ns/op
OverheadActual  20: 32768 op, 63917.00 ns, 1.9506 ns/op

WorkloadWarmup   1: 32768 op, 664974375.00 ns, 20.2934 us/op
WorkloadWarmup   2: 32768 op, 663703833.00 ns, 20.2546 us/op
WorkloadWarmup   3: 32768 op, 662832833.00 ns, 20.2281 us/op
WorkloadWarmup   4: 32768 op, 664402792.00 ns, 20.2760 us/op
WorkloadWarmup   5: 32768 op, 665166709.00 ns, 20.2993 us/op
WorkloadWarmup   6: 32768 op, 668117833.00 ns, 20.3893 us/op
WorkloadWarmup   7: 32768 op, 667809792.00 ns, 20.3799 us/op
WorkloadWarmup   8: 32768 op, 672338375.00 ns, 20.5181 us/op
WorkloadWarmup   9: 32768 op, 666000500.00 ns, 20.3247 us/op

// BeforeActualRun
WorkloadActual   1: 32768 op, 662898625.00 ns, 20.2301 us/op
WorkloadActual   2: 32768 op, 676427292.00 ns, 20.6429 us/op
WorkloadActual   3: 32768 op, 663285250.00 ns, 20.2419 us/op
WorkloadActual   4: 32768 op, 663491750.00 ns, 20.2482 us/op
WorkloadActual   5: 32768 op, 666958250.00 ns, 20.3540 us/op
WorkloadActual   6: 32768 op, 671346667.00 ns, 20.4879 us/op
WorkloadActual   7: 32768 op, 665478541.00 ns, 20.3088 us/op
WorkloadActual   8: 32768 op, 666328375.00 ns, 20.3347 us/op
WorkloadActual   9: 32768 op, 665497583.00 ns, 20.3094 us/op
WorkloadActual  10: 32768 op, 675677583.00 ns, 20.6200 us/op
WorkloadActual  11: 32768 op, 663940292.00 ns, 20.2618 us/op
WorkloadActual  12: 32768 op, 663669000.00 ns, 20.2536 us/op
WorkloadActual  13: 32768 op, 664865458.00 ns, 20.2901 us/op
WorkloadActual  14: 32768 op, 666272291.00 ns, 20.3330 us/op
WorkloadActual  15: 32768 op, 666955834.00 ns, 20.3539 us/op

// AfterActualRun
WorkloadResult   1: 32768 op, 662834104.00 ns, 20.2281 us/op
WorkloadResult   2: 32768 op, 663220729.00 ns, 20.2399 us/op
WorkloadResult   3: 32768 op, 663427229.00 ns, 20.2462 us/op
WorkloadResult   4: 32768 op, 666893729.00 ns, 20.3520 us/op
WorkloadResult   5: 32768 op, 671282146.00 ns, 20.4859 us/op
WorkloadResult   6: 32768 op, 665414020.00 ns, 20.3068 us/op
WorkloadResult   7: 32768 op, 666263854.00 ns, 20.3328 us/op
WorkloadResult   8: 32768 op, 665433062.00 ns, 20.3074 us/op
WorkloadResult   9: 32768 op, 663875771.00 ns, 20.2599 us/op
WorkloadResult  10: 32768 op, 663604479.00 ns, 20.2516 us/op
WorkloadResult  11: 32768 op, 664800937.00 ns, 20.2881 us/op
WorkloadResult  12: 32768 op, 666207770.00 ns, 20.3310 us/op
WorkloadResult  13: 32768 op, 666891313.00 ns, 20.3519 us/op
// GC:  1 0 0 12059360 32768
// Threading:  0 0 32768

// AfterAll
// Benchmark Process 9097 has exited with code 0.

Mean = 20.306 μs, StdErr = 0.019 μs (0.09%), N = 13, StdDev = 0.069 μs
Min = 20.228 μs, Q1 = 20.252 μs, Median = 20.307 μs, Q3 = 20.333 μs, Max = 20.486 μs
IQR = 0.081 μs, LowerFence = 20.130 μs, UpperFence = 20.454 μs
ConfidenceInterval = [20.223 μs; 20.389 μs] (CI 99.9%), Margin = 0.083 μs (0.41% of Mean)
Skewness = 1.11, Kurtosis = 3.82, MValue = 2

// ** Remained 35 (97,2 %) benchmark(s) to run. Estimated finish 2026-03-26 11:42 (0h 10m from now) **
// **************************
// Benchmark: PhysicsBakeBenchmark.PhysicsRebake: DefaultJob [ObstacleCount=10, AgentCount=3, RegionCount=0]
// *** Execute ***
// Launch: 1 / 1
// Execute: dotnet 4601f3fe-6af5-4365-a3e6-5c0da9f493f5.dll --anonymousPipes 120 121 --benchmarkName "Deterministic.GameFramework.Navigation.Benchmarks.PhysicsBakeBenchmark.PhysicsRebake(ObstacleCount: 10, AgentCount: 3, RegionCount: 0)" --job Default --benchmarkId 1 in /Users/a1/Documents/GitHub/PizzaJam2026/Server/Framework/Benchmarks/Deterministic.GameFramework.Navigation.Benchmarks/bin/Release/net8.0/4601f3fe-6af5-4365-a3e6-5c0da9f493f5/bin/Release/net8.0
// Failed to set up high priority (Permission denied). In order to run benchmarks with high priority, make sure you have the right permissions.
// BeforeAnythingElse

// Benchmark Process Environment Information:
// BenchmarkDotNet v0.13.12
// Runtime=.NET 8.0.19 (8.0.1925.36514), Arm64 RyuJIT AdvSIMD
// GC=Concurrent Workstation
// HardwareIntrinsics=AdvSIMD,AES,CRC32,DP,RDM,SHA1,SHA256 VectorSize=128
// Job: DefaultJob

[ComponentId] Registered World -> Local(0) Stable(Stable(00000000-0000-0000-0000-000072b3622d))
[ComponentId] Registered Transform2D -> Local(1) Stable(Stable(aafea77a-2300-4eef-9ffc-071170bb9a26))
[ComponentId] Registered NavigationRegion2D -> Local(2) Stable(Stable(b7e2a1c3-4d56-4f89-a012-3e4f5a6b7c8d))
[ComponentId] Registered NavigationAgent2D -> Local(3) Stable(Stable(c8f3b2d4-5e67-4a90-b123-4f5a6b7c8d9e))
[ComponentId] Registered NavigationObstacle2D -> Local(4) Stable(Stable(d9a4c3e5-6f78-4b01-c234-5a6b7c8d9e0f))
[ComponentId] Registered NavigationWorld2D -> Local(5) Stable(Stable(ea5b4d6c-7f89-4012-d345-6a7b8c9d0e1f))
[ComponentId] Registered CharacterBody2D -> Local(6) Stable(Stable(1f3b7788-2947-4d66-9d33-1275d2757278))
[ComponentId] Registered Area2D -> Local(7) Stable(Stable(42ac8ac3-53d6-40ca-9f7e-5daee2548ba6))
[ComponentId] Registered StaticBody2D -> Local(8) Stable(Stable(56221147-3807-449e-8c88-e92544a47833))
[ComponentId] Registered RigidBody2D -> Local(9) Stable(Stable(8014592a-3375-4c07-ae29-598114227003))
[ComponentId] Registered CollisionShape2D -> Local(10) Stable(Stable(c9075775-7634-45e0-a006-037000784226))
[ComponentId] Registered PhysicsWorldState -> Local(11) Stable(Stable(fb4fe7e4-2244-48ea-9ec5-0a972a3861d4))
OverheadJitting  1: 1 op, 134750.00 ns, 134.7500 us/op
WorkloadJitting  1: 1 op, 31979875.00 ns, 31.9799 ms/op

OverheadJitting  2: 16 op, 122500.00 ns, 7.6562 us/op
WorkloadJitting  2: 16 op, 339572250.00 ns, 21.2233 ms/op

WorkloadPilot    1: 16 op, 89056333.00 ns, 5.5660 ms/op
WorkloadPilot    2: 32 op, 178493042.00 ns, 5.5779 ms/op
WorkloadPilot    3: 64 op, 357462042.00 ns, 5.5853 ms/op
WorkloadPilot    4: 128 op, 687564541.00 ns, 5.3716 ms/op

OverheadWarmup   1: 128 op, 2500.00 ns, 19.5312 ns/op
OverheadWarmup   2: 128 op, 416.00 ns, 3.2500 ns/op
OverheadWarmup   3: 128 op, 500.00 ns, 3.9062 ns/op
OverheadWarmup   4: 128 op, 333.00 ns, 2.6016 ns/op
OverheadWarmup   5: 128 op, 1084.00 ns, 8.4688 ns/op
OverheadWarmup   6: 128 op, 416.00 ns, 3.2500 ns/op

OverheadActual   1: 128 op, 625.00 ns, 4.8828 ns/op
OverheadActual   2: 128 op, 917.00 ns, 7.1641 ns/op
OverheadActual   3: 128 op, 291.00 ns, 2.2734 ns/op
OverheadActual   4: 128 op, 375.00 ns, 2.9297 ns/op
OverheadActual   5: 128 op, 708.00 ns, 5.5312 ns/op
OverheadActual   6: 128 op, 500.00 ns, 3.9062 ns/op
OverheadActual   7: 128 op, 542.00 ns, 4.2344 ns/op
OverheadActual   8: 128 op, 292.00 ns, 2.2812 ns/op
OverheadActual   9: 128 op, 375.00 ns, 2.9297 ns/op
OverheadActual  10: 128 op, 333.00 ns, 2.6016 ns/op
OverheadActual  11: 128 op, 334.00 ns, 2.6094 ns/op
OverheadActual  12: 128 op, 291.00 ns, 2.2734 ns/op
OverheadActual  13: 128 op, 417.00 ns, 3.2578 ns/op
OverheadActual  14: 128 op, 375.00 ns, 2.9297 ns/op
OverheadActual  15: 128 op, 1291.00 ns, 10.0859 ns/op
OverheadActual  16: 128 op, 333.00 ns, 2.6016 ns/op
OverheadActual  17: 128 op, 292.00 ns, 2.2812 ns/op
OverheadActual  18: 128 op, 250.00 ns, 1.9531 ns/op
OverheadActual  19: 128 op, 1500.00 ns, 11.7188 ns/op
OverheadActual  20: 128 op, 875.00 ns, 6.8359 ns/op

WorkloadWarmup   1: 128 op, 683307792.00 ns, 5.3383 ms/op
WorkloadWarmup   2: 128 op, 682767083.00 ns, 5.3341 ms/op
WorkloadWarmup   3: 128 op, 687103792.00 ns, 5.3680 ms/op
WorkloadWarmup   4: 128 op, 683486958.00 ns, 5.3397 ms/op
WorkloadWarmup   5: 128 op, 698749042.00 ns, 5.4590 ms/op
WorkloadWarmup   6: 128 op, 689589791.00 ns, 5.3874 ms/op

// BeforeActualRun
WorkloadActual   1: 128 op, 690384000.00 ns, 5.3936 ms/op
WorkloadActual   2: 128 op, 688671334.00 ns, 5.3802 ms/op
WorkloadActual   3: 128 op, 690418042.00 ns, 5.3939 ms/op
WorkloadActual   4: 128 op, 687604542.00 ns, 5.3719 ms/op
WorkloadActual   5: 128 op, 690698834.00 ns, 5.3961 ms/op
WorkloadActual   6: 128 op, 692604084.00 ns, 5.4110 ms/op
WorkloadActual   7: 128 op, 692469750.00 ns, 5.4099 ms/op
WorkloadActual   8: 128 op, 689088084.00 ns, 5.3835 ms/op
WorkloadActual   9: 128 op, 693556000.00 ns, 5.4184 ms/op
WorkloadActual  10: 128 op, 685929834.00 ns, 5.3588 ms/op
WorkloadActual  11: 128 op, 691695625.00 ns, 5.4039 ms/op
WorkloadActual  12: 128 op, 684539250.00 ns, 5.3480 ms/op
WorkloadActual  13: 128 op, 688634208.00 ns, 5.3800 ms/op
WorkloadActual  14: 128 op, 687534417.00 ns, 5.3714 ms/op
WorkloadActual  15: 128 op, 691060458.00 ns, 5.3989 ms/op

// AfterActualRun
WorkloadResult   1: 128 op, 690383625.00 ns, 5.3936 ms/op
WorkloadResult   2: 128 op, 688670959.00 ns, 5.3802 ms/op
WorkloadResult   3: 128 op, 690417667.00 ns, 5.3939 ms/op
WorkloadResult   4: 128 op, 687604167.00 ns, 5.3719 ms/op
WorkloadResult   5: 128 op, 690698459.00 ns, 5.3961 ms/op
WorkloadResult   6: 128 op, 692603709.00 ns, 5.4110 ms/op
WorkloadResult   7: 128 op, 692469375.00 ns, 5.4099 ms/op
WorkloadResult   8: 128 op, 689087709.00 ns, 5.3835 ms/op
WorkloadResult   9: 128 op, 693555625.00 ns, 5.4184 ms/op
WorkloadResult  10: 128 op, 685929459.00 ns, 5.3588 ms/op
WorkloadResult  11: 128 op, 691695250.00 ns, 5.4039 ms/op
WorkloadResult  12: 128 op, 684538875.00 ns, 5.3480 ms/op
WorkloadResult  13: 128 op, 688633833.00 ns, 5.3800 ms/op
WorkloadResult  14: 128 op, 687534042.00 ns, 5.3714 ms/op
WorkloadResult  15: 128 op, 691060083.00 ns, 5.3989 ms/op
// GC:  107 52 0 898608864 128
// Threading:  0 0 128

// AfterAll
// Benchmark Process 9103 has exited with code 0.

Mean = 5.388 ms, StdErr = 0.005 ms (0.10%), N = 15, StdDev = 0.020 ms
Min = 5.348 ms, Q1 = 5.376 ms, Median = 5.394 ms, Q3 = 5.401 ms, Max = 5.418 ms
IQR = 0.025 ms, LowerFence = 5.338 ms, UpperFence = 5.440 ms
ConfidenceInterval = [5.367 ms; 5.409 ms] (CI 99.9%), Margin = 0.021 ms (0.40% of Mean)
Skewness = -0.35, Kurtosis = 2.06, MValue = 2

// ** Remained 34 (94,4 %) benchmark(s) to run. Estimated finish 2026-03-26 11:42 (0h 10m from now) **
// **************************
// Benchmark: PhysicsBakeBenchmark.PhysicsRebake_WithRegions: DefaultJob [ObstacleCount=10, AgentCount=3, RegionCount=0]
// *** Execute ***
// Launch: 1 / 1
// Execute: dotnet 4601f3fe-6af5-4365-a3e6-5c0da9f493f5.dll --anonymousPipes 120 121 --benchmarkName "Deterministic.GameFramework.Navigation.Benchmarks.PhysicsBakeBenchmark.PhysicsRebake_WithRegions(ObstacleCount: 10, AgentCount: 3, RegionCount: 0)" --job Default --benchmarkId 2 in /Users/a1/Documents/GitHub/PizzaJam2026/Server/Framework/Benchmarks/Deterministic.GameFramework.Navigation.Benchmarks/bin/Release/net8.0/4601f3fe-6af5-4365-a3e6-5c0da9f493f5/bin/Release/net8.0
// Failed to set up high priority (Permission denied). In order to run benchmarks with high priority, make sure you have the right permissions.
// BeforeAnythingElse

// Benchmark Process Environment Information:
// BenchmarkDotNet v0.13.12
// Runtime=.NET 8.0.19 (8.0.1925.36514), Arm64 RyuJIT AdvSIMD
// GC=Concurrent Workstation
// HardwareIntrinsics=AdvSIMD,AES,CRC32,DP,RDM,SHA1,SHA256 VectorSize=128
// Job: DefaultJob

[ComponentId] Registered World -> Local(0) Stable(Stable(00000000-0000-0000-0000-000072b3622d))
[ComponentId] Registered Transform2D -> Local(1) Stable(Stable(aafea77a-2300-4eef-9ffc-071170bb9a26))
[ComponentId] Registered NavigationRegion2D -> Local(2) Stable(Stable(b7e2a1c3-4d56-4f89-a012-3e4f5a6b7c8d))
[ComponentId] Registered NavigationAgent2D -> Local(3) Stable(Stable(c8f3b2d4-5e67-4a90-b123-4f5a6b7c8d9e))
[ComponentId] Registered NavigationObstacle2D -> Local(4) Stable(Stable(d9a4c3e5-6f78-4b01-c234-5a6b7c8d9e0f))
[ComponentId] Registered NavigationWorld2D -> Local(5) Stable(Stable(ea5b4d6c-7f89-4012-d345-6a7b8c9d0e1f))
[ComponentId] Registered CharacterBody2D -> Local(6) Stable(Stable(1f3b7788-2947-4d66-9d33-1275d2757278))
[ComponentId] Registered Area2D -> Local(7) Stable(Stable(42ac8ac3-53d6-40ca-9f7e-5daee2548ba6))
[ComponentId] Registered StaticBody2D -> Local(8) Stable(Stable(56221147-3807-449e-8c88-e92544a47833))
[ComponentId] Registered RigidBody2D -> Local(9) Stable(Stable(8014592a-3375-4c07-ae29-598114227003))
[ComponentId] Registered CollisionShape2D -> Local(10) Stable(Stable(c9075775-7634-45e0-a006-037000784226))
[ComponentId] Registered PhysicsWorldState -> Local(11) Stable(Stable(fb4fe7e4-2244-48ea-9ec5-0a972a3861d4))
OverheadJitting  1: 1 op, 108416.00 ns, 108.4160 us/op
WorkloadJitting  1: 1 op, 185000.00 ns, 185.0000 us/op

OverheadJitting  2: 16 op, 104125.00 ns, 6.5078 us/op
WorkloadJitting  2: 16 op, 162250.00 ns, 10.1406 us/op

WorkloadPilot    1: 16 op, 959.00 ns, 59.9375 ns/op
WorkloadPilot    2: 32 op, 1125.00 ns, 35.1562 ns/op
WorkloadPilot    3: 64 op, 792.00 ns, 12.3750 ns/op
WorkloadPilot    4: 128 op, 1208.00 ns, 9.4375 ns/op
WorkloadPilot    5: 256 op, 2209.00 ns, 8.6289 ns/op
WorkloadPilot    6: 512 op, 4000.00 ns, 7.8125 ns/op
WorkloadPilot    7: 1024 op, 7916.00 ns, 7.7305 ns/op
WorkloadPilot    8: 2048 op, 15541.00 ns, 7.5884 ns/op
WorkloadPilot    9: 4096 op, 30459.00 ns, 7.4363 ns/op
WorkloadPilot   10: 8192 op, 64958.00 ns, 7.9294 ns/op
WorkloadPilot   11: 16384 op, 102542.00 ns, 6.2587 ns/op
WorkloadPilot   12: 32768 op, 156291.00 ns, 4.7696 ns/op
WorkloadPilot   13: 65536 op, 277541.00 ns, 4.2349 ns/op
WorkloadPilot   14: 131072 op, 532750.00 ns, 4.0646 ns/op
WorkloadPilot   15: 262144 op, 997542.00 ns, 3.8053 ns/op
WorkloadPilot   16: 524288 op, 2027375.00 ns, 3.8669 ns/op
WorkloadPilot   17: 1048576 op, 3995584.00 ns, 3.8105 ns/op
WorkloadPilot   18: 2097152 op, 7782833.00 ns, 3.7111 ns/op
WorkloadPilot   19: 4194304 op, 15632333.00 ns, 3.7270 ns/op
WorkloadPilot   20: 8388608 op, 31226167.00 ns, 3.7224 ns/op
WorkloadPilot   21: 16777216 op, 28588667.00 ns, 1.7040 ns/op
WorkloadPilot   22: 33554432 op, 55873708.00 ns, 1.6652 ns/op
WorkloadPilot   23: 67108864 op, 112230833.00 ns, 1.6724 ns/op
WorkloadPilot   24: 134217728 op, 223549833.00 ns, 1.6656 ns/op
WorkloadPilot   25: 268435456 op, 447055417.00 ns, 1.6654 ns/op
WorkloadPilot   26: 536870912 op, 893797000.00 ns, 1.6648 ns/op

OverheadWarmup   1: 536870912 op, 663838834.00 ns, 1.2365 ns/op
OverheadWarmup   2: 536870912 op, 570321875.00 ns, 1.0623 ns/op
OverheadWarmup   3: 536870912 op, 571862458.00 ns, 1.0652 ns/op
OverheadWarmup   4: 536870912 op, 572916750.00 ns, 1.0671 ns/op
OverheadWarmup   5: 536870912 op, 570477000.00 ns, 1.0626 ns/op
OverheadWarmup   6: 536870912 op, 573093833.00 ns, 1.0675 ns/op
OverheadWarmup   7: 536870912 op, 572432791.00 ns, 1.0662 ns/op

OverheadActual   1: 536870912 op, 567473834.00 ns, 1.0570 ns/op
OverheadActual   2: 536870912 op, 565828708.00 ns, 1.0539 ns/op
OverheadActual   3: 536870912 op, 565089917.00 ns, 1.0526 ns/op
OverheadActual   4: 536870912 op, 565598875.00 ns, 1.0535 ns/op
OverheadActual   5: 536870912 op, 564460875.00 ns, 1.0514 ns/op
OverheadActual   6: 536870912 op, 566490583.00 ns, 1.0552 ns/op
OverheadActual   7: 536870912 op, 566935167.00 ns, 1.0560 ns/op
OverheadActual   8: 536870912 op, 567315834.00 ns, 1.0567 ns/op
OverheadActual   9: 536870912 op, 571215917.00 ns, 1.0640 ns/op
OverheadActual  10: 536870912 op, 567471459.00 ns, 1.0570 ns/op
OverheadActual  11: 536870912 op, 565957709.00 ns, 1.0542 ns/op
OverheadActual  12: 536870912 op, 565921750.00 ns, 1.0541 ns/op
OverheadActual  13: 536870912 op, 564940500.00 ns, 1.0523 ns/op
OverheadActual  14: 536870912 op, 565698958.00 ns, 1.0537 ns/op
OverheadActual  15: 536870912 op, 564841458.00 ns, 1.0521 ns/op

WorkloadWarmup   1: 536870912 op, 896413125.00 ns, 1.6697 ns/op
WorkloadWarmup   2: 536870912 op, 897558625.00 ns, 1.6718 ns/op
WorkloadWarmup   3: 536870912 op, 900041500.00 ns, 1.6765 ns/op
WorkloadWarmup   4: 536870912 op, 896023000.00 ns, 1.6690 ns/op
WorkloadWarmup   5: 536870912 op, 893739417.00 ns, 1.6647 ns/op
WorkloadWarmup   6: 536870912 op, 893641417.00 ns, 1.6645 ns/op
WorkloadWarmup   7: 536870912 op, 895590292.00 ns, 1.6682 ns/op
WorkloadWarmup   8: 536870912 op, 899326791.00 ns, 1.6751 ns/op
WorkloadWarmup   9: 536870912 op, 899960875.00 ns, 1.6763 ns/op
WorkloadWarmup  10: 536870912 op, 898906125.00 ns, 1.6743 ns/op

// BeforeActualRun
WorkloadActual   1: 536870912 op, 893351084.00 ns, 1.6640 ns/op
WorkloadActual   2: 536870912 op, 895229625.00 ns, 1.6675 ns/op
WorkloadActual   3: 536870912 op, 893330958.00 ns, 1.6640 ns/op
WorkloadActual   4: 536870912 op, 900827750.00 ns, 1.6779 ns/op
WorkloadActual   5: 536870912 op, 898263166.00 ns, 1.6731 ns/op
WorkloadActual   6: 536870912 op, 897463584.00 ns, 1.6717 ns/op
WorkloadActual   7: 536870912 op, 895783083.00 ns, 1.6685 ns/op
WorkloadActual   8: 536870912 op, 893737709.00 ns, 1.6647 ns/op
WorkloadActual   9: 536870912 op, 895505750.00 ns, 1.6680 ns/op
WorkloadActual  10: 536870912 op, 897725875.00 ns, 1.6721 ns/op
WorkloadActual  11: 536870912 op, 899133417.00 ns, 1.6748 ns/op
WorkloadActual  12: 536870912 op, 898103042.00 ns, 1.6728 ns/op
WorkloadActual  13: 536870912 op, 896167583.00 ns, 1.6692 ns/op
WorkloadActual  14: 536870912 op, 894683000.00 ns, 1.6665 ns/op
WorkloadActual  15: 536870912 op, 895080333.00 ns, 1.6672 ns/op

// AfterActualRun
WorkloadResult   1: 536870912 op, 327429334.00 ns, 0.6099 ns/op
WorkloadResult   2: 536870912 op, 329307875.00 ns, 0.6134 ns/op
WorkloadResult   3: 536870912 op, 327409208.00 ns, 0.6098 ns/op
WorkloadResult   4: 536870912 op, 334906000.00 ns, 0.6238 ns/op
WorkloadResult   5: 536870912 op, 332341416.00 ns, 0.6190 ns/op
WorkloadResult   6: 536870912 op, 331541834.00 ns, 0.6175 ns/op
WorkloadResult   7: 536870912 op, 329861333.00 ns, 0.6144 ns/op
WorkloadResult   8: 536870912 op, 327815959.00 ns, 0.6106 ns/op
WorkloadResult   9: 536870912 op, 329584000.00 ns, 0.6139 ns/op
WorkloadResult  10: 536870912 op, 331804125.00 ns, 0.6180 ns/op
WorkloadResult  11: 536870912 op, 333211667.00 ns, 0.6207 ns/op
WorkloadResult  12: 536870912 op, 332181292.00 ns, 0.6187 ns/op
WorkloadResult  13: 536870912 op, 330245833.00 ns, 0.6151 ns/op
WorkloadResult  14: 536870912 op, 328761250.00 ns, 0.6124 ns/op
WorkloadResult  15: 536870912 op, 329158583.00 ns, 0.6131 ns/op
// GC:  0 0 0 736 536870912
// Threading:  0 0 536870912

// AfterAll
// Benchmark Process 9106 has exited with code 0.

Mean = 0.615 ns, StdErr = 0.001 ns (0.17%), N = 15, StdDev = 0.004 ns
Min = 0.610 ns, Q1 = 0.613 ns, Median = 0.614 ns, Q3 = 0.618 ns, Max = 0.624 ns
IQR = 0.006 ns, LowerFence = 0.604 ns, UpperFence = 0.627 ns
ConfidenceInterval = [0.611 ns; 0.620 ns] (CI 99.9%), Margin = 0.004 ns (0.72% of Mean)
Skewness = 0.35, Kurtosis = 1.98, MValue = 2

// ** Remained 33 (91,7 %) benchmark(s) to run. Estimated finish 2026-03-26 11:46 (0h 13m from now) **
// **************************
// Benchmark: PhysicsBakeBenchmark.SteadyState: DefaultJob [ObstacleCount=10, AgentCount=3, RegionCount=4]
// *** Execute ***
// Launch: 1 / 1
// Execute: dotnet 4601f3fe-6af5-4365-a3e6-5c0da9f493f5.dll --anonymousPipes 120 121 --benchmarkName "Deterministic.GameFramework.Navigation.Benchmarks.PhysicsBakeBenchmark.SteadyState(ObstacleCount: 10, AgentCount: 3, RegionCount: 4)" --job Default --benchmarkId 3 in /Users/a1/Documents/GitHub/PizzaJam2026/Server/Framework/Benchmarks/Deterministic.GameFramework.Navigation.Benchmarks/bin/Release/net8.0/4601f3fe-6af5-4365-a3e6-5c0da9f493f5/bin/Release/net8.0
// Failed to set up high priority (Permission denied). In order to run benchmarks with high priority, make sure you have the right permissions.
// BeforeAnythingElse

// Benchmark Process Environment Information:
// BenchmarkDotNet v0.13.12
// Runtime=.NET 8.0.19 (8.0.1925.36514), Arm64 RyuJIT AdvSIMD
// GC=Concurrent Workstation
// HardwareIntrinsics=AdvSIMD,AES,CRC32,DP,RDM,SHA1,SHA256 VectorSize=128
// Job: DefaultJob

[ComponentId] Registered World -> Local(0) Stable(Stable(00000000-0000-0000-0000-000072b3622d))
[ComponentId] Registered Transform2D -> Local(1) Stable(Stable(aafea77a-2300-4eef-9ffc-071170bb9a26))
[ComponentId] Registered NavigationRegion2D -> Local(2) Stable(Stable(b7e2a1c3-4d56-4f89-a012-3e4f5a6b7c8d))
[ComponentId] Registered NavigationAgent2D -> Local(3) Stable(Stable(c8f3b2d4-5e67-4a90-b123-4f5a6b7c8d9e))
[ComponentId] Registered NavigationObstacle2D -> Local(4) Stable(Stable(d9a4c3e5-6f78-4b01-c234-5a6b7c8d9e0f))
[ComponentId] Registered NavigationWorld2D -> Local(5) Stable(Stable(ea5b4d6c-7f89-4012-d345-6a7b8c9d0e1f))
[ComponentId] Registered CharacterBody2D -> Local(6) Stable(Stable(1f3b7788-2947-4d66-9d33-1275d2757278))
[ComponentId] Registered Area2D -> Local(7) Stable(Stable(42ac8ac3-53d6-40ca-9f7e-5daee2548ba6))
[ComponentId] Registered StaticBody2D -> Local(8) Stable(Stable(56221147-3807-449e-8c88-e92544a47833))
[ComponentId] Registered RigidBody2D -> Local(9) Stable(Stable(8014592a-3375-4c07-ae29-598114227003))
[ComponentId] Registered CollisionShape2D -> Local(10) Stable(Stable(c9075775-7634-45e0-a006-037000784226))
[ComponentId] Registered PhysicsWorldState -> Local(11) Stable(Stable(fb4fe7e4-2244-48ea-9ec5-0a972a3861d4))
OverheadJitting  1: 1 op, 157667.00 ns, 157.6670 us/op
WorkloadJitting  1: 1 op, 486417.00 ns, 486.4170 us/op

OverheadJitting  2: 16 op, 119791.00 ns, 7.4869 us/op
WorkloadJitting  2: 16 op, 2971584.00 ns, 185.7240 us/op

WorkloadPilot    1: 16 op, 2932458.00 ns, 183.2786 us/op
WorkloadPilot    2: 32 op, 5805083.00 ns, 181.4088 us/op
WorkloadPilot    3: 64 op, 11566875.00 ns, 180.7324 us/op
WorkloadPilot    4: 128 op, 22524125.00 ns, 175.9697 us/op
WorkloadPilot    5: 256 op, 44750125.00 ns, 174.8052 us/op
WorkloadPilot    6: 512 op, 44439750.00 ns, 86.7964 us/op
WorkloadPilot    7: 1024 op, 31212833.00 ns, 30.4813 us/op
WorkloadPilot    8: 2048 op, 63523166.00 ns, 31.0172 us/op
WorkloadPilot    9: 4096 op, 123695916.00 ns, 30.1992 us/op
WorkloadPilot   10: 8192 op, 170115500.00 ns, 20.7661 us/op
WorkloadPilot   11: 16384 op, 338243708.00 ns, 20.6448 us/op
WorkloadPilot   12: 32768 op, 671458333.00 ns, 20.4913 us/op

OverheadWarmup   1: 32768 op, 69292.00 ns, 2.1146 ns/op
OverheadWarmup   2: 32768 op, 76292.00 ns, 2.3282 ns/op
OverheadWarmup   3: 32768 op, 66834.00 ns, 2.0396 ns/op
OverheadWarmup   4: 32768 op, 71166.00 ns, 2.1718 ns/op
OverheadWarmup   5: 32768 op, 68541.00 ns, 2.0917 ns/op

OverheadActual   1: 32768 op, 64917.00 ns, 1.9811 ns/op
OverheadActual   2: 32768 op, 63750.00 ns, 1.9455 ns/op
OverheadActual   3: 32768 op, 64167.00 ns, 1.9582 ns/op
OverheadActual   4: 32768 op, 67042.00 ns, 2.0460 ns/op
OverheadActual   5: 32768 op, 64291.00 ns, 1.9620 ns/op
OverheadActual   6: 32768 op, 64375.00 ns, 1.9646 ns/op
OverheadActual   7: 32768 op, 64250.00 ns, 1.9608 ns/op
OverheadActual   8: 32768 op, 67333.00 ns, 2.0548 ns/op
OverheadActual   9: 32768 op, 64458.00 ns, 1.9671 ns/op
OverheadActual  10: 32768 op, 63625.00 ns, 1.9417 ns/op
OverheadActual  11: 32768 op, 68667.00 ns, 2.0956 ns/op
OverheadActual  12: 32768 op, 67375.00 ns, 2.0561 ns/op
OverheadActual  13: 32768 op, 64209.00 ns, 1.9595 ns/op
OverheadActual  14: 32768 op, 64458.00 ns, 1.9671 ns/op
OverheadActual  15: 32768 op, 72750.00 ns, 2.2202 ns/op

WorkloadWarmup   1: 32768 op, 673992417.00 ns, 20.5686 us/op
WorkloadWarmup   2: 32768 op, 669411416.00 ns, 20.4288 us/op
WorkloadWarmup   3: 32768 op, 668425500.00 ns, 20.3987 us/op
WorkloadWarmup   4: 32768 op, 670000334.00 ns, 20.4468 us/op
WorkloadWarmup   5: 32768 op, 667736542.00 ns, 20.3777 us/op
WorkloadWarmup   6: 32768 op, 670403917.00 ns, 20.4591 us/op
WorkloadWarmup   7: 32768 op, 671633875.00 ns, 20.4966 us/op
WorkloadWarmup   8: 32768 op, 671863958.00 ns, 20.5037 us/op
WorkloadWarmup   9: 32768 op, 671302750.00 ns, 20.4865 us/op

// BeforeActualRun
WorkloadActual   1: 32768 op, 669617625.00 ns, 20.4351 us/op
WorkloadActual   2: 32768 op, 669854709.00 ns, 20.4423 us/op
WorkloadActual   3: 32768 op, 665593417.00 ns, 20.3123 us/op
WorkloadActual   4: 32768 op, 667538958.00 ns, 20.3717 us/op
WorkloadActual   5: 32768 op, 668528167.00 ns, 20.4019 us/op
WorkloadActual   6: 32768 op, 670149666.00 ns, 20.4513 us/op
WorkloadActual   7: 32768 op, 671747375.00 ns, 20.5001 us/op
WorkloadActual   8: 32768 op, 676250583.00 ns, 20.6375 us/op
WorkloadActual   9: 32768 op, 668886500.00 ns, 20.4128 us/op
WorkloadActual  10: 32768 op, 668774042.00 ns, 20.4094 us/op
WorkloadActual  11: 32768 op, 666677583.00 ns, 20.3454 us/op
WorkloadActual  12: 32768 op, 667594500.00 ns, 20.3734 us/op
WorkloadActual  13: 32768 op, 666201875.00 ns, 20.3309 us/op
WorkloadActual  14: 32768 op, 668722625.00 ns, 20.4078 us/op
WorkloadActual  15: 32768 op, 668675250.00 ns, 20.4063 us/op

// AfterActualRun
WorkloadResult   1: 32768 op, 669553167.00 ns, 20.4331 us/op
WorkloadResult   2: 32768 op, 669790251.00 ns, 20.4404 us/op
WorkloadResult   3: 32768 op, 665528959.00 ns, 20.3103 us/op
WorkloadResult   4: 32768 op, 667474500.00 ns, 20.3697 us/op
WorkloadResult   5: 32768 op, 668463709.00 ns, 20.3999 us/op
WorkloadResult   6: 32768 op, 670085208.00 ns, 20.4494 us/op
WorkloadResult   7: 32768 op, 671682917.00 ns, 20.4981 us/op
WorkloadResult   8: 32768 op, 668822042.00 ns, 20.4108 us/op
WorkloadResult   9: 32768 op, 668709584.00 ns, 20.4074 us/op
WorkloadResult  10: 32768 op, 666613125.00 ns, 20.3434 us/op
WorkloadResult  11: 32768 op, 667530042.00 ns, 20.3714 us/op
WorkloadResult  12: 32768 op, 666137417.00 ns, 20.3289 us/op
WorkloadResult  13: 32768 op, 668658167.00 ns, 20.4058 us/op
WorkloadResult  14: 32768 op, 668610792.00 ns, 20.4044 us/op
// GC:  2 0 0 17564384 32768
// Threading:  0 0 32768

// AfterAll
// Benchmark Process 9108 has exited with code 0.

Mean = 20.398 μs, StdErr = 0.013 μs (0.07%), N = 14, StdDev = 0.050 μs
Min = 20.310 μs, Q1 = 20.370 μs, Median = 20.405 μs, Q3 = 20.428 μs, Max = 20.498 μs
IQR = 0.057 μs, LowerFence = 20.284 μs, UpperFence = 20.514 μs
ConfidenceInterval = [20.341 μs; 20.455 μs] (CI 99.9%), Margin = 0.057 μs (0.28% of Mean)
Skewness = 0.03, Kurtosis = 2.26, MValue = 2

// ** Remained 32 (88,9 %) benchmark(s) to run. Estimated finish 2026-03-26 11:45 (0h 12m from now) **
// **************************
// Benchmark: PhysicsBakeBenchmark.PhysicsRebake: DefaultJob [ObstacleCount=10, AgentCount=3, RegionCount=4]
// *** Execute ***
// Launch: 1 / 1
// Execute: dotnet 4601f3fe-6af5-4365-a3e6-5c0da9f493f5.dll --anonymousPipes 120 121 --benchmarkName "Deterministic.GameFramework.Navigation.Benchmarks.PhysicsBakeBenchmark.PhysicsRebake(ObstacleCount: 10, AgentCount: 3, RegionCount: 4)" --job Default --benchmarkId 4 in /Users/a1/Documents/GitHub/PizzaJam2026/Server/Framework/Benchmarks/Deterministic.GameFramework.Navigation.Benchmarks/bin/Release/net8.0/4601f3fe-6af5-4365-a3e6-5c0da9f493f5/bin/Release/net8.0
// Failed to set up high priority (Permission denied). In order to run benchmarks with high priority, make sure you have the right permissions.
// BeforeAnythingElse

// Benchmark Process Environment Information:
// BenchmarkDotNet v0.13.12
// Runtime=.NET 8.0.19 (8.0.1925.36514), Arm64 RyuJIT AdvSIMD
// GC=Concurrent Workstation
// HardwareIntrinsics=AdvSIMD,AES,CRC32,DP,RDM,SHA1,SHA256 VectorSize=128
// Job: DefaultJob

[ComponentId] Registered World -> Local(0) Stable(Stable(00000000-0000-0000-0000-000072b3622d))
[ComponentId] Registered Transform2D -> Local(1) Stable(Stable(aafea77a-2300-4eef-9ffc-071170bb9a26))
[ComponentId] Registered NavigationRegion2D -> Local(2) Stable(Stable(b7e2a1c3-4d56-4f89-a012-3e4f5a6b7c8d))
[ComponentId] Registered NavigationAgent2D -> Local(3) Stable(Stable(c8f3b2d4-5e67-4a90-b123-4f5a6b7c8d9e))
[ComponentId] Registered NavigationObstacle2D -> Local(4) Stable(Stable(d9a4c3e5-6f78-4b01-c234-5a6b7c8d9e0f))
[ComponentId] Registered NavigationWorld2D -> Local(5) Stable(Stable(ea5b4d6c-7f89-4012-d345-6a7b8c9d0e1f))
[ComponentId] Registered CharacterBody2D -> Local(6) Stable(Stable(1f3b7788-2947-4d66-9d33-1275d2757278))
[ComponentId] Registered Area2D -> Local(7) Stable(Stable(42ac8ac3-53d6-40ca-9f7e-5daee2548ba6))
[ComponentId] Registered StaticBody2D -> Local(8) Stable(Stable(56221147-3807-449e-8c88-e92544a47833))
[ComponentId] Registered RigidBody2D -> Local(9) Stable(Stable(8014592a-3375-4c07-ae29-598114227003))
[ComponentId] Registered CollisionShape2D -> Local(10) Stable(Stable(c9075775-7634-45e0-a006-037000784226))
[ComponentId] Registered PhysicsWorldState -> Local(11) Stable(Stable(fb4fe7e4-2244-48ea-9ec5-0a972a3861d4))
OverheadJitting  1: 1 op, 125500.00 ns, 125.5000 us/op
WorkloadJitting  1: 1 op, 214356500.00 ns, 214.3565 ms/op

WorkloadPilot    1: 2 op, 357123875.00 ns, 178.5619 ms/op
WorkloadPilot    2: 3 op, 404966500.00 ns, 134.9888 ms/op
WorkloadPilot    3: 4 op, 495442292.00 ns, 123.8606 ms/op
WorkloadPilot    4: 5 op, 619681666.00 ns, 123.9363 ms/op

WorkloadWarmup   1: 5 op, 621119750.00 ns, 124.2240 ms/op
WorkloadWarmup   2: 5 op, 618942708.00 ns, 123.7885 ms/op
WorkloadWarmup   3: 5 op, 620895792.00 ns, 124.1792 ms/op
WorkloadWarmup   4: 5 op, 622359541.00 ns, 124.4719 ms/op
WorkloadWarmup   5: 5 op, 621178542.00 ns, 124.2357 ms/op
WorkloadWarmup   6: 5 op, 619048667.00 ns, 123.8097 ms/op
WorkloadWarmup   7: 5 op, 620085208.00 ns, 124.0170 ms/op
WorkloadWarmup   8: 5 op, 617544000.00 ns, 123.5088 ms/op

// BeforeActualRun
WorkloadActual   1: 5 op, 615315416.00 ns, 123.0631 ms/op
WorkloadActual   2: 5 op, 854590625.00 ns, 170.9181 ms/op
WorkloadActual   3: 5 op, 1010109958.00 ns, 202.0220 ms/op
WorkloadActual   4: 5 op, 1015637500.00 ns, 203.1275 ms/op
WorkloadActual   5: 5 op, 1013647792.00 ns, 202.7296 ms/op
WorkloadActual   6: 5 op, 1012197083.00 ns, 202.4394 ms/op
WorkloadActual   7: 5 op, 1009600541.00 ns, 201.9201 ms/op
WorkloadActual   8: 5 op, 1008127334.00 ns, 201.6255 ms/op
WorkloadActual   9: 5 op, 1011793333.00 ns, 202.3587 ms/op
WorkloadActual  10: 5 op, 1014078667.00 ns, 202.8157 ms/op
WorkloadActual  11: 5 op, 1014776500.00 ns, 202.9553 ms/op
WorkloadActual  12: 5 op, 1010815541.00 ns, 202.1631 ms/op
WorkloadActual  13: 5 op, 1008606375.00 ns, 201.7213 ms/op
WorkloadActual  14: 5 op, 1010684709.00 ns, 202.1369 ms/op
WorkloadActual  15: 5 op, 1012813959.00 ns, 202.5628 ms/op
WorkloadActual  16: 5 op, 1012350667.00 ns, 202.4701 ms/op
WorkloadActual  17: 5 op, 1012525542.00 ns, 202.5051 ms/op
WorkloadActual  18: 5 op, 1010049375.00 ns, 202.0099 ms/op
WorkloadActual  19: 5 op, 1009737167.00 ns, 201.9474 ms/op
WorkloadActual  20: 5 op, 1008823333.00 ns, 201.7647 ms/op
WorkloadActual  21: 5 op, 1014371042.00 ns, 202.8742 ms/op
WorkloadActual  22: 5 op, 1013294125.00 ns, 202.6588 ms/op
WorkloadActual  23: 5 op, 1012550500.00 ns, 202.5101 ms/op
WorkloadActual  24: 5 op, 1010248625.00 ns, 202.0497 ms/op
WorkloadActual  25: 5 op, 1010328333.00 ns, 202.0657 ms/op
WorkloadActual  26: 5 op, 1010533959.00 ns, 202.1068 ms/op
WorkloadActual  27: 5 op, 1016909750.00 ns, 203.3819 ms/op
WorkloadActual  28: 5 op, 1013723875.00 ns, 202.7448 ms/op
WorkloadActual  29: 5 op, 1009973875.00 ns, 201.9948 ms/op
WorkloadActual  30: 5 op, 1010042458.00 ns, 202.0085 ms/op
WorkloadActual  31: 5 op, 1007603917.00 ns, 201.5208 ms/op
WorkloadActual  32: 5 op, 1012712417.00 ns, 202.5425 ms/op
WorkloadActual  33: 5 op, 1013790708.00 ns, 202.7581 ms/op
WorkloadActual  34: 5 op, 1015184375.00 ns, 203.0369 ms/op
WorkloadActual  35: 5 op, 1008008083.00 ns, 201.6016 ms/op
WorkloadActual  36: 5 op, 1004388958.00 ns, 200.8778 ms/op
WorkloadActual  37: 5 op, 1005487375.00 ns, 201.0975 ms/op
WorkloadActual  38: 5 op, 1006519208.00 ns, 201.3038 ms/op
WorkloadActual  39: 5 op, 1006986125.00 ns, 201.3972 ms/op
WorkloadActual  40: 5 op, 1014047541.00 ns, 202.8095 ms/op
WorkloadActual  41: 5 op, 1010761750.00 ns, 202.1523 ms/op
WorkloadActual  42: 5 op, 1009761709.00 ns, 201.9523 ms/op
WorkloadActual  43: 5 op, 1011314250.00 ns, 202.2629 ms/op
WorkloadActual  44: 5 op, 1014694833.00 ns, 202.9390 ms/op
WorkloadActual  45: 5 op, 1018044333.00 ns, 203.6089 ms/op
WorkloadActual  46: 5 op, 1012402375.00 ns, 202.4805 ms/op
WorkloadActual  47: 5 op, 1011385750.00 ns, 202.2772 ms/op
WorkloadActual  48: 5 op, 1009895500.00 ns, 201.9791 ms/op
WorkloadActual  49: 5 op, 1012781500.00 ns, 202.5563 ms/op
WorkloadActual  50: 5 op, 1013434542.00 ns, 202.6869 ms/op
WorkloadActual  51: 5 op, 1013727834.00 ns, 202.7456 ms/op
WorkloadActual  52: 5 op, 1009080791.00 ns, 201.8162 ms/op
WorkloadActual  53: 5 op, 1007906209.00 ns, 201.5812 ms/op
WorkloadActual  54: 5 op, 1007268792.00 ns, 201.4538 ms/op
WorkloadActual  55: 5 op, 1017332750.00 ns, 203.4666 ms/op
WorkloadActual  56: 5 op, 1013295584.00 ns, 202.6591 ms/op
WorkloadActual  57: 5 op, 1013588750.00 ns, 202.7177 ms/op
WorkloadActual  58: 5 op, 1009728459.00 ns, 201.9457 ms/op
WorkloadActual  59: 5 op, 1008428958.00 ns, 201.6858 ms/op
WorkloadActual  60: 5 op, 1009854042.00 ns, 201.9708 ms/op
WorkloadActual  61: 5 op, 1012207334.00 ns, 202.4415 ms/op
WorkloadActual  62: 5 op, 1014157084.00 ns, 202.8314 ms/op
WorkloadActual  63: 5 op, 1010216500.00 ns, 202.0433 ms/op
WorkloadActual  64: 5 op, 1008989167.00 ns, 201.7978 ms/op
WorkloadActual  65: 5 op, 1009455500.00 ns, 201.8911 ms/op
WorkloadActual  66: 5 op, 1015174458.00 ns, 203.0349 ms/op
WorkloadActual  67: 5 op, 1014829458.00 ns, 202.9659 ms/op
WorkloadActual  68: 5 op, 1012684083.00 ns, 202.5368 ms/op
WorkloadActual  69: 5 op, 1009388541.00 ns, 201.8777 ms/op
WorkloadActual  70: 5 op, 1008607750.00 ns, 201.7215 ms/op
WorkloadActual  71: 5 op, 1008136875.00 ns, 201.6274 ms/op
WorkloadActual  72: 5 op, 1013249334.00 ns, 202.6499 ms/op
WorkloadActual  73: 5 op, 1011987291.00 ns, 202.3975 ms/op

// AfterActualRun
WorkloadResult   1: 5 op, 615315416.00 ns, 123.0631 ms/op
WorkloadResult   2: 5 op, 854590625.00 ns, 170.9181 ms/op
WorkloadResult   3: 5 op, 1010109958.00 ns, 202.0220 ms/op
WorkloadResult   4: 5 op, 1015637500.00 ns, 203.1275 ms/op
WorkloadResult   5: 5 op, 1013647792.00 ns, 202.7296 ms/op
WorkloadResult   6: 5 op, 1012197083.00 ns, 202.4394 ms/op
WorkloadResult   7: 5 op, 1009600541.00 ns, 201.9201 ms/op
WorkloadResult   8: 5 op, 1008127334.00 ns, 201.6255 ms/op
WorkloadResult   9: 5 op, 1011793333.00 ns, 202.3587 ms/op
WorkloadResult  10: 5 op, 1014078667.00 ns, 202.8157 ms/op
WorkloadResult  11: 5 op, 1014776500.00 ns, 202.9553 ms/op
WorkloadResult  12: 5 op, 1010815541.00 ns, 202.1631 ms/op
WorkloadResult  13: 5 op, 1008606375.00 ns, 201.7213 ms/op
WorkloadResult  14: 5 op, 1010684709.00 ns, 202.1369 ms/op
WorkloadResult  15: 5 op, 1012813959.00 ns, 202.5628 ms/op
WorkloadResult  16: 5 op, 1012350667.00 ns, 202.4701 ms/op
WorkloadResult  17: 5 op, 1012525542.00 ns, 202.5051 ms/op
WorkloadResult  18: 5 op, 1010049375.00 ns, 202.0099 ms/op
WorkloadResult  19: 5 op, 1009737167.00 ns, 201.9474 ms/op
WorkloadResult  20: 5 op, 1008823333.00 ns, 201.7647 ms/op
WorkloadResult  21: 5 op, 1014371042.00 ns, 202.8742 ms/op
WorkloadResult  22: 5 op, 1013294125.00 ns, 202.6588 ms/op
WorkloadResult  23: 5 op, 1012550500.00 ns, 202.5101 ms/op
WorkloadResult  24: 5 op, 1010248625.00 ns, 202.0497 ms/op
WorkloadResult  25: 5 op, 1010328333.00 ns, 202.0657 ms/op
WorkloadResult  26: 5 op, 1010533959.00 ns, 202.1068 ms/op
WorkloadResult  27: 5 op, 1016909750.00 ns, 203.3819 ms/op
WorkloadResult  28: 5 op, 1013723875.00 ns, 202.7448 ms/op
WorkloadResult  29: 5 op, 1009973875.00 ns, 201.9948 ms/op
WorkloadResult  30: 5 op, 1010042458.00 ns, 202.0085 ms/op
WorkloadResult  31: 5 op, 1007603917.00 ns, 201.5208 ms/op
WorkloadResult  32: 5 op, 1012712417.00 ns, 202.5425 ms/op
WorkloadResult  33: 5 op, 1013790708.00 ns, 202.7581 ms/op
WorkloadResult  34: 5 op, 1015184375.00 ns, 203.0369 ms/op
WorkloadResult  35: 5 op, 1008008083.00 ns, 201.6016 ms/op
WorkloadResult  36: 5 op, 1004388958.00 ns, 200.8778 ms/op
WorkloadResult  37: 5 op, 1005487375.00 ns, 201.0975 ms/op
WorkloadResult  38: 5 op, 1006519208.00 ns, 201.3038 ms/op
WorkloadResult  39: 5 op, 1006986125.00 ns, 201.3972 ms/op
WorkloadResult  40: 5 op, 1014047541.00 ns, 202.8095 ms/op
WorkloadResult  41: 5 op, 1010761750.00 ns, 202.1523 ms/op
WorkloadResult  42: 5 op, 1009761709.00 ns, 201.9523 ms/op
WorkloadResult  43: 5 op, 1011314250.00 ns, 202.2629 ms/op
WorkloadResult  44: 5 op, 1014694833.00 ns, 202.9390 ms/op
WorkloadResult  45: 5 op, 1018044333.00 ns, 203.6089 ms/op
WorkloadResult  46: 5 op, 1012402375.00 ns, 202.4805 ms/op
WorkloadResult  47: 5 op, 1011385750.00 ns, 202.2772 ms/op
WorkloadResult  48: 5 op, 1009895500.00 ns, 201.9791 ms/op
WorkloadResult  49: 5 op, 1012781500.00 ns, 202.5563 ms/op
WorkloadResult  50: 5 op, 1013434542.00 ns, 202.6869 ms/op
WorkloadResult  51: 5 op, 1013727834.00 ns, 202.7456 ms/op
WorkloadResult  52: 5 op, 1009080791.00 ns, 201.8162 ms/op
WorkloadResult  53: 5 op, 1007906209.00 ns, 201.5812 ms/op
WorkloadResult  54: 5 op, 1007268792.00 ns, 201.4538 ms/op
WorkloadResult  55: 5 op, 1017332750.00 ns, 203.4666 ms/op
WorkloadResult  56: 5 op, 1013295584.00 ns, 202.6591 ms/op
WorkloadResult  57: 5 op, 1013588750.00 ns, 202.7177 ms/op
WorkloadResult  58: 5 op, 1009728459.00 ns, 201.9457 ms/op
WorkloadResult  59: 5 op, 1008428958.00 ns, 201.6858 ms/op
WorkloadResult  60: 5 op, 1009854042.00 ns, 201.9708 ms/op
WorkloadResult  61: 5 op, 1012207334.00 ns, 202.4415 ms/op
WorkloadResult  62: 5 op, 1014157084.00 ns, 202.8314 ms/op
WorkloadResult  63: 5 op, 1010216500.00 ns, 202.0433 ms/op
WorkloadResult  64: 5 op, 1008989167.00 ns, 201.7978 ms/op
WorkloadResult  65: 5 op, 1009455500.00 ns, 201.8911 ms/op
WorkloadResult  66: 5 op, 1015174458.00 ns, 203.0349 ms/op
WorkloadResult  67: 5 op, 1014829458.00 ns, 202.9659 ms/op
WorkloadResult  68: 5 op, 1012684083.00 ns, 202.5368 ms/op
WorkloadResult  69: 5 op, 1009388541.00 ns, 201.8777 ms/op
WorkloadResult  70: 5 op, 1008607750.00 ns, 201.7215 ms/op
WorkloadResult  71: 5 op, 1008136875.00 ns, 201.6274 ms/op
WorkloadResult  72: 5 op, 1013249334.00 ns, 202.6499 ms/op
WorkloadResult  73: 5 op, 1011987291.00 ns, 202.3975 ms/op
// GC:  5 3 1 49655304 5
// Threading:  0 0 5

// AfterAll
// Benchmark Process 9109 has exited with code 0.

Mean = 200.758 ms, StdErr = 1.163 ms (0.58%), N = 73, StdDev = 9.939 ms
Min = 123.063 ms, Q1 = 201.878 ms, Median = 202.163 ms, Q3 = 202.687 ms, Max = 203.609 ms
IQR = 0.809 ms, LowerFence = 200.664 ms, UpperFence = 203.901 ms
ConfidenceInterval = [196.767 ms; 204.749 ms] (CI 99.9%), Margin = 3.991 ms (1.99% of Mean)
Skewness = -6.91, Kurtosis = 52.27, MValue = 2

// ** Remained 31 (86,1 %) benchmark(s) to run. Estimated finish 2026-03-26 11:52 (0h 18m from now) **
// **************************
// Benchmark: PhysicsBakeBenchmark.PhysicsRebake_WithRegions: DefaultJob [ObstacleCount=10, AgentCount=3, RegionCount=4]
// *** Execute ***
// Launch: 1 / 1
// Execute: dotnet 4601f3fe-6af5-4365-a3e6-5c0da9f493f5.dll --anonymousPipes 120 121 --benchmarkName "Deterministic.GameFramework.Navigation.Benchmarks.PhysicsBakeBenchmark.PhysicsRebake_WithRegions(ObstacleCount: 10, AgentCount: 3, RegionCount: 4)" --job Default --benchmarkId 5 in /Users/a1/Documents/GitHub/PizzaJam2026/Server/Framework/Benchmarks/Deterministic.GameFramework.Navigation.Benchmarks/bin/Release/net8.0/4601f3fe-6af5-4365-a3e6-5c0da9f493f5/bin/Release/net8.0
// Failed to set up high priority (Permission denied). In order to run benchmarks with high priority, make sure you have the right permissions.
// BeforeAnythingElse

// Benchmark Process Environment Information:
// BenchmarkDotNet v0.13.12
// Runtime=.NET 8.0.19 (8.0.1925.36514), Arm64 RyuJIT AdvSIMD
// GC=Concurrent Workstation
// HardwareIntrinsics=AdvSIMD,AES,CRC32,DP,RDM,SHA1,SHA256 VectorSize=128
// Job: DefaultJob

[ComponentId] Registered World -> Local(0) Stable(Stable(00000000-0000-0000-0000-000072b3622d))
[ComponentId] Registered Transform2D -> Local(1) Stable(Stable(aafea77a-2300-4eef-9ffc-071170bb9a26))
[ComponentId] Registered NavigationRegion2D -> Local(2) Stable(Stable(b7e2a1c3-4d56-4f89-a012-3e4f5a6b7c8d))
[ComponentId] Registered NavigationAgent2D -> Local(3) Stable(Stable(c8f3b2d4-5e67-4a90-b123-4f5a6b7c8d9e))
[ComponentId] Registered NavigationObstacle2D -> Local(4) Stable(Stable(d9a4c3e5-6f78-4b01-c234-5a6b7c8d9e0f))
[ComponentId] Registered NavigationWorld2D -> Local(5) Stable(Stable(ea5b4d6c-7f89-4012-d345-6a7b8c9d0e1f))
[ComponentId] Registered CharacterBody2D -> Local(6) Stable(Stable(1f3b7788-2947-4d66-9d33-1275d2757278))
[ComponentId] Registered Area2D -> Local(7) Stable(Stable(42ac8ac3-53d6-40ca-9f7e-5daee2548ba6))
[ComponentId] Registered StaticBody2D -> Local(8) Stable(Stable(56221147-3807-449e-8c88-e92544a47833))
[ComponentId] Registered RigidBody2D -> Local(9) Stable(Stable(8014592a-3375-4c07-ae29-598114227003))
[ComponentId] Registered CollisionShape2D -> Local(10) Stable(Stable(c9075775-7634-45e0-a006-037000784226))
[ComponentId] Registered PhysicsWorldState -> Local(11) Stable(Stable(fb4fe7e4-2244-48ea-9ec5-0a972a3861d4))
OverheadJitting  1: 1 op, 103667.00 ns, 103.6670 us/op
WorkloadJitting  1: 1 op, 207782292.00 ns, 207.7823 ms/op

WorkloadPilot    1: 2 op, 328424625.00 ns, 164.2123 ms/op
WorkloadPilot    2: 3 op, 404621708.00 ns, 134.8739 ms/op
WorkloadPilot    3: 4 op, 498770000.00 ns, 124.6925 ms/op
WorkloadPilot    4: 5 op, 625072042.00 ns, 125.0144 ms/op

WorkloadWarmup   1: 5 op, 627132000.00 ns, 125.4264 ms/op
WorkloadWarmup   2: 5 op, 627585667.00 ns, 125.5171 ms/op
WorkloadWarmup   3: 5 op, 627517667.00 ns, 125.5035 ms/op
WorkloadWarmup   4: 5 op, 630582916.00 ns, 126.1166 ms/op
WorkloadWarmup   5: 5 op, 626909833.00 ns, 125.3820 ms/op
WorkloadWarmup   6: 5 op, 623036584.00 ns, 124.6073 ms/op

// BeforeActualRun
WorkloadActual   1: 5 op, 622972666.00 ns, 124.5945 ms/op
WorkloadActual   2: 5 op, 623664625.00 ns, 124.7329 ms/op
WorkloadActual   3: 5 op, 624201625.00 ns, 124.8403 ms/op
WorkloadActual   4: 5 op, 857086250.00 ns, 171.4172 ms/op
WorkloadActual   5: 5 op, 1015278083.00 ns, 203.0556 ms/op
WorkloadActual   6: 5 op, 1016004041.00 ns, 203.2008 ms/op
WorkloadActual   7: 5 op, 1012188834.00 ns, 202.4378 ms/op
WorkloadActual   8: 5 op, 1007545708.00 ns, 201.5091 ms/op
WorkloadActual   9: 5 op, 1007816500.00 ns, 201.5633 ms/op
WorkloadActual  10: 5 op, 1011644750.00 ns, 202.3290 ms/op
WorkloadActual  11: 5 op, 1010769917.00 ns, 202.1540 ms/op
WorkloadActual  12: 5 op, 1010300208.00 ns, 202.0600 ms/op
WorkloadActual  13: 5 op, 1007700542.00 ns, 201.5401 ms/op
WorkloadActual  14: 5 op, 1008037166.00 ns, 201.6074 ms/op
WorkloadActual  15: 5 op, 1008546041.00 ns, 201.7092 ms/op
WorkloadActual  16: 5 op, 1013923834.00 ns, 202.7848 ms/op
WorkloadActual  17: 5 op, 1012001625.00 ns, 202.4003 ms/op
WorkloadActual  18: 5 op, 1012539167.00 ns, 202.5078 ms/op
WorkloadActual  19: 5 op, 1007506500.00 ns, 201.5013 ms/op
WorkloadActual  20: 5 op, 1007272667.00 ns, 201.4545 ms/op
WorkloadActual  21: 5 op, 1010246542.00 ns, 202.0493 ms/op
WorkloadActual  22: 5 op, 1012313417.00 ns, 202.4627 ms/op
WorkloadActual  23: 5 op, 1012360834.00 ns, 202.4722 ms/op
WorkloadActual  24: 5 op, 1011685667.00 ns, 202.3371 ms/op
WorkloadActual  25: 5 op, 1009265750.00 ns, 201.8531 ms/op
WorkloadActual  26: 5 op, 1011735083.00 ns, 202.3470 ms/op
WorkloadActual  27: 5 op, 1017145458.00 ns, 203.4291 ms/op
WorkloadActual  28: 5 op, 1012033375.00 ns, 202.4067 ms/op
WorkloadActual  29: 5 op, 1013881042.00 ns, 202.7762 ms/op
WorkloadActual  30: 5 op, 1009093583.00 ns, 201.8187 ms/op
WorkloadActual  31: 5 op, 1008358917.00 ns, 201.6718 ms/op
WorkloadActual  32: 5 op, 1009487209.00 ns, 201.8974 ms/op
WorkloadActual  33: 5 op, 1012813042.00 ns, 202.5626 ms/op
WorkloadActual  34: 5 op, 1012130834.00 ns, 202.4262 ms/op
WorkloadActual  35: 5 op, 1011698791.00 ns, 202.3398 ms/op
WorkloadActual  36: 5 op, 1010878708.00 ns, 202.1757 ms/op
WorkloadActual  37: 5 op, 1007719542.00 ns, 201.5439 ms/op
WorkloadActual  38: 5 op, 1010985792.00 ns, 202.1972 ms/op
WorkloadActual  39: 5 op, 1012401083.00 ns, 202.4802 ms/op
WorkloadActual  40: 5 op, 1013417125.00 ns, 202.6834 ms/op
WorkloadActual  41: 5 op, 1007653666.00 ns, 201.5307 ms/op
WorkloadActual  42: 5 op, 1007220208.00 ns, 201.4440 ms/op
WorkloadActual  43: 5 op, 1009914958.00 ns, 201.9830 ms/op
WorkloadActual  44: 5 op, 1013229958.00 ns, 202.6460 ms/op
WorkloadActual  45: 5 op, 1012207667.00 ns, 202.4415 ms/op
WorkloadActual  46: 5 op, 1015052666.00 ns, 203.0105 ms/op
WorkloadActual  47: 5 op, 1008802291.00 ns, 201.7605 ms/op
WorkloadActual  48: 5 op, 1008702375.00 ns, 201.7405 ms/op
WorkloadActual  49: 5 op, 1008401083.00 ns, 201.6802 ms/op
WorkloadActual  50: 5 op, 1011952000.00 ns, 202.3904 ms/op
WorkloadActual  51: 5 op, 1011819875.00 ns, 202.3640 ms/op
WorkloadActual  52: 5 op, 1011999083.00 ns, 202.3998 ms/op
WorkloadActual  53: 5 op, 1008216916.00 ns, 201.6434 ms/op
WorkloadActual  54: 5 op, 1007849917.00 ns, 201.5700 ms/op
WorkloadActual  55: 5 op, 1011665541.00 ns, 202.3331 ms/op
WorkloadActual  56: 5 op, 1014797875.00 ns, 202.9596 ms/op
WorkloadActual  57: 5 op, 1012173542.00 ns, 202.4347 ms/op
WorkloadActual  58: 5 op, 1010489792.00 ns, 202.0980 ms/op
WorkloadActual  59: 5 op, 1008243334.00 ns, 201.6487 ms/op
WorkloadActual  60: 5 op, 1007981000.00 ns, 201.5962 ms/op
WorkloadActual  61: 5 op, 1011705417.00 ns, 202.3411 ms/op
WorkloadActual  62: 5 op, 1013026875.00 ns, 202.6054 ms/op
WorkloadActual  63: 5 op, 1011705625.00 ns, 202.3411 ms/op
WorkloadActual  64: 5 op, 1007157459.00 ns, 201.4315 ms/op
WorkloadActual  65: 5 op, 1008216750.00 ns, 201.6434 ms/op
WorkloadActual  66: 5 op, 1011258459.00 ns, 202.2517 ms/op
WorkloadActual  67: 5 op, 1013070417.00 ns, 202.6141 ms/op
WorkloadActual  68: 5 op, 1011829125.00 ns, 202.3658 ms/op
WorkloadActual  69: 5 op, 1011901125.00 ns, 202.3802 ms/op
WorkloadActual  70: 5 op, 1006655333.00 ns, 201.3311 ms/op
WorkloadActual  71: 5 op, 1008241917.00 ns, 201.6484 ms/op
WorkloadActual  72: 5 op, 1011660541.00 ns, 202.3321 ms/op
WorkloadActual  73: 5 op, 1011218375.00 ns, 202.2437 ms/op
WorkloadActual  74: 5 op, 1012590416.00 ns, 202.5181 ms/op
WorkloadActual  75: 5 op, 1009484334.00 ns, 201.8969 ms/op
WorkloadActual  76: 5 op, 1011387084.00 ns, 202.2774 ms/op
WorkloadActual  77: 5 op, 1006848792.00 ns, 201.3698 ms/op
WorkloadActual  78: 5 op, 1011221250.00 ns, 202.2442 ms/op
WorkloadActual  79: 5 op, 1012021042.00 ns, 202.4042 ms/op
WorkloadActual  80: 5 op, 1012605125.00 ns, 202.5210 ms/op
WorkloadActual  81: 5 op, 1009106625.00 ns, 201.8213 ms/op
WorkloadActual  82: 5 op, 1007244708.00 ns, 201.4489 ms/op
WorkloadActual  83: 5 op, 1007326709.00 ns, 201.4653 ms/op
WorkloadActual  84: 5 op, 1014428083.00 ns, 202.8856 ms/op
WorkloadActual  85: 5 op, 1011898208.00 ns, 202.3796 ms/op
WorkloadActual  86: 5 op, 1016324375.00 ns, 203.2649 ms/op
WorkloadActual  87: 5 op, 1006571334.00 ns, 201.3143 ms/op
WorkloadActual  88: 5 op, 1008143084.00 ns, 201.6286 ms/op
WorkloadActual  89: 5 op, 1008382125.00 ns, 201.6764 ms/op
WorkloadActual  90: 5 op, 1013727875.00 ns, 202.7456 ms/op
WorkloadActual  91: 5 op, 1010832250.00 ns, 202.1664 ms/op
WorkloadActual  92: 5 op, 1011266167.00 ns, 202.2532 ms/op
WorkloadActual  93: 5 op, 1007935125.00 ns, 201.5870 ms/op
WorkloadActual  94: 5 op, 1006660166.00 ns, 201.3320 ms/op
WorkloadActual  95: 5 op, 1011587291.00 ns, 202.3175 ms/op
WorkloadActual  96: 5 op, 1016283000.00 ns, 203.2566 ms/op
WorkloadActual  97: 5 op, 1012815792.00 ns, 202.5632 ms/op
WorkloadActual  98: 5 op, 1008220750.00 ns, 201.6441 ms/op
WorkloadActual  99: 5 op, 1007720375.00 ns, 201.5441 ms/op
WorkloadActual  100: 5 op, 1011128417.00 ns, 202.2257 ms/op

// AfterActualRun
WorkloadResult   1: 5 op, 622972666.00 ns, 124.5945 ms/op
WorkloadResult   2: 5 op, 623664625.00 ns, 124.7329 ms/op
WorkloadResult   3: 5 op, 624201625.00 ns, 124.8403 ms/op
WorkloadResult   4: 5 op, 857086250.00 ns, 171.4172 ms/op
WorkloadResult   5: 5 op, 1015278083.00 ns, 203.0556 ms/op
WorkloadResult   6: 5 op, 1016004041.00 ns, 203.2008 ms/op
WorkloadResult   7: 5 op, 1012188834.00 ns, 202.4378 ms/op
WorkloadResult   8: 5 op, 1007545708.00 ns, 201.5091 ms/op
WorkloadResult   9: 5 op, 1007816500.00 ns, 201.5633 ms/op
WorkloadResult  10: 5 op, 1011644750.00 ns, 202.3290 ms/op
WorkloadResult  11: 5 op, 1010769917.00 ns, 202.1540 ms/op
WorkloadResult  12: 5 op, 1010300208.00 ns, 202.0600 ms/op
WorkloadResult  13: 5 op, 1007700542.00 ns, 201.5401 ms/op
WorkloadResult  14: 5 op, 1008037166.00 ns, 201.6074 ms/op
WorkloadResult  15: 5 op, 1008546041.00 ns, 201.7092 ms/op
WorkloadResult  16: 5 op, 1013923834.00 ns, 202.7848 ms/op
WorkloadResult  17: 5 op, 1012001625.00 ns, 202.4003 ms/op
WorkloadResult  18: 5 op, 1012539167.00 ns, 202.5078 ms/op
WorkloadResult  19: 5 op, 1007506500.00 ns, 201.5013 ms/op
WorkloadResult  20: 5 op, 1007272667.00 ns, 201.4545 ms/op
WorkloadResult  21: 5 op, 1010246542.00 ns, 202.0493 ms/op
WorkloadResult  22: 5 op, 1012313417.00 ns, 202.4627 ms/op
WorkloadResult  23: 5 op, 1012360834.00 ns, 202.4722 ms/op
WorkloadResult  24: 5 op, 1011685667.00 ns, 202.3371 ms/op
WorkloadResult  25: 5 op, 1009265750.00 ns, 201.8531 ms/op
WorkloadResult  26: 5 op, 1011735083.00 ns, 202.3470 ms/op
WorkloadResult  27: 5 op, 1017145458.00 ns, 203.4291 ms/op
WorkloadResult  28: 5 op, 1012033375.00 ns, 202.4067 ms/op
WorkloadResult  29: 5 op, 1013881042.00 ns, 202.7762 ms/op
WorkloadResult  30: 5 op, 1009093583.00 ns, 201.8187 ms/op
WorkloadResult  31: 5 op, 1008358917.00 ns, 201.6718 ms/op
WorkloadResult  32: 5 op, 1009487209.00 ns, 201.8974 ms/op
WorkloadResult  33: 5 op, 1012813042.00 ns, 202.5626 ms/op
WorkloadResult  34: 5 op, 1012130834.00 ns, 202.4262 ms/op
WorkloadResult  35: 5 op, 1011698791.00 ns, 202.3398 ms/op
WorkloadResult  36: 5 op, 1010878708.00 ns, 202.1757 ms/op
WorkloadResult  37: 5 op, 1007719542.00 ns, 201.5439 ms/op
WorkloadResult  38: 5 op, 1010985792.00 ns, 202.1972 ms/op
WorkloadResult  39: 5 op, 1012401083.00 ns, 202.4802 ms/op
WorkloadResult  40: 5 op, 1013417125.00 ns, 202.6834 ms/op
WorkloadResult  41: 5 op, 1007653666.00 ns, 201.5307 ms/op
WorkloadResult  42: 5 op, 1007220208.00 ns, 201.4440 ms/op
WorkloadResult  43: 5 op, 1009914958.00 ns, 201.9830 ms/op
WorkloadResult  44: 5 op, 1013229958.00 ns, 202.6460 ms/op
WorkloadResult  45: 5 op, 1012207667.00 ns, 202.4415 ms/op
WorkloadResult  46: 5 op, 1015052666.00 ns, 203.0105 ms/op
WorkloadResult  47: 5 op, 1008802291.00 ns, 201.7605 ms/op
WorkloadResult  48: 5 op, 1008702375.00 ns, 201.7405 ms/op
WorkloadResult  49: 5 op, 1008401083.00 ns, 201.6802 ms/op
WorkloadResult  50: 5 op, 1011952000.00 ns, 202.3904 ms/op
WorkloadResult  51: 5 op, 1011819875.00 ns, 202.3640 ms/op
WorkloadResult  52: 5 op, 1011999083.00 ns, 202.3998 ms/op
WorkloadResult  53: 5 op, 1008216916.00 ns, 201.6434 ms/op
WorkloadResult  54: 5 op, 1007849917.00 ns, 201.5700 ms/op
WorkloadResult  55: 5 op, 1011665541.00 ns, 202.3331 ms/op
WorkloadResult  56: 5 op, 1014797875.00 ns, 202.9596 ms/op
WorkloadResult  57: 5 op, 1012173542.00 ns, 202.4347 ms/op
WorkloadResult  58: 5 op, 1010489792.00 ns, 202.0980 ms/op
WorkloadResult  59: 5 op, 1008243334.00 ns, 201.6487 ms/op
WorkloadResult  60: 5 op, 1007981000.00 ns, 201.5962 ms/op
WorkloadResult  61: 5 op, 1011705417.00 ns, 202.3411 ms/op
WorkloadResult  62: 5 op, 1013026875.00 ns, 202.6054 ms/op
WorkloadResult  63: 5 op, 1011705625.00 ns, 202.3411 ms/op
WorkloadResult  64: 5 op, 1007157459.00 ns, 201.4315 ms/op
WorkloadResult  65: 5 op, 1008216750.00 ns, 201.6434 ms/op
WorkloadResult  66: 5 op, 1011258459.00 ns, 202.2517 ms/op
WorkloadResult  67: 5 op, 1013070417.00 ns, 202.6141 ms/op
WorkloadResult  68: 5 op, 1011829125.00 ns, 202.3658 ms/op
WorkloadResult  69: 5 op, 1011901125.00 ns, 202.3802 ms/op
WorkloadResult  70: 5 op, 1006655333.00 ns, 201.3311 ms/op
WorkloadResult  71: 5 op, 1008241917.00 ns, 201.6484 ms/op
WorkloadResult  72: 5 op, 1011660541.00 ns, 202.3321 ms/op
WorkloadResult  73: 5 op, 1011218375.00 ns, 202.2437 ms/op
WorkloadResult  74: 5 op, 1012590416.00 ns, 202.5181 ms/op
WorkloadResult  75: 5 op, 1009484334.00 ns, 201.8969 ms/op
WorkloadResult  76: 5 op, 1011387084.00 ns, 202.2774 ms/op
WorkloadResult  77: 5 op, 1006848792.00 ns, 201.3698 ms/op
WorkloadResult  78: 5 op, 1011221250.00 ns, 202.2442 ms/op
WorkloadResult  79: 5 op, 1012021042.00 ns, 202.4042 ms/op
WorkloadResult  80: 5 op, 1012605125.00 ns, 202.5210 ms/op
WorkloadResult  81: 5 op, 1009106625.00 ns, 201.8213 ms/op
WorkloadResult  82: 5 op, 1007244708.00 ns, 201.4489 ms/op
WorkloadResult  83: 5 op, 1007326709.00 ns, 201.4653 ms/op
WorkloadResult  84: 5 op, 1014428083.00 ns, 202.8856 ms/op
WorkloadResult  85: 5 op, 1011898208.00 ns, 202.3796 ms/op
WorkloadResult  86: 5 op, 1016324375.00 ns, 203.2649 ms/op
WorkloadResult  87: 5 op, 1006571334.00 ns, 201.3143 ms/op
WorkloadResult  88: 5 op, 1008143084.00 ns, 201.6286 ms/op
WorkloadResult  89: 5 op, 1008382125.00 ns, 201.6764 ms/op
WorkloadResult  90: 5 op, 1013727875.00 ns, 202.7456 ms/op
WorkloadResult  91: 5 op, 1010832250.00 ns, 202.1664 ms/op
WorkloadResult  92: 5 op, 1011266167.00 ns, 202.2532 ms/op
WorkloadResult  93: 5 op, 1007935125.00 ns, 201.5870 ms/op
WorkloadResult  94: 5 op, 1006660166.00 ns, 201.3320 ms/op
WorkloadResult  95: 5 op, 1011587291.00 ns, 202.3175 ms/op
WorkloadResult  96: 5 op, 1016283000.00 ns, 203.2566 ms/op
WorkloadResult  97: 5 op, 1012815792.00 ns, 202.5632 ms/op
WorkloadResult  98: 5 op, 1008220750.00 ns, 201.6441 ms/op
WorkloadResult  99: 5 op, 1007720375.00 ns, 201.5441 ms/op
WorkloadResult  100: 5 op, 1011128417.00 ns, 202.2257 ms/op
// GC:  5 3 1 49655584 5
// Threading:  0 0 5

// AfterAll
// Benchmark Process 9111 has exited with code 0.

Mean = 199.513 ms, StdErr = 1.358 ms (0.68%), N = 100, StdDev = 13.581 ms
Min = 124.595 ms, Q1 = 201.640 ms, Median = 202.235 ms, Q3 = 202.435 ms, Max = 203.429 ms
IQR = 0.796 ms, LowerFence = 200.446 ms, UpperFence = 203.629 ms
ConfidenceInterval = [194.907 ms; 204.119 ms] (CI 99.9%), Margin = 4.606 ms (2.31% of Mean)
Skewness = -5.09, Kurtosis = 27.78, MValue = 2

// ** Remained 30 (83,3 %) benchmark(s) to run. Estimated finish 2026-03-26 11:59 (0h 23m from now) **
// **************************
// Benchmark: PhysicsBakeBenchmark.SteadyState: DefaultJob [ObstacleCount=10, AgentCount=10, RegionCount=0]
// *** Execute ***
// Launch: 1 / 1
// Execute: dotnet 4601f3fe-6af5-4365-a3e6-5c0da9f493f5.dll --anonymousPipes 120 121 --benchmarkName "Deterministic.GameFramework.Navigation.Benchmarks.PhysicsBakeBenchmark.SteadyState(ObstacleCount: 10, AgentCount: 10, RegionCount: 0)" --job Default --benchmarkId 6 in /Users/a1/Documents/GitHub/PizzaJam2026/Server/Framework/Benchmarks/Deterministic.GameFramework.Navigation.Benchmarks/bin/Release/net8.0/4601f3fe-6af5-4365-a3e6-5c0da9f493f5/bin/Release/net8.0
// Failed to set up high priority (Permission denied). In order to run benchmarks with high priority, make sure you have the right permissions.
// BeforeAnythingElse

// Benchmark Process Environment Information:
// BenchmarkDotNet v0.13.12
// Runtime=.NET 8.0.19 (8.0.1925.36514), Arm64 RyuJIT AdvSIMD
// GC=Concurrent Workstation
// HardwareIntrinsics=AdvSIMD,AES,CRC32,DP,RDM,SHA1,SHA256 VectorSize=128
// Job: DefaultJob

[ComponentId] Registered World -> Local(0) Stable(Stable(00000000-0000-0000-0000-000072b3622d))
[ComponentId] Registered Transform2D -> Local(1) Stable(Stable(aafea77a-2300-4eef-9ffc-071170bb9a26))
[ComponentId] Registered NavigationRegion2D -> Local(2) Stable(Stable(b7e2a1c3-4d56-4f89-a012-3e4f5a6b7c8d))
[ComponentId] Registered NavigationAgent2D -> Local(3) Stable(Stable(c8f3b2d4-5e67-4a90-b123-4f5a6b7c8d9e))
[ComponentId] Registered NavigationObstacle2D -> Local(4) Stable(Stable(d9a4c3e5-6f78-4b01-c234-5a6b7c8d9e0f))
[ComponentId] Registered NavigationWorld2D -> Local(5) Stable(Stable(ea5b4d6c-7f89-4012-d345-6a7b8c9d0e1f))
[ComponentId] Registered CharacterBody2D -> Local(6) Stable(Stable(1f3b7788-2947-4d66-9d33-1275d2757278))
[ComponentId] Registered Area2D -> Local(7) Stable(Stable(42ac8ac3-53d6-40ca-9f7e-5daee2548ba6))
[ComponentId] Registered StaticBody2D -> Local(8) Stable(Stable(56221147-3807-449e-8c88-e92544a47833))
[ComponentId] Registered RigidBody2D -> Local(9) Stable(Stable(8014592a-3375-4c07-ae29-598114227003))
[ComponentId] Registered CollisionShape2D -> Local(10) Stable(Stable(c9075775-7634-45e0-a006-037000784226))
[ComponentId] Registered PhysicsWorldState -> Local(11) Stable(Stable(fb4fe7e4-2244-48ea-9ec5-0a972a3861d4))
OverheadJitting  1: 1 op, 105417.00 ns, 105.4170 us/op
WorkloadJitting  1: 1 op, 668000.00 ns, 668.0000 us/op

OverheadJitting  2: 16 op, 101416.00 ns, 6.3385 us/op
WorkloadJitting  2: 16 op, 8519125.00 ns, 532.4453 us/op

WorkloadPilot    1: 16 op, 8439209.00 ns, 527.4506 us/op
WorkloadPilot    2: 32 op, 16706625.00 ns, 522.0820 us/op
WorkloadPilot    3: 64 op, 32975292.00 ns, 515.2389 us/op
WorkloadPilot    4: 128 op, 65589375.00 ns, 512.4170 us/op
WorkloadPilot    5: 256 op, 85787833.00 ns, 335.1087 us/op
WorkloadPilot    6: 512 op, 42344083.00 ns, 82.7033 us/op
WorkloadPilot    7: 1024 op, 80597083.00 ns, 78.7081 us/op
WorkloadPilot    8: 2048 op, 128797458.00 ns, 62.8894 us/op
WorkloadPilot    9: 4096 op, 257202959.00 ns, 62.7937 us/op
WorkloadPilot   10: 8192 op, 514881750.00 ns, 62.8518 us/op

OverheadWarmup   1: 8192 op, 21250.00 ns, 2.5940 ns/op
OverheadWarmup   2: 8192 op, 16833.00 ns, 2.0548 ns/op
OverheadWarmup   3: 8192 op, 19750.00 ns, 2.4109 ns/op
OverheadWarmup   4: 8192 op, 16541.00 ns, 2.0192 ns/op
OverheadWarmup   5: 8192 op, 16041.00 ns, 1.9581 ns/op
OverheadWarmup   6: 8192 op, 16125.00 ns, 1.9684 ns/op
OverheadWarmup   7: 8192 op, 16292.00 ns, 1.9888 ns/op
OverheadWarmup   8: 8192 op, 16167.00 ns, 1.9735 ns/op

OverheadActual   1: 8192 op, 17250.00 ns, 2.1057 ns/op
OverheadActual   2: 8192 op, 16042.00 ns, 1.9583 ns/op
OverheadActual   3: 8192 op, 16250.00 ns, 1.9836 ns/op
OverheadActual   4: 8192 op, 16375.00 ns, 1.9989 ns/op
OverheadActual   5: 8192 op, 16083.00 ns, 1.9633 ns/op
OverheadActual   6: 8192 op, 16250.00 ns, 1.9836 ns/op
OverheadActual   7: 8192 op, 16083.00 ns, 1.9633 ns/op
OverheadActual   8: 8192 op, 16292.00 ns, 1.9888 ns/op
OverheadActual   9: 8192 op, 16417.00 ns, 2.0040 ns/op
OverheadActual  10: 8192 op, 19750.00 ns, 2.4109 ns/op
OverheadActual  11: 8192 op, 16000.00 ns, 1.9531 ns/op
OverheadActual  12: 8192 op, 19667.00 ns, 2.4008 ns/op
OverheadActual  13: 8192 op, 19666.00 ns, 2.4006 ns/op
OverheadActual  14: 8192 op, 16042.00 ns, 1.9583 ns/op
OverheadActual  15: 8192 op, 16250.00 ns, 1.9836 ns/op

WorkloadWarmup   1: 8192 op, 513768083.00 ns, 62.7158 us/op
WorkloadWarmup   2: 8192 op, 512830084.00 ns, 62.6013 us/op
WorkloadWarmup   3: 8192 op, 511786708.00 ns, 62.4740 us/op
WorkloadWarmup   4: 8192 op, 511747292.00 ns, 62.4692 us/op
WorkloadWarmup   5: 8192 op, 514447792.00 ns, 62.7988 us/op
WorkloadWarmup   6: 8192 op, 511322417.00 ns, 62.4173 us/op
WorkloadWarmup   7: 8192 op, 517040750.00 ns, 63.1153 us/op
WorkloadWarmup   8: 8192 op, 514340292.00 ns, 62.7857 us/op

// BeforeActualRun
WorkloadActual   1: 8192 op, 513450083.00 ns, 62.6770 us/op
WorkloadActual   2: 8192 op, 514537875.00 ns, 62.8098 us/op
WorkloadActual   3: 8192 op, 514900417.00 ns, 62.8541 us/op
WorkloadActual   4: 8192 op, 511950042.00 ns, 62.4939 us/op
WorkloadActual   5: 8192 op, 511559833.00 ns, 62.4463 us/op
WorkloadActual   6: 8192 op, 515763125.00 ns, 62.9594 us/op
WorkloadActual   7: 8192 op, 510409125.00 ns, 62.3058 us/op
WorkloadActual   8: 8192 op, 511904834.00 ns, 62.4884 us/op
WorkloadActual   9: 8192 op, 510485625.00 ns, 62.3151 us/op
WorkloadActual  10: 8192 op, 513796459.00 ns, 62.7193 us/op
WorkloadActual  11: 8192 op, 514049542.00 ns, 62.7502 us/op
WorkloadActual  12: 8192 op, 513352958.00 ns, 62.6652 us/op
WorkloadActual  13: 8192 op, 513354792.00 ns, 62.6654 us/op
WorkloadActual  14: 8192 op, 513967708.00 ns, 62.7402 us/op
WorkloadActual  15: 8192 op, 513433791.00 ns, 62.6750 us/op

// AfterActualRun
WorkloadResult   1: 8192 op, 513433833.00 ns, 62.6750 us/op
WorkloadResult   2: 8192 op, 514521625.00 ns, 62.8078 us/op
WorkloadResult   3: 8192 op, 514884167.00 ns, 62.8521 us/op
WorkloadResult   4: 8192 op, 511933792.00 ns, 62.4919 us/op
WorkloadResult   5: 8192 op, 511543583.00 ns, 62.4443 us/op
WorkloadResult   6: 8192 op, 515746875.00 ns, 62.9574 us/op
WorkloadResult   7: 8192 op, 510392875.00 ns, 62.3038 us/op
WorkloadResult   8: 8192 op, 511888584.00 ns, 62.4864 us/op
WorkloadResult   9: 8192 op, 510469375.00 ns, 62.3132 us/op
WorkloadResult  10: 8192 op, 513780209.00 ns, 62.7173 us/op
WorkloadResult  11: 8192 op, 514033292.00 ns, 62.7482 us/op
WorkloadResult  12: 8192 op, 513336708.00 ns, 62.6632 us/op
WorkloadResult  13: 8192 op, 513338542.00 ns, 62.6634 us/op
WorkloadResult  14: 8192 op, 513951458.00 ns, 62.7382 us/op
WorkloadResult  15: 8192 op, 513417541.00 ns, 62.6730 us/op
// GC:  0 0 0 3015392 8192
// Threading:  0 0 8192

// AfterAll
// Benchmark Process 9113 has exited with code 0.

Mean = 62.636 μs, StdErr = 0.049 μs (0.08%), N = 15, StdDev = 0.190 μs
Min = 62.304 μs, Q1 = 62.489 μs, Median = 62.673 μs, Q3 = 62.743 μs, Max = 62.957 μs
IQR = 0.254 μs, LowerFence = 62.108 μs, UpperFence = 63.124 μs
ConfidenceInterval = [62.432 μs; 62.839 μs] (CI 99.9%), Margin = 0.204 μs (0.33% of Mean)
Skewness = -0.31, Kurtosis = 1.99, MValue = 2

// ** Remained 29 (80,6 %) benchmark(s) to run. Estimated finish 2026-03-26 11:57 (0h 20m from now) **
// **************************
// Benchmark: PhysicsBakeBenchmark.PhysicsRebake: DefaultJob [ObstacleCount=10, AgentCount=10, RegionCount=0]
// *** Execute ***
// Launch: 1 / 1
// Execute: dotnet 4601f3fe-6af5-4365-a3e6-5c0da9f493f5.dll --anonymousPipes 120 121 --benchmarkName "Deterministic.GameFramework.Navigation.Benchmarks.PhysicsBakeBenchmark.PhysicsRebake(ObstacleCount: 10, AgentCount: 10, RegionCount: 0)" --job Default --benchmarkId 7 in /Users/a1/Documents/GitHub/PizzaJam2026/Server/Framework/Benchmarks/Deterministic.GameFramework.Navigation.Benchmarks/bin/Release/net8.0/4601f3fe-6af5-4365-a3e6-5c0da9f493f5/bin/Release/net8.0
// Failed to set up high priority (Permission denied). In order to run benchmarks with high priority, make sure you have the right permissions.
// BeforeAnythingElse

// Benchmark Process Environment Information:
// BenchmarkDotNet v0.13.12
// Runtime=.NET 8.0.19 (8.0.1925.36514), Arm64 RyuJIT AdvSIMD
// GC=Concurrent Workstation
// HardwareIntrinsics=AdvSIMD,AES,CRC32,DP,RDM,SHA1,SHA256 VectorSize=128
// Job: DefaultJob

[ComponentId] Registered World -> Local(0) Stable(Stable(00000000-0000-0000-0000-000072b3622d))
[ComponentId] Registered Transform2D -> Local(1) Stable(Stable(aafea77a-2300-4eef-9ffc-071170bb9a26))
[ComponentId] Registered NavigationRegion2D -> Local(2) Stable(Stable(b7e2a1c3-4d56-4f89-a012-3e4f5a6b7c8d))
[ComponentId] Registered NavigationAgent2D -> Local(3) Stable(Stable(c8f3b2d4-5e67-4a90-b123-4f5a6b7c8d9e))
[ComponentId] Registered NavigationObstacle2D -> Local(4) Stable(Stable(d9a4c3e5-6f78-4b01-c234-5a6b7c8d9e0f))
[ComponentId] Registered NavigationWorld2D -> Local(5) Stable(Stable(ea5b4d6c-7f89-4012-d345-6a7b8c9d0e1f))
[ComponentId] Registered CharacterBody2D -> Local(6) Stable(Stable(1f3b7788-2947-4d66-9d33-1275d2757278))
[ComponentId] Registered Area2D -> Local(7) Stable(Stable(42ac8ac3-53d6-40ca-9f7e-5daee2548ba6))
[ComponentId] Registered StaticBody2D -> Local(8) Stable(Stable(56221147-3807-449e-8c88-e92544a47833))
[ComponentId] Registered RigidBody2D -> Local(9) Stable(Stable(8014592a-3375-4c07-ae29-598114227003))
[ComponentId] Registered CollisionShape2D -> Local(10) Stable(Stable(c9075775-7634-45e0-a006-037000784226))
[ComponentId] Registered PhysicsWorldState -> Local(11) Stable(Stable(fb4fe7e4-2244-48ea-9ec5-0a972a3861d4))
OverheadJitting  1: 1 op, 134917.00 ns, 134.9170 us/op
WorkloadJitting  1: 1 op, 31514208.00 ns, 31.5142 ms/op

OverheadJitting  2: 16 op, 151292.00 ns, 9.4558 us/op
WorkloadJitting  2: 16 op, 351534125.00 ns, 21.9709 ms/op

WorkloadPilot    1: 16 op, 89062750.00 ns, 5.5664 ms/op
WorkloadPilot    2: 32 op, 183064125.00 ns, 5.7208 ms/op
WorkloadPilot    3: 64 op, 355425958.00 ns, 5.5535 ms/op
WorkloadPilot    4: 128 op, 685955458.00 ns, 5.3590 ms/op

OverheadWarmup   1: 128 op, 1250.00 ns, 9.7656 ns/op
OverheadWarmup   2: 128 op, 541.00 ns, 4.2266 ns/op
OverheadWarmup   3: 128 op, 625.00 ns, 4.8828 ns/op
OverheadWarmup   4: 128 op, 1042.00 ns, 8.1406 ns/op
OverheadWarmup   5: 128 op, 375.00 ns, 2.9297 ns/op
OverheadWarmup   6: 128 op, 292.00 ns, 2.2812 ns/op
OverheadWarmup   7: 128 op, 250.00 ns, 1.9531 ns/op
OverheadWarmup   8: 128 op, 875.00 ns, 6.8359 ns/op
OverheadWarmup   9: 128 op, 666.00 ns, 5.2031 ns/op

OverheadActual   1: 128 op, 1167.00 ns, 9.1172 ns/op
OverheadActual   2: 128 op, 459.00 ns, 3.5859 ns/op
OverheadActual   3: 128 op, 334.00 ns, 2.6094 ns/op
OverheadActual   4: 128 op, 416.00 ns, 3.2500 ns/op
OverheadActual   5: 128 op, 375.00 ns, 2.9297 ns/op
OverheadActual   6: 128 op, 875.00 ns, 6.8359 ns/op
OverheadActual   7: 128 op, 458.00 ns, 3.5781 ns/op
OverheadActual   8: 128 op, 458.00 ns, 3.5781 ns/op
OverheadActual   9: 128 op, 792.00 ns, 6.1875 ns/op
OverheadActual  10: 128 op, 375.00 ns, 2.9297 ns/op
OverheadActual  11: 128 op, 1083.00 ns, 8.4609 ns/op
OverheadActual  12: 128 op, 625.00 ns, 4.8828 ns/op
OverheadActual  13: 128 op, 541.00 ns, 4.2266 ns/op
OverheadActual  14: 128 op, 375.00 ns, 2.9297 ns/op
OverheadActual  15: 128 op, 292.00 ns, 2.2812 ns/op
OverheadActual  16: 128 op, 1500.00 ns, 11.7188 ns/op
OverheadActual  17: 128 op, 375.00 ns, 2.9297 ns/op
OverheadActual  18: 128 op, 833.00 ns, 6.5078 ns/op
OverheadActual  19: 128 op, 500.00 ns, 3.9062 ns/op
OverheadActual  20: 128 op, 417.00 ns, 3.2578 ns/op

WorkloadWarmup   1: 128 op, 696561334.00 ns, 5.4419 ms/op
WorkloadWarmup   2: 128 op, 692239000.00 ns, 5.4081 ms/op
WorkloadWarmup   3: 128 op, 690145583.00 ns, 5.3918 ms/op
WorkloadWarmup   4: 128 op, 692640250.00 ns, 5.4113 ms/op
WorkloadWarmup   5: 128 op, 690778375.00 ns, 5.3967 ms/op
WorkloadWarmup   6: 128 op, 687359083.00 ns, 5.3700 ms/op
WorkloadWarmup   7: 128 op, 685837084.00 ns, 5.3581 ms/op
WorkloadWarmup   8: 128 op, 686981542.00 ns, 5.3670 ms/op
WorkloadWarmup   9: 128 op, 692441500.00 ns, 5.4097 ms/op
WorkloadWarmup  10: 128 op, 690281417.00 ns, 5.3928 ms/op

// BeforeActualRun
WorkloadActual   1: 128 op, 688645500.00 ns, 5.3800 ms/op
WorkloadActual   2: 128 op, 694430500.00 ns, 5.4252 ms/op
WorkloadActual   3: 128 op, 688066750.00 ns, 5.3755 ms/op
WorkloadActual   4: 128 op, 689168417.00 ns, 5.3841 ms/op
WorkloadActual   5: 128 op, 684828084.00 ns, 5.3502 ms/op
WorkloadActual   6: 128 op, 684401625.00 ns, 5.3469 ms/op
WorkloadActual   7: 128 op, 686385791.00 ns, 5.3624 ms/op
WorkloadActual   8: 128 op, 689956334.00 ns, 5.3903 ms/op
WorkloadActual   9: 128 op, 690437375.00 ns, 5.3940 ms/op
WorkloadActual  10: 128 op, 690280708.00 ns, 5.3928 ms/op
WorkloadActual  11: 128 op, 689358458.00 ns, 5.3856 ms/op
WorkloadActual  12: 128 op, 686656416.00 ns, 5.3645 ms/op
WorkloadActual  13: 128 op, 687158625.00 ns, 5.3684 ms/op
WorkloadActual  14: 128 op, 686918292.00 ns, 5.3665 ms/op
WorkloadActual  15: 128 op, 688632750.00 ns, 5.3799 ms/op

// AfterActualRun
WorkloadResult   1: 128 op, 688645041.50 ns, 5.3800 ms/op
WorkloadResult   2: 128 op, 688066291.50 ns, 5.3755 ms/op
WorkloadResult   3: 128 op, 689167958.50 ns, 5.3841 ms/op
WorkloadResult   4: 128 op, 684827625.50 ns, 5.3502 ms/op
WorkloadResult   5: 128 op, 684401166.50 ns, 5.3469 ms/op
WorkloadResult   6: 128 op, 686385332.50 ns, 5.3624 ms/op
WorkloadResult   7: 128 op, 689955875.50 ns, 5.3903 ms/op
WorkloadResult   8: 128 op, 690436916.50 ns, 5.3940 ms/op
WorkloadResult   9: 128 op, 690280249.50 ns, 5.3928 ms/op
WorkloadResult  10: 128 op, 689357999.50 ns, 5.3856 ms/op
WorkloadResult  11: 128 op, 686655957.50 ns, 5.3645 ms/op
WorkloadResult  12: 128 op, 687158166.50 ns, 5.3684 ms/op
WorkloadResult  13: 128 op, 686917833.50 ns, 5.3665 ms/op
WorkloadResult  14: 128 op, 688632291.50 ns, 5.3799 ms/op
// GC:  107 52 0 899605216 128
// Threading:  0 0 128

// AfterAll
// Benchmark Process 9114 has exited with code 0.

Mean = 5.374 ms, StdErr = 0.004 ms (0.07%), N = 14, StdDev = 0.015 ms
Min = 5.347 ms, Q1 = 5.365 ms, Median = 5.378 ms, Q3 = 5.385 ms, Max = 5.394 ms
IQR = 0.020 ms, LowerFence = 5.335 ms, UpperFence = 5.416 ms
ConfidenceInterval = [5.357 ms; 5.391 ms] (CI 99.9%), Margin = 0.017 ms (0.32% of Mean)
Skewness = -0.37, Kurtosis = 1.82, MValue = 2

// ** Remained 28 (77,8 %) benchmark(s) to run. Estimated finish 2026-03-26 11:55 (0h 18m from now) **
// **************************
// Benchmark: PhysicsBakeBenchmark.PhysicsRebake_WithRegions: DefaultJob [ObstacleCount=10, AgentCount=10, RegionCount=0]
// *** Execute ***
// Launch: 1 / 1
// Execute: dotnet 4601f3fe-6af5-4365-a3e6-5c0da9f493f5.dll --anonymousPipes 120 121 --benchmarkName "Deterministic.GameFramework.Navigation.Benchmarks.PhysicsBakeBenchmark.PhysicsRebake_WithRegions(ObstacleCount: 10, AgentCount: 10, RegionCount: 0)" --job Default --benchmarkId 8 in /Users/a1/Documents/GitHub/PizzaJam2026/Server/Framework/Benchmarks/Deterministic.GameFramework.Navigation.Benchmarks/bin/Release/net8.0/4601f3fe-6af5-4365-a3e6-5c0da9f493f5/bin/Release/net8.0
// Failed to set up high priority (Permission denied). In order to run benchmarks with high priority, make sure you have the right permissions.
// BeforeAnythingElse

// Benchmark Process Environment Information:
// BenchmarkDotNet v0.13.12
// Runtime=.NET 8.0.19 (8.0.1925.36514), Arm64 RyuJIT AdvSIMD
// GC=Concurrent Workstation
// HardwareIntrinsics=AdvSIMD,AES,CRC32,DP,RDM,SHA1,SHA256 VectorSize=128
// Job: DefaultJob

[ComponentId] Registered World -> Local(0) Stable(Stable(00000000-0000-0000-0000-000072b3622d))
[ComponentId] Registered Transform2D -> Local(1) Stable(Stable(aafea77a-2300-4eef-9ffc-071170bb9a26))
[ComponentId] Registered NavigationRegion2D -> Local(2) Stable(Stable(b7e2a1c3-4d56-4f89-a012-3e4f5a6b7c8d))
[ComponentId] Registered NavigationAgent2D -> Local(3) Stable(Stable(c8f3b2d4-5e67-4a90-b123-4f5a6b7c8d9e))
[ComponentId] Registered NavigationObstacle2D -> Local(4) Stable(Stable(d9a4c3e5-6f78-4b01-c234-5a6b7c8d9e0f))
[ComponentId] Registered NavigationWorld2D -> Local(5) Stable(Stable(ea5b4d6c-7f89-4012-d345-6a7b8c9d0e1f))
[ComponentId] Registered CharacterBody2D -> Local(6) Stable(Stable(1f3b7788-2947-4d66-9d33-1275d2757278))
[ComponentId] Registered Area2D -> Local(7) Stable(Stable(42ac8ac3-53d6-40ca-9f7e-5daee2548ba6))
[ComponentId] Registered StaticBody2D -> Local(8) Stable(Stable(56221147-3807-449e-8c88-e92544a47833))
[ComponentId] Registered RigidBody2D -> Local(9) Stable(Stable(8014592a-3375-4c07-ae29-598114227003))
[ComponentId] Registered CollisionShape2D -> Local(10) Stable(Stable(c9075775-7634-45e0-a006-037000784226))
[ComponentId] Registered PhysicsWorldState -> Local(11) Stable(Stable(fb4fe7e4-2244-48ea-9ec5-0a972a3861d4))
OverheadJitting  1: 1 op, 109666.00 ns, 109.6660 us/op
WorkloadJitting  1: 1 op, 192583.00 ns, 192.5830 us/op

OverheadJitting  2: 16 op, 167541.00 ns, 10.4713 us/op
WorkloadJitting  2: 16 op, 126459.00 ns, 7.9037 us/op

WorkloadPilot    1: 16 op, 291.00 ns, 18.1875 ns/op
WorkloadPilot    2: 32 op, 291.00 ns, 9.0938 ns/op
WorkloadPilot    3: 64 op, 1250.00 ns, 19.5312 ns/op
WorkloadPilot    4: 128 op, 1500.00 ns, 11.7188 ns/op
WorkloadPilot    5: 256 op, 2042.00 ns, 7.9766 ns/op
WorkloadPilot    6: 512 op, 4125.00 ns, 8.0566 ns/op
WorkloadPilot    7: 1024 op, 10250.00 ns, 10.0098 ns/op
WorkloadPilot    8: 2048 op, 15458.00 ns, 7.5479 ns/op
WorkloadPilot    9: 4096 op, 30875.00 ns, 7.5378 ns/op
WorkloadPilot   10: 8192 op, 67000.00 ns, 8.1787 ns/op
WorkloadPilot   11: 16384 op, 115542.00 ns, 7.0521 ns/op
WorkloadPilot   12: 32768 op, 162416.00 ns, 4.9565 ns/op
WorkloadPilot   13: 65536 op, 290500.00 ns, 4.4327 ns/op
WorkloadPilot   14: 131072 op, 521375.00 ns, 3.9778 ns/op
WorkloadPilot   15: 262144 op, 993500.00 ns, 3.7899 ns/op
WorkloadPilot   16: 524288 op, 1980917.00 ns, 3.7783 ns/op
WorkloadPilot   17: 1048576 op, 3931083.00 ns, 3.7490 ns/op
WorkloadPilot   18: 2097152 op, 7896125.00 ns, 3.7652 ns/op
WorkloadPilot   19: 4194304 op, 15543291.00 ns, 3.7058 ns/op
WorkloadPilot   20: 8388608 op, 30722875.00 ns, 3.6625 ns/op
WorkloadPilot   21: 16777216 op, 39248166.00 ns, 2.3394 ns/op
WorkloadPilot   22: 33554432 op, 55846666.00 ns, 1.6644 ns/op
WorkloadPilot   23: 67108864 op, 111856292.00 ns, 1.6668 ns/op
WorkloadPilot   24: 134217728 op, 223764416.00 ns, 1.6672 ns/op
WorkloadPilot   25: 268435456 op, 449434792.00 ns, 1.6743 ns/op
WorkloadPilot   26: 536870912 op, 896406708.00 ns, 1.6697 ns/op

OverheadWarmup   1: 536870912 op, 663276833.00 ns, 1.2354 ns/op
OverheadWarmup   2: 536870912 op, 568954709.00 ns, 1.0598 ns/op
OverheadWarmup   3: 536870912 op, 567844125.00 ns, 1.0577 ns/op
OverheadWarmup   4: 536870912 op, 567963791.00 ns, 1.0579 ns/op
OverheadWarmup   5: 536870912 op, 567465083.00 ns, 1.0570 ns/op
OverheadWarmup   6: 536870912 op, 570737958.00 ns, 1.0631 ns/op
OverheadWarmup   7: 536870912 op, 570536375.00 ns, 1.0627 ns/op

OverheadActual   1: 536870912 op, 565270959.00 ns, 1.0529 ns/op
OverheadActual   2: 536870912 op, 565834708.00 ns, 1.0539 ns/op
OverheadActual   3: 536870912 op, 566266584.00 ns, 1.0548 ns/op
OverheadActual   4: 536870912 op, 563429208.00 ns, 1.0495 ns/op
OverheadActual   5: 536870912 op, 562337958.00 ns, 1.0474 ns/op
OverheadActual   6: 536870912 op, 562762041.00 ns, 1.0482 ns/op
OverheadActual   7: 536870912 op, 565413834.00 ns, 1.0532 ns/op
OverheadActual   8: 536870912 op, 563053125.00 ns, 1.0488 ns/op
OverheadActual   9: 536870912 op, 565530708.00 ns, 1.0534 ns/op
OverheadActual  10: 536870912 op, 567092250.00 ns, 1.0563 ns/op
OverheadActual  11: 536870912 op, 566045084.00 ns, 1.0543 ns/op
OverheadActual  12: 536870912 op, 566597375.00 ns, 1.0554 ns/op
OverheadActual  13: 536870912 op, 564272125.00 ns, 1.0510 ns/op
OverheadActual  14: 536870912 op, 563535542.00 ns, 1.0497 ns/op
OverheadActual  15: 536870912 op, 561961417.00 ns, 1.0467 ns/op

WorkloadWarmup   1: 536870912 op, 891208625.00 ns, 1.6600 ns/op
WorkloadWarmup   2: 536870912 op, 892096167.00 ns, 1.6617 ns/op
WorkloadWarmup   3: 536870912 op, 895227625.00 ns, 1.6675 ns/op
WorkloadWarmup   4: 536870912 op, 894778584.00 ns, 1.6667 ns/op
WorkloadWarmup   5: 536870912 op, 895046334.00 ns, 1.6672 ns/op
WorkloadWarmup   6: 536870912 op, 892056209.00 ns, 1.6616 ns/op

// BeforeActualRun
WorkloadActual   1: 536870912 op, 891715666.00 ns, 1.6609 ns/op
WorkloadActual   2: 536870912 op, 894208417.00 ns, 1.6656 ns/op
WorkloadActual   3: 536870912 op, 894847000.00 ns, 1.6668 ns/op
WorkloadActual   4: 536870912 op, 895321667.00 ns, 1.6677 ns/op
WorkloadActual   5: 536870912 op, 893147167.00 ns, 1.6636 ns/op
WorkloadActual   6: 536870912 op, 893390750.00 ns, 1.6641 ns/op
WorkloadActual   7: 536870912 op, 892145208.00 ns, 1.6617 ns/op
WorkloadActual   8: 536870912 op, 890195791.00 ns, 1.6581 ns/op
WorkloadActual   9: 536870912 op, 891668167.00 ns, 1.6609 ns/op
WorkloadActual  10: 536870912 op, 895788417.00 ns, 1.6685 ns/op
WorkloadActual  11: 536870912 op, 897587583.00 ns, 1.6719 ns/op
WorkloadActual  12: 536870912 op, 894848667.00 ns, 1.6668 ns/op
WorkloadActual  13: 536870912 op, 891331416.00 ns, 1.6602 ns/op
WorkloadActual  14: 536870912 op, 893188167.00 ns, 1.6637 ns/op
WorkloadActual  15: 536870912 op, 892155458.00 ns, 1.6618 ns/op

// AfterActualRun
WorkloadResult   1: 536870912 op, 326444707.00 ns, 0.6081 ns/op
WorkloadResult   2: 536870912 op, 328937458.00 ns, 0.6127 ns/op
WorkloadResult   3: 536870912 op, 329576041.00 ns, 0.6139 ns/op
WorkloadResult   4: 536870912 op, 330050708.00 ns, 0.6148 ns/op
WorkloadResult   5: 536870912 op, 327876208.00 ns, 0.6107 ns/op
WorkloadResult   6: 536870912 op, 328119791.00 ns, 0.6112 ns/op
WorkloadResult   7: 536870912 op, 326874249.00 ns, 0.6089 ns/op
WorkloadResult   8: 536870912 op, 324924832.00 ns, 0.6052 ns/op
WorkloadResult   9: 536870912 op, 326397208.00 ns, 0.6080 ns/op
WorkloadResult  10: 536870912 op, 330517458.00 ns, 0.6156 ns/op
WorkloadResult  11: 536870912 op, 332316624.00 ns, 0.6190 ns/op
WorkloadResult  12: 536870912 op, 329577708.00 ns, 0.6139 ns/op
WorkloadResult  13: 536870912 op, 326060457.00 ns, 0.6073 ns/op
WorkloadResult  14: 536870912 op, 327917208.00 ns, 0.6108 ns/op
WorkloadResult  15: 536870912 op, 326884499.00 ns, 0.6089 ns/op
// GC:  0 0 0 736 536870912
// Threading:  0 0 536870912

// AfterAll
// Benchmark Process 9115 has exited with code 0.

Mean = 0.611 ns, StdErr = 0.001 ns (0.16%), N = 15, StdDev = 0.004 ns
Min = 0.605 ns, Q1 = 0.608 ns, Median = 0.611 ns, Q3 = 0.614 ns, Max = 0.619 ns
IQR = 0.005 ns, LowerFence = 0.600 ns, UpperFence = 0.622 ns
ConfidenceInterval = [0.607 ns; 0.615 ns] (CI 99.9%), Margin = 0.004 ns (0.65% of Mean)
Skewness = 0.33, Kurtosis = 2.14, MValue = 2

// ** Remained 27 (75,0 %) benchmark(s) to run. Estimated finish 2026-03-26 11:55 (0h 17m from now) **
// **************************
// Benchmark: PhysicsBakeBenchmark.SteadyState: DefaultJob [ObstacleCount=10, AgentCount=10, RegionCount=4]
// *** Execute ***
// Launch: 1 / 1
// Execute: dotnet 4601f3fe-6af5-4365-a3e6-5c0da9f493f5.dll --anonymousPipes 120 121 --benchmarkName "Deterministic.GameFramework.Navigation.Benchmarks.PhysicsBakeBenchmark.SteadyState(ObstacleCount: 10, AgentCount: 10, RegionCount: 4)" --job Default --benchmarkId 9 in /Users/a1/Documents/GitHub/PizzaJam2026/Server/Framework/Benchmarks/Deterministic.GameFramework.Navigation.Benchmarks/bin/Release/net8.0/4601f3fe-6af5-4365-a3e6-5c0da9f493f5/bin/Release/net8.0
// Failed to set up high priority (Permission denied). In order to run benchmarks with high priority, make sure you have the right permissions.
// BeforeAnythingElse

// Benchmark Process Environment Information:
// BenchmarkDotNet v0.13.12
// Runtime=.NET 8.0.19 (8.0.1925.36514), Arm64 RyuJIT AdvSIMD
// GC=Concurrent Workstation
// HardwareIntrinsics=AdvSIMD,AES,CRC32,DP,RDM,SHA1,SHA256 VectorSize=128
// Job: DefaultJob

[ComponentId] Registered World -> Local(0) Stable(Stable(00000000-0000-0000-0000-000072b3622d))
[ComponentId] Registered Transform2D -> Local(1) Stable(Stable(aafea77a-2300-4eef-9ffc-071170bb9a26))
[ComponentId] Registered NavigationRegion2D -> Local(2) Stable(Stable(b7e2a1c3-4d56-4f89-a012-3e4f5a6b7c8d))
[ComponentId] Registered NavigationAgent2D -> Local(3) Stable(Stable(c8f3b2d4-5e67-4a90-b123-4f5a6b7c8d9e))
[ComponentId] Registered NavigationObstacle2D -> Local(4) Stable(Stable(d9a4c3e5-6f78-4b01-c234-5a6b7c8d9e0f))
[ComponentId] Registered NavigationWorld2D -> Local(5) Stable(Stable(ea5b4d6c-7f89-4012-d345-6a7b8c9d0e1f))
[ComponentId] Registered CharacterBody2D -> Local(6) Stable(Stable(1f3b7788-2947-4d66-9d33-1275d2757278))
[ComponentId] Registered Area2D -> Local(7) Stable(Stable(42ac8ac3-53d6-40ca-9f7e-5daee2548ba6))
[ComponentId] Registered StaticBody2D -> Local(8) Stable(Stable(56221147-3807-449e-8c88-e92544a47833))
[ComponentId] Registered RigidBody2D -> Local(9) Stable(Stable(8014592a-3375-4c07-ae29-598114227003))
[ComponentId] Registered CollisionShape2D -> Local(10) Stable(Stable(c9075775-7634-45e0-a006-037000784226))
[ComponentId] Registered PhysicsWorldState -> Local(11) Stable(Stable(fb4fe7e4-2244-48ea-9ec5-0a972a3861d4))
OverheadJitting  1: 1 op, 111250.00 ns, 111.2500 us/op
WorkloadJitting  1: 1 op, 698416.00 ns, 698.4160 us/op

OverheadJitting  2: 16 op, 116584.00 ns, 7.2865 us/op
WorkloadJitting  2: 16 op, 8386375.00 ns, 524.1484 us/op

WorkloadPilot    1: 16 op, 8232250.00 ns, 514.5156 us/op
WorkloadPilot    2: 32 op, 16779833.00 ns, 524.3698 us/op
WorkloadPilot    3: 64 op, 33053750.00 ns, 516.4648 us/op
WorkloadPilot    4: 128 op, 65691167.00 ns, 513.2122 us/op
WorkloadPilot    5: 256 op, 122801250.00 ns, 479.6924 us/op
WorkloadPilot    6: 512 op, 37059833.00 ns, 72.3825 us/op
WorkloadPilot    7: 1024 op, 69562583.00 ns, 67.9322 us/op
WorkloadPilot    8: 2048 op, 138897083.00 ns, 67.8208 us/op
WorkloadPilot    9: 4096 op, 258366917.00 ns, 63.0779 us/op
WorkloadPilot   10: 8192 op, 517558041.00 ns, 63.1785 us/op

OverheadWarmup   1: 8192 op, 17000.00 ns, 2.0752 ns/op
OverheadWarmup   2: 8192 op, 16333.00 ns, 1.9938 ns/op
OverheadWarmup   3: 8192 op, 19750.00 ns, 2.4109 ns/op
OverheadWarmup   4: 8192 op, 18041.00 ns, 2.2023 ns/op
OverheadWarmup   5: 8192 op, 19708.00 ns, 2.4058 ns/op
OverheadWarmup   6: 8192 op, 16334.00 ns, 1.9939 ns/op

OverheadActual   1: 8192 op, 16125.00 ns, 1.9684 ns/op
OverheadActual   2: 8192 op, 19834.00 ns, 2.4211 ns/op
OverheadActual   3: 8192 op, 17792.00 ns, 2.1719 ns/op
OverheadActual   4: 8192 op, 16250.00 ns, 1.9836 ns/op
OverheadActual   5: 8192 op, 16292.00 ns, 1.9888 ns/op
OverheadActual   6: 8192 op, 16250.00 ns, 1.9836 ns/op
OverheadActual   7: 8192 op, 20625.00 ns, 2.5177 ns/op
OverheadActual   8: 8192 op, 16250.00 ns, 1.9836 ns/op
OverheadActual   9: 8192 op, 19500.00 ns, 2.3804 ns/op
OverheadActual  10: 8192 op, 20041.00 ns, 2.4464 ns/op
OverheadActual  11: 8192 op, 22125.00 ns, 2.7008 ns/op
OverheadActual  12: 8192 op, 16292.00 ns, 1.9888 ns/op
OverheadActual  13: 8192 op, 20833.00 ns, 2.5431 ns/op
OverheadActual  14: 8192 op, 20500.00 ns, 2.5024 ns/op
OverheadActual  15: 8192 op, 20500.00 ns, 2.5024 ns/op
OverheadActual  16: 8192 op, 20500.00 ns, 2.5024 ns/op
OverheadActual  17: 8192 op, 26750.00 ns, 3.2654 ns/op
OverheadActual  18: 8192 op, 16583.00 ns, 2.0243 ns/op
OverheadActual  19: 8192 op, 16250.00 ns, 1.9836 ns/op
OverheadActual  20: 8192 op, 17083.00 ns, 2.0853 ns/op

WorkloadWarmup   1: 8192 op, 515727083.00 ns, 62.9550 us/op
WorkloadWarmup   2: 8192 op, 514142708.00 ns, 62.7616 us/op
WorkloadWarmup   3: 8192 op, 513935125.00 ns, 62.7362 us/op
WorkloadWarmup   4: 8192 op, 513851583.00 ns, 62.7260 us/op
WorkloadWarmup   5: 8192 op, 514127750.00 ns, 62.7597 us/op
WorkloadWarmup   6: 8192 op, 513372250.00 ns, 62.6675 us/op
WorkloadWarmup   7: 8192 op, 515588834.00 ns, 62.9381 us/op
WorkloadWarmup   8: 8192 op, 515944958.00 ns, 62.9816 us/op
WorkloadWarmup   9: 8192 op, 515497625.00 ns, 62.9270 us/op

// BeforeActualRun
WorkloadActual   1: 8192 op, 515811167.00 ns, 62.9652 us/op
WorkloadActual   2: 8192 op, 517857250.00 ns, 63.2150 us/op
WorkloadActual   3: 8192 op, 515591125.00 ns, 62.9384 us/op
WorkloadActual   4: 8192 op, 512925000.00 ns, 62.6129 us/op
WorkloadActual   5: 8192 op, 514095000.00 ns, 62.7557 us/op
WorkloadActual   6: 8192 op, 513187750.00 ns, 62.6450 us/op
WorkloadActual   7: 8192 op, 513598375.00 ns, 62.6951 us/op
WorkloadActual   8: 8192 op, 514018541.00 ns, 62.7464 us/op
WorkloadActual   9: 8192 op, 514908416.00 ns, 62.8550 us/op
WorkloadActual  10: 8192 op, 516180875.00 ns, 63.0104 us/op
WorkloadActual  11: 8192 op, 515485417.00 ns, 62.9255 us/op
WorkloadActual  12: 8192 op, 517492834.00 ns, 63.1705 us/op
WorkloadActual  13: 8192 op, 514481042.00 ns, 62.8029 us/op
WorkloadActual  14: 8192 op, 516017334.00 ns, 62.9904 us/op
WorkloadActual  15: 8192 op, 514045625.00 ns, 62.7497 us/op

// AfterActualRun
WorkloadResult   1: 8192 op, 515792521.00 ns, 62.9630 us/op
WorkloadResult   2: 8192 op, 517838604.00 ns, 63.2127 us/op
WorkloadResult   3: 8192 op, 515572479.00 ns, 62.9361 us/op
WorkloadResult   4: 8192 op, 512906354.00 ns, 62.6106 us/op
WorkloadResult   5: 8192 op, 514076354.00 ns, 62.7535 us/op
WorkloadResult   6: 8192 op, 513169104.00 ns, 62.6427 us/op
WorkloadResult   7: 8192 op, 513579729.00 ns, 62.6928 us/op
WorkloadResult   8: 8192 op, 513999895.00 ns, 62.7441 us/op
WorkloadResult   9: 8192 op, 514889770.00 ns, 62.8528 us/op
WorkloadResult  10: 8192 op, 516162229.00 ns, 63.0081 us/op
WorkloadResult  11: 8192 op, 515466771.00 ns, 62.9232 us/op
WorkloadResult  12: 8192 op, 517474188.00 ns, 63.1682 us/op
WorkloadResult  13: 8192 op, 514462396.00 ns, 62.8006 us/op
WorkloadResult  14: 8192 op, 515998688.00 ns, 62.9881 us/op
WorkloadResult  15: 8192 op, 514026979.00 ns, 62.7474 us/op
// GC:  0 0 0 4391648 8192
// Threading:  0 0 8192

// AfterAll
// Benchmark Process 9116 has exited with code 0.

Mean = 62.870 μs, StdErr = 0.047 μs (0.07%), N = 15, StdDev = 0.180 μs
Min = 62.611 μs, Q1 = 62.746 μs, Median = 62.853 μs, Q3 = 62.976 μs, Max = 63.213 μs
IQR = 0.230 μs, LowerFence = 62.401 μs, UpperFence = 63.320 μs
ConfidenceInterval = [62.677 μs; 63.062 μs] (CI 99.9%), Margin = 0.193 μs (0.31% of Mean)
Skewness = 0.37, Kurtosis = 1.97, MValue = 2

// ** Remained 26 (72,2 %) benchmark(s) to run. Estimated finish 2026-03-26 11:53 (0h 15m from now) **
// **************************
// Benchmark: PhysicsBakeBenchmark.PhysicsRebake: DefaultJob [ObstacleCount=10, AgentCount=10, RegionCount=4]
// *** Execute ***
// Launch: 1 / 1
// Execute: dotnet 4601f3fe-6af5-4365-a3e6-5c0da9f493f5.dll --anonymousPipes 120 121 --benchmarkName "Deterministic.GameFramework.Navigation.Benchmarks.PhysicsBakeBenchmark.PhysicsRebake(ObstacleCount: 10, AgentCount: 10, RegionCount: 4)" --job Default --benchmarkId 10 in /Users/a1/Documents/GitHub/PizzaJam2026/Server/Framework/Benchmarks/Deterministic.GameFramework.Navigation.Benchmarks/bin/Release/net8.0/4601f3fe-6af5-4365-a3e6-5c0da9f493f5/bin/Release/net8.0
// Failed to set up high priority (Permission denied). In order to run benchmarks with high priority, make sure you have the right permissions.
// BeforeAnythingElse

// Benchmark Process Environment Information:
// BenchmarkDotNet v0.13.12
// Runtime=.NET 8.0.19 (8.0.1925.36514), Arm64 RyuJIT AdvSIMD
// GC=Concurrent Workstation
// HardwareIntrinsics=AdvSIMD,AES,CRC32,DP,RDM,SHA1,SHA256 VectorSize=128
// Job: DefaultJob

[ComponentId] Registered World -> Local(0) Stable(Stable(00000000-0000-0000-0000-000072b3622d))
[ComponentId] Registered Transform2D -> Local(1) Stable(Stable(aafea77a-2300-4eef-9ffc-071170bb9a26))
[ComponentId] Registered NavigationRegion2D -> Local(2) Stable(Stable(b7e2a1c3-4d56-4f89-a012-3e4f5a6b7c8d))
[ComponentId] Registered NavigationAgent2D -> Local(3) Stable(Stable(c8f3b2d4-5e67-4a90-b123-4f5a6b7c8d9e))
[ComponentId] Registered NavigationObstacle2D -> Local(4) Stable(Stable(d9a4c3e5-6f78-4b01-c234-5a6b7c8d9e0f))
[ComponentId] Registered NavigationWorld2D -> Local(5) Stable(Stable(ea5b4d6c-7f89-4012-d345-6a7b8c9d0e1f))
[ComponentId] Registered CharacterBody2D -> Local(6) Stable(Stable(1f3b7788-2947-4d66-9d33-1275d2757278))
[ComponentId] Registered Area2D -> Local(7) Stable(Stable(42ac8ac3-53d6-40ca-9f7e-5daee2548ba6))
[ComponentId] Registered StaticBody2D -> Local(8) Stable(Stable(56221147-3807-449e-8c88-e92544a47833))
[ComponentId] Registered RigidBody2D -> Local(9) Stable(Stable(8014592a-3375-4c07-ae29-598114227003))
[ComponentId] Registered CollisionShape2D -> Local(10) Stable(Stable(c9075775-7634-45e0-a006-037000784226))
[ComponentId] Registered PhysicsWorldState -> Local(11) Stable(Stable(fb4fe7e4-2244-48ea-9ec5-0a972a3861d4))
OverheadJitting  1: 1 op, 154667.00 ns, 154.6670 us/op
WorkloadJitting  1: 1 op, 211248292.00 ns, 211.2483 ms/op

WorkloadPilot    1: 2 op, 466357250.00 ns, 233.1786 ms/op
WorkloadPilot    2: 3 op, 367840917.00 ns, 122.6136 ms/op
WorkloadPilot    3: 4 op, 495084459.00 ns, 123.7711 ms/op
WorkloadPilot    4: 5 op, 618502958.00 ns, 123.7006 ms/op

WorkloadWarmup   1: 5 op, 621632458.00 ns, 124.3265 ms/op
WorkloadWarmup   2: 5 op, 618767583.00 ns, 123.7535 ms/op
WorkloadWarmup   3: 5 op, 617715334.00 ns, 123.5431 ms/op
WorkloadWarmup   4: 5 op, 619849833.00 ns, 123.9700 ms/op
WorkloadWarmup   5: 5 op, 616112208.00 ns, 123.2224 ms/op
WorkloadWarmup   6: 5 op, 616090333.00 ns, 123.2181 ms/op
WorkloadWarmup   7: 5 op, 616428167.00 ns, 123.2856 ms/op
WorkloadWarmup   8: 5 op, 616311875.00 ns, 123.2624 ms/op

// BeforeActualRun
WorkloadActual   1: 5 op, 619571791.00 ns, 123.9144 ms/op
WorkloadActual   2: 5 op, 854148708.00 ns, 170.8297 ms/op
WorkloadActual   3: 5 op, 1009483583.00 ns, 201.8967 ms/op
WorkloadActual   4: 5 op, 1009290792.00 ns, 201.8582 ms/op
WorkloadActual   5: 5 op, 1006217167.00 ns, 201.2434 ms/op
WorkloadActual   6: 5 op, 1012513708.00 ns, 202.5027 ms/op
WorkloadActual   7: 5 op, 1010694125.00 ns, 202.1388 ms/op
WorkloadActual   8: 5 op, 1011218166.00 ns, 202.2436 ms/op
WorkloadActual   9: 5 op, 1010286750.00 ns, 202.0573 ms/op
WorkloadActual  10: 5 op, 1006276833.00 ns, 201.2554 ms/op
WorkloadActual  11: 5 op, 1005524958.00 ns, 201.1050 ms/op
WorkloadActual  12: 5 op, 1007081500.00 ns, 201.4163 ms/op
WorkloadActual  13: 5 op, 1010408041.00 ns, 202.0816 ms/op
WorkloadActual  14: 5 op, 1015330625.00 ns, 203.0661 ms/op
WorkloadActual  15: 5 op, 1008247458.00 ns, 201.6495 ms/op
WorkloadActual  16: 5 op, 1010144708.00 ns, 202.0289 ms/op
WorkloadActual  17: 5 op, 1008075625.00 ns, 201.6151 ms/op
WorkloadActual  18: 5 op, 1010019000.00 ns, 202.0038 ms/op
WorkloadActual  19: 5 op, 1010192750.00 ns, 202.0386 ms/op
WorkloadActual  20: 5 op, 1011214542.00 ns, 202.2429 ms/op
WorkloadActual  21: 5 op, 1007339459.00 ns, 201.4679 ms/op
WorkloadActual  22: 5 op, 1006121500.00 ns, 201.2243 ms/op
WorkloadActual  23: 5 op, 1005799625.00 ns, 201.1599 ms/op
WorkloadActual  24: 5 op, 1011823667.00 ns, 202.3647 ms/op
WorkloadActual  25: 5 op, 1011105959.00 ns, 202.2212 ms/op
WorkloadActual  26: 5 op, 1012720166.00 ns, 202.5440 ms/op
WorkloadActual  27: 5 op, 1006501333.00 ns, 201.3003 ms/op
WorkloadActual  28: 5 op, 1006508875.00 ns, 201.3018 ms/op
WorkloadActual  29: 5 op, 1008322917.00 ns, 201.6646 ms/op
WorkloadActual  30: 5 op, 1013457417.00 ns, 202.6915 ms/op
WorkloadActual  31: 5 op, 1012812041.00 ns, 202.5624 ms/op
WorkloadActual  32: 5 op, 1010291708.00 ns, 202.0583 ms/op
WorkloadActual  33: 5 op, 1008263167.00 ns, 201.6526 ms/op
WorkloadActual  34: 5 op, 1006338916.00 ns, 201.2678 ms/op
WorkloadActual  35: 5 op, 1009157041.00 ns, 201.8314 ms/op
WorkloadActual  36: 5 op, 1013435250.00 ns, 202.6870 ms/op
WorkloadActual  37: 5 op, 1014059708.00 ns, 202.8119 ms/op
WorkloadActual  38: 5 op, 1009571125.00 ns, 201.9142 ms/op
WorkloadActual  39: 5 op, 1008651791.00 ns, 201.7304 ms/op
WorkloadActual  40: 5 op, 1006411000.00 ns, 201.2822 ms/op
WorkloadActual  41: 5 op, 1011652083.00 ns, 202.3304 ms/op
WorkloadActual  42: 5 op, 1012010584.00 ns, 202.4021 ms/op
WorkloadActual  43: 5 op, 1011758584.00 ns, 202.3517 ms/op
WorkloadActual  44: 5 op, 1007142417.00 ns, 201.4285 ms/op
WorkloadActual  45: 5 op, 1007490667.00 ns, 201.4981 ms/op
WorkloadActual  46: 5 op, 1008381167.00 ns, 201.6762 ms/op
WorkloadActual  47: 5 op, 1014140333.00 ns, 202.8281 ms/op
WorkloadActual  48: 5 op, 1013101834.00 ns, 202.6204 ms/op
WorkloadActual  49: 5 op, 1010954083.00 ns, 202.1908 ms/op
WorkloadActual  50: 5 op, 1007626250.00 ns, 201.5252 ms/op
WorkloadActual  51: 5 op, 1009413125.00 ns, 201.8826 ms/op
WorkloadActual  52: 5 op, 1009130000.00 ns, 201.8260 ms/op
WorkloadActual  53: 5 op, 1014638250.00 ns, 202.9276 ms/op
WorkloadActual  54: 5 op, 1011980625.00 ns, 202.3961 ms/op
WorkloadActual  55: 5 op, 1010918375.00 ns, 202.1837 ms/op
WorkloadActual  56: 5 op, 1007538042.00 ns, 201.5076 ms/op
WorkloadActual  57: 5 op, 1008432750.00 ns, 201.6866 ms/op
WorkloadActual  58: 5 op, 1010316875.00 ns, 202.0634 ms/op
WorkloadActual  59: 5 op, 1013429000.00 ns, 202.6858 ms/op
WorkloadActual  60: 5 op, 1013256667.00 ns, 202.6513 ms/op
WorkloadActual  61: 5 op, 1008567542.00 ns, 201.7135 ms/op
WorkloadActual  62: 5 op, 1008587834.00 ns, 201.7176 ms/op
WorkloadActual  63: 5 op, 1007481959.00 ns, 201.4964 ms/op
WorkloadActual  64: 5 op, 1013182375.00 ns, 202.6365 ms/op
WorkloadActual  65: 5 op, 1013160959.00 ns, 202.6322 ms/op
WorkloadActual  66: 5 op, 1011768208.00 ns, 202.3536 ms/op
WorkloadActual  67: 5 op, 1010233542.00 ns, 202.0467 ms/op
WorkloadActual  68: 5 op, 1006985209.00 ns, 201.3970 ms/op
WorkloadActual  69: 5 op, 1012611625.00 ns, 202.5223 ms/op
WorkloadActual  70: 5 op, 1016940250.00 ns, 203.3880 ms/op
WorkloadActual  71: 5 op, 1015240167.00 ns, 203.0480 ms/op
WorkloadActual  72: 5 op, 1012105583.00 ns, 202.4211 ms/op

// AfterActualRun
WorkloadResult   1: 5 op, 619571791.00 ns, 123.9144 ms/op
WorkloadResult   2: 5 op, 854148708.00 ns, 170.8297 ms/op
WorkloadResult   3: 5 op, 1009483583.00 ns, 201.8967 ms/op
WorkloadResult   4: 5 op, 1009290792.00 ns, 201.8582 ms/op
WorkloadResult   5: 5 op, 1006217167.00 ns, 201.2434 ms/op
WorkloadResult   6: 5 op, 1012513708.00 ns, 202.5027 ms/op
WorkloadResult   7: 5 op, 1010694125.00 ns, 202.1388 ms/op
WorkloadResult   8: 5 op, 1011218166.00 ns, 202.2436 ms/op
WorkloadResult   9: 5 op, 1010286750.00 ns, 202.0573 ms/op
WorkloadResult  10: 5 op, 1006276833.00 ns, 201.2554 ms/op
WorkloadResult  11: 5 op, 1005524958.00 ns, 201.1050 ms/op
WorkloadResult  12: 5 op, 1007081500.00 ns, 201.4163 ms/op
WorkloadResult  13: 5 op, 1010408041.00 ns, 202.0816 ms/op
WorkloadResult  14: 5 op, 1015330625.00 ns, 203.0661 ms/op
WorkloadResult  15: 5 op, 1008247458.00 ns, 201.6495 ms/op
WorkloadResult  16: 5 op, 1010144708.00 ns, 202.0289 ms/op
WorkloadResult  17: 5 op, 1008075625.00 ns, 201.6151 ms/op
WorkloadResult  18: 5 op, 1010019000.00 ns, 202.0038 ms/op
WorkloadResult  19: 5 op, 1010192750.00 ns, 202.0386 ms/op
WorkloadResult  20: 5 op, 1011214542.00 ns, 202.2429 ms/op
WorkloadResult  21: 5 op, 1007339459.00 ns, 201.4679 ms/op
WorkloadResult  22: 5 op, 1006121500.00 ns, 201.2243 ms/op
WorkloadResult  23: 5 op, 1005799625.00 ns, 201.1599 ms/op
WorkloadResult  24: 5 op, 1011823667.00 ns, 202.3647 ms/op
WorkloadResult  25: 5 op, 1011105959.00 ns, 202.2212 ms/op
WorkloadResult  26: 5 op, 1012720166.00 ns, 202.5440 ms/op
WorkloadResult  27: 5 op, 1006501333.00 ns, 201.3003 ms/op
WorkloadResult  28: 5 op, 1006508875.00 ns, 201.3018 ms/op
WorkloadResult  29: 5 op, 1008322917.00 ns, 201.6646 ms/op
WorkloadResult  30: 5 op, 1013457417.00 ns, 202.6915 ms/op
WorkloadResult  31: 5 op, 1012812041.00 ns, 202.5624 ms/op
WorkloadResult  32: 5 op, 1010291708.00 ns, 202.0583 ms/op
WorkloadResult  33: 5 op, 1008263167.00 ns, 201.6526 ms/op
WorkloadResult  34: 5 op, 1006338916.00 ns, 201.2678 ms/op
WorkloadResult  35: 5 op, 1009157041.00 ns, 201.8314 ms/op
WorkloadResult  36: 5 op, 1013435250.00 ns, 202.6870 ms/op
WorkloadResult  37: 5 op, 1014059708.00 ns, 202.8119 ms/op
WorkloadResult  38: 5 op, 1009571125.00 ns, 201.9142 ms/op
WorkloadResult  39: 5 op, 1008651791.00 ns, 201.7304 ms/op
WorkloadResult  40: 5 op, 1006411000.00 ns, 201.2822 ms/op
WorkloadResult  41: 5 op, 1011652083.00 ns, 202.3304 ms/op
WorkloadResult  42: 5 op, 1012010584.00 ns, 202.4021 ms/op
WorkloadResult  43: 5 op, 1011758584.00 ns, 202.3517 ms/op
WorkloadResult  44: 5 op, 1007142417.00 ns, 201.4285 ms/op
WorkloadResult  45: 5 op, 1007490667.00 ns, 201.4981 ms/op
WorkloadResult  46: 5 op, 1008381167.00 ns, 201.6762 ms/op
WorkloadResult  47: 5 op, 1014140333.00 ns, 202.8281 ms/op
WorkloadResult  48: 5 op, 1013101834.00 ns, 202.6204 ms/op
WorkloadResult  49: 5 op, 1010954083.00 ns, 202.1908 ms/op
WorkloadResult  50: 5 op, 1007626250.00 ns, 201.5252 ms/op
WorkloadResult  51: 5 op, 1009413125.00 ns, 201.8826 ms/op
WorkloadResult  52: 5 op, 1009130000.00 ns, 201.8260 ms/op
WorkloadResult  53: 5 op, 1014638250.00 ns, 202.9276 ms/op
WorkloadResult  54: 5 op, 1011980625.00 ns, 202.3961 ms/op
WorkloadResult  55: 5 op, 1010918375.00 ns, 202.1837 ms/op
WorkloadResult  56: 5 op, 1007538042.00 ns, 201.5076 ms/op
WorkloadResult  57: 5 op, 1008432750.00 ns, 201.6866 ms/op
WorkloadResult  58: 5 op, 1010316875.00 ns, 202.0634 ms/op
WorkloadResult  59: 5 op, 1013429000.00 ns, 202.6858 ms/op
WorkloadResult  60: 5 op, 1013256667.00 ns, 202.6513 ms/op
WorkloadResult  61: 5 op, 1008567542.00 ns, 201.7135 ms/op
WorkloadResult  62: 5 op, 1008587834.00 ns, 201.7176 ms/op
WorkloadResult  63: 5 op, 1007481959.00 ns, 201.4964 ms/op
WorkloadResult  64: 5 op, 1013182375.00 ns, 202.6365 ms/op
WorkloadResult  65: 5 op, 1013160959.00 ns, 202.6322 ms/op
WorkloadResult  66: 5 op, 1011768208.00 ns, 202.3536 ms/op
WorkloadResult  67: 5 op, 1010233542.00 ns, 202.0467 ms/op
WorkloadResult  68: 5 op, 1006985209.00 ns, 201.3970 ms/op
WorkloadResult  69: 5 op, 1012611625.00 ns, 202.5223 ms/op
WorkloadResult  70: 5 op, 1016940250.00 ns, 203.3880 ms/op
WorkloadResult  71: 5 op, 1015240167.00 ns, 203.0480 ms/op
WorkloadResult  72: 5 op, 1012105583.00 ns, 202.4211 ms/op
// GC:  5 3 1 49694224 5
// Threading:  0 0 5

// AfterAll
// Benchmark Process 9117 has exited with code 0.

Mean = 200.513 ms, StdErr = 1.164 ms (0.58%), N = 72, StdDev = 9.880 ms
Min = 123.914 ms, Q1 = 201.521 ms, Median = 202.034 ms, Q3 = 202.407 ms, Max = 203.388 ms
IQR = 0.886 ms, LowerFence = 200.192 ms, UpperFence = 203.736 ms
ConfidenceInterval = [196.516 ms; 204.510 ms] (CI 99.9%), Margin = 3.997 ms (1.99% of Mean)
Skewness = -6.84, Kurtosis = 51.32, MValue = 2

// ** Remained 25 (69,4 %) benchmark(s) to run. Estimated finish 2026-03-26 11:56 (0h 16m from now) **
// **************************
// Benchmark: PhysicsBakeBenchmark.PhysicsRebake_WithRegions: DefaultJob [ObstacleCount=10, AgentCount=10, RegionCount=4]
// *** Execute ***
// Launch: 1 / 1
// Execute: dotnet 4601f3fe-6af5-4365-a3e6-5c0da9f493f5.dll --anonymousPipes 120 121 --benchmarkName "Deterministic.GameFramework.Navigation.Benchmarks.PhysicsBakeBenchmark.PhysicsRebake_WithRegions(ObstacleCount: 10, AgentCount: 10, RegionCount: 4)" --job Default --benchmarkId 11 in /Users/a1/Documents/GitHub/PizzaJam2026/Server/Framework/Benchmarks/Deterministic.GameFramework.Navigation.Benchmarks/bin/Release/net8.0/4601f3fe-6af5-4365-a3e6-5c0da9f493f5/bin/Release/net8.0
// Failed to set up high priority (Permission denied). In order to run benchmarks with high priority, make sure you have the right permissions.
// BeforeAnythingElse

// Benchmark Process Environment Information:
// BenchmarkDotNet v0.13.12
// Runtime=.NET 8.0.19 (8.0.1925.36514), Arm64 RyuJIT AdvSIMD
// GC=Concurrent Workstation
// HardwareIntrinsics=AdvSIMD,AES,CRC32,DP,RDM,SHA1,SHA256 VectorSize=128
// Job: DefaultJob

[ComponentId] Registered World -> Local(0) Stable(Stable(00000000-0000-0000-0000-000072b3622d))
[ComponentId] Registered Transform2D -> Local(1) Stable(Stable(aafea77a-2300-4eef-9ffc-071170bb9a26))
[ComponentId] Registered NavigationRegion2D -> Local(2) Stable(Stable(b7e2a1c3-4d56-4f89-a012-3e4f5a6b7c8d))
[ComponentId] Registered NavigationAgent2D -> Local(3) Stable(Stable(c8f3b2d4-5e67-4a90-b123-4f5a6b7c8d9e))
[ComponentId] Registered NavigationObstacle2D -> Local(4) Stable(Stable(d9a4c3e5-6f78-4b01-c234-5a6b7c8d9e0f))
[ComponentId] Registered NavigationWorld2D -> Local(5) Stable(Stable(ea5b4d6c-7f89-4012-d345-6a7b8c9d0e1f))
[ComponentId] Registered CharacterBody2D -> Local(6) Stable(Stable(1f3b7788-2947-4d66-9d33-1275d2757278))
[ComponentId] Registered Area2D -> Local(7) Stable(Stable(42ac8ac3-53d6-40ca-9f7e-5daee2548ba6))
[ComponentId] Registered StaticBody2D -> Local(8) Stable(Stable(56221147-3807-449e-8c88-e92544a47833))
[ComponentId] Registered RigidBody2D -> Local(9) Stable(Stable(8014592a-3375-4c07-ae29-598114227003))
[ComponentId] Registered CollisionShape2D -> Local(10) Stable(Stable(c9075775-7634-45e0-a006-037000784226))
[ComponentId] Registered PhysicsWorldState -> Local(11) Stable(Stable(fb4fe7e4-2244-48ea-9ec5-0a972a3861d4))
OverheadJitting  1: 1 op, 142375.00 ns, 142.3750 us/op
WorkloadJitting  1: 1 op, 210284291.00 ns, 210.2843 ms/op

WorkloadPilot    1: 2 op, 408372042.00 ns, 204.1860 ms/op
WorkloadPilot    2: 3 op, 383904000.00 ns, 127.9680 ms/op
WorkloadPilot    3: 4 op, 497287167.00 ns, 124.3218 ms/op
WorkloadPilot    4: 5 op, 620467750.00 ns, 124.0935 ms/op

WorkloadWarmup   1: 5 op, 620799458.00 ns, 124.1599 ms/op
WorkloadWarmup   2: 5 op, 624242917.00 ns, 124.8486 ms/op
WorkloadWarmup   3: 5 op, 618494291.00 ns, 123.6989 ms/op
WorkloadWarmup   4: 5 op, 622041916.00 ns, 124.4084 ms/op
WorkloadWarmup   5: 5 op, 618092209.00 ns, 123.6184 ms/op
WorkloadWarmup   6: 5 op, 618083750.00 ns, 123.6167 ms/op

// BeforeActualRun
WorkloadActual   1: 5 op, 618039167.00 ns, 123.6078 ms/op
WorkloadActual   2: 5 op, 619960750.00 ns, 123.9921 ms/op
WorkloadActual   3: 5 op, 621763375.00 ns, 124.3527 ms/op
WorkloadActual   4: 5 op, 779380750.00 ns, 155.8761 ms/op
WorkloadActual   5: 5 op, 1013019500.00 ns, 202.6039 ms/op
WorkloadActual   6: 5 op, 1008990042.00 ns, 201.7980 ms/op
WorkloadActual   7: 5 op, 1008468375.00 ns, 201.6937 ms/op
WorkloadActual   8: 5 op, 1010616250.00 ns, 202.1233 ms/op
WorkloadActual   9: 5 op, 1016237291.00 ns, 203.2475 ms/op
WorkloadActual  10: 5 op, 1013649625.00 ns, 202.7299 ms/op
WorkloadActual  11: 5 op, 1011383042.00 ns, 202.2766 ms/op
WorkloadActual  12: 5 op, 1010038791.00 ns, 202.0078 ms/op
WorkloadActual  13: 5 op, 1009298583.00 ns, 201.8597 ms/op
WorkloadActual  14: 5 op, 1013852000.00 ns, 202.7704 ms/op
WorkloadActual  15: 5 op, 1019990750.00 ns, 203.9982 ms/op
WorkloadActual  16: 5 op, 1013777708.00 ns, 202.7555 ms/op
WorkloadActual  17: 5 op, 1010262459.00 ns, 202.0525 ms/op
WorkloadActual  18: 5 op, 1009488708.00 ns, 201.8977 ms/op
WorkloadActual  19: 5 op, 1011280250.00 ns, 202.2560 ms/op
WorkloadActual  20: 5 op, 1013785917.00 ns, 202.7572 ms/op
WorkloadActual  21: 5 op, 1014925792.00 ns, 202.9852 ms/op
WorkloadActual  22: 5 op, 1014901500.00 ns, 202.9803 ms/op
WorkloadActual  23: 5 op, 1009513083.00 ns, 201.9026 ms/op
WorkloadActual  24: 5 op, 1009836042.00 ns, 201.9672 ms/op
WorkloadActual  25: 5 op, 1010221916.00 ns, 202.0444 ms/op
WorkloadActual  26: 5 op, 1013489375.00 ns, 202.6979 ms/op
WorkloadActual  27: 5 op, 1015375250.00 ns, 203.0751 ms/op
WorkloadActual  28: 5 op, 1012707375.00 ns, 202.5415 ms/op
WorkloadActual  29: 5 op, 1010964083.00 ns, 202.1928 ms/op
WorkloadActual  30: 5 op, 1010426667.00 ns, 202.0853 ms/op
WorkloadActual  31: 5 op, 1012431167.00 ns, 202.4862 ms/op
WorkloadActual  32: 5 op, 1013639375.00 ns, 202.7279 ms/op
WorkloadActual  33: 5 op, 1014215042.00 ns, 202.8430 ms/op
WorkloadActual  34: 5 op, 1013716708.00 ns, 202.7433 ms/op
WorkloadActual  35: 5 op, 1011084959.00 ns, 202.2170 ms/op
WorkloadActual  36: 5 op, 1008742208.00 ns, 201.7484 ms/op
WorkloadActual  37: 5 op, 1014096625.00 ns, 202.8193 ms/op
WorkloadActual  38: 5 op, 1014179625.00 ns, 202.8359 ms/op
WorkloadActual  39: 5 op, 1016043875.00 ns, 203.2088 ms/op
WorkloadActual  40: 5 op, 1009589875.00 ns, 201.9180 ms/op
WorkloadActual  41: 5 op, 1009701583.00 ns, 201.9403 ms/op
WorkloadActual  42: 5 op, 1009808959.00 ns, 201.9618 ms/op
WorkloadActual  43: 5 op, 1013860792.00 ns, 202.7722 ms/op
WorkloadActual  44: 5 op, 1014171292.00 ns, 202.8343 ms/op
WorkloadActual  45: 5 op, 1013758417.00 ns, 202.7517 ms/op
WorkloadActual  46: 5 op, 1010335333.00 ns, 202.0671 ms/op
WorkloadActual  47: 5 op, 1009743958.00 ns, 201.9488 ms/op
WorkloadActual  48: 5 op, 1017209959.00 ns, 203.4420 ms/op
WorkloadActual  49: 5 op, 1017535583.00 ns, 203.5071 ms/op
WorkloadActual  50: 5 op, 1014083750.00 ns, 202.8168 ms/op
WorkloadActual  51: 5 op, 1009989584.00 ns, 201.9979 ms/op
WorkloadActual  52: 5 op, 1009368291.00 ns, 201.8737 ms/op
WorkloadActual  53: 5 op, 1009640084.00 ns, 201.9280 ms/op
WorkloadActual  54: 5 op, 1018028625.00 ns, 203.6057 ms/op
WorkloadActual  55: 5 op, 1014636333.00 ns, 202.9273 ms/op
WorkloadActual  56: 5 op, 1014785042.00 ns, 202.9570 ms/op
WorkloadActual  57: 5 op, 1009201833.00 ns, 201.8404 ms/op
WorkloadActual  58: 5 op, 1008904917.00 ns, 201.7810 ms/op
WorkloadActual  59: 5 op, 1013327875.00 ns, 202.6656 ms/op
WorkloadActual  60: 5 op, 1015062375.00 ns, 203.0125 ms/op
WorkloadActual  61: 5 op, 1025759959.00 ns, 205.1520 ms/op
WorkloadActual  62: 5 op, 1012313083.00 ns, 202.4626 ms/op
WorkloadActual  63: 5 op, 1009196042.00 ns, 201.8392 ms/op
WorkloadActual  64: 5 op, 1008714292.00 ns, 201.7429 ms/op
WorkloadActual  65: 5 op, 1011042875.00 ns, 202.2086 ms/op
WorkloadActual  66: 5 op, 1013192958.00 ns, 202.6386 ms/op
WorkloadActual  67: 5 op, 1015629875.00 ns, 203.1260 ms/op
WorkloadActual  68: 5 op, 1012637250.00 ns, 202.5274 ms/op
WorkloadActual  69: 5 op, 1011272333.00 ns, 202.2545 ms/op
WorkloadActual  70: 5 op, 1009115958.00 ns, 201.8232 ms/op
WorkloadActual  71: 5 op, 1014961334.00 ns, 202.9923 ms/op
WorkloadActual  72: 5 op, 1012881083.00 ns, 202.5762 ms/op
WorkloadActual  73: 5 op, 1013797709.00 ns, 202.7595 ms/op
WorkloadActual  74: 5 op, 1009974709.00 ns, 201.9949 ms/op
WorkloadActual  75: 5 op, 1008788834.00 ns, 201.7578 ms/op
WorkloadActual  76: 5 op, 1008327375.00 ns, 201.6655 ms/op
WorkloadActual  77: 5 op, 1015293625.00 ns, 203.0587 ms/op
WorkloadActual  78: 5 op, 1012986292.00 ns, 202.5973 ms/op
WorkloadActual  79: 5 op, 1016606042.00 ns, 203.3212 ms/op
WorkloadActual  80: 5 op, 1009451334.00 ns, 201.8903 ms/op
WorkloadActual  81: 5 op, 1009189750.00 ns, 201.8380 ms/op
WorkloadActual  82: 5 op, 1012891458.00 ns, 202.5783 ms/op
WorkloadActual  83: 5 op, 1014254917.00 ns, 202.8510 ms/op
WorkloadActual  84: 5 op, 1015006625.00 ns, 203.0013 ms/op
WorkloadActual  85: 5 op, 1011966375.00 ns, 202.3933 ms/op
WorkloadActual  86: 5 op, 1009117375.00 ns, 201.8235 ms/op
WorkloadActual  87: 5 op, 1009589708.00 ns, 201.9179 ms/op
WorkloadActual  88: 5 op, 1011430625.00 ns, 202.2861 ms/op
WorkloadActual  89: 5 op, 1015798041.00 ns, 203.1596 ms/op
WorkloadActual  90: 5 op, 1015315458.00 ns, 203.0631 ms/op
WorkloadActual  91: 5 op, 1010208625.00 ns, 202.0417 ms/op
WorkloadActual  92: 5 op, 1007316000.00 ns, 201.4632 ms/op
WorkloadActual  93: 5 op, 1010605250.00 ns, 202.1210 ms/op
WorkloadActual  94: 5 op, 1015216166.00 ns, 203.0432 ms/op
WorkloadActual  95: 5 op, 1014666250.00 ns, 202.9333 ms/op
WorkloadActual  96: 5 op, 1011872584.00 ns, 202.3745 ms/op
WorkloadActual  97: 5 op, 1008375125.00 ns, 201.6750 ms/op
WorkloadActual  98: 5 op, 1008363542.00 ns, 201.6727 ms/op
WorkloadActual  99: 5 op, 1014154750.00 ns, 202.8310 ms/op
WorkloadActual  100: 5 op, 1016342167.00 ns, 203.2684 ms/op

// AfterActualRun
WorkloadResult   1: 5 op, 618039167.00 ns, 123.6078 ms/op
WorkloadResult   2: 5 op, 619960750.00 ns, 123.9921 ms/op
WorkloadResult   3: 5 op, 621763375.00 ns, 124.3527 ms/op
WorkloadResult   4: 5 op, 779380750.00 ns, 155.8761 ms/op
WorkloadResult   5: 5 op, 1013019500.00 ns, 202.6039 ms/op
WorkloadResult   6: 5 op, 1008990042.00 ns, 201.7980 ms/op
WorkloadResult   7: 5 op, 1008468375.00 ns, 201.6937 ms/op
WorkloadResult   8: 5 op, 1010616250.00 ns, 202.1233 ms/op
WorkloadResult   9: 5 op, 1016237291.00 ns, 203.2475 ms/op
WorkloadResult  10: 5 op, 1013649625.00 ns, 202.7299 ms/op
WorkloadResult  11: 5 op, 1011383042.00 ns, 202.2766 ms/op
WorkloadResult  12: 5 op, 1010038791.00 ns, 202.0078 ms/op
WorkloadResult  13: 5 op, 1009298583.00 ns, 201.8597 ms/op
WorkloadResult  14: 5 op, 1013852000.00 ns, 202.7704 ms/op
WorkloadResult  15: 5 op, 1019990750.00 ns, 203.9982 ms/op
WorkloadResult  16: 5 op, 1013777708.00 ns, 202.7555 ms/op
WorkloadResult  17: 5 op, 1010262459.00 ns, 202.0525 ms/op
WorkloadResult  18: 5 op, 1009488708.00 ns, 201.8977 ms/op
WorkloadResult  19: 5 op, 1011280250.00 ns, 202.2560 ms/op
WorkloadResult  20: 5 op, 1013785917.00 ns, 202.7572 ms/op
WorkloadResult  21: 5 op, 1014925792.00 ns, 202.9852 ms/op
WorkloadResult  22: 5 op, 1014901500.00 ns, 202.9803 ms/op
WorkloadResult  23: 5 op, 1009513083.00 ns, 201.9026 ms/op
WorkloadResult  24: 5 op, 1009836042.00 ns, 201.9672 ms/op
WorkloadResult  25: 5 op, 1010221916.00 ns, 202.0444 ms/op
WorkloadResult  26: 5 op, 1013489375.00 ns, 202.6979 ms/op
WorkloadResult  27: 5 op, 1015375250.00 ns, 203.0751 ms/op
WorkloadResult  28: 5 op, 1012707375.00 ns, 202.5415 ms/op
WorkloadResult  29: 5 op, 1010964083.00 ns, 202.1928 ms/op
WorkloadResult  30: 5 op, 1010426667.00 ns, 202.0853 ms/op
WorkloadResult  31: 5 op, 1012431167.00 ns, 202.4862 ms/op
WorkloadResult  32: 5 op, 1013639375.00 ns, 202.7279 ms/op
WorkloadResult  33: 5 op, 1014215042.00 ns, 202.8430 ms/op
WorkloadResult  34: 5 op, 1013716708.00 ns, 202.7433 ms/op
WorkloadResult  35: 5 op, 1011084959.00 ns, 202.2170 ms/op
WorkloadResult  36: 5 op, 1008742208.00 ns, 201.7484 ms/op
WorkloadResult  37: 5 op, 1014096625.00 ns, 202.8193 ms/op
WorkloadResult  38: 5 op, 1014179625.00 ns, 202.8359 ms/op
WorkloadResult  39: 5 op, 1016043875.00 ns, 203.2088 ms/op
WorkloadResult  40: 5 op, 1009589875.00 ns, 201.9180 ms/op
WorkloadResult  41: 5 op, 1009701583.00 ns, 201.9403 ms/op
WorkloadResult  42: 5 op, 1009808959.00 ns, 201.9618 ms/op
WorkloadResult  43: 5 op, 1013860792.00 ns, 202.7722 ms/op
WorkloadResult  44: 5 op, 1014171292.00 ns, 202.8343 ms/op
WorkloadResult  45: 5 op, 1013758417.00 ns, 202.7517 ms/op
WorkloadResult  46: 5 op, 1010335333.00 ns, 202.0671 ms/op
WorkloadResult  47: 5 op, 1009743958.00 ns, 201.9488 ms/op
WorkloadResult  48: 5 op, 1017209959.00 ns, 203.4420 ms/op
WorkloadResult  49: 5 op, 1017535583.00 ns, 203.5071 ms/op
WorkloadResult  50: 5 op, 1014083750.00 ns, 202.8168 ms/op
WorkloadResult  51: 5 op, 1009989584.00 ns, 201.9979 ms/op
WorkloadResult  52: 5 op, 1009368291.00 ns, 201.8737 ms/op
WorkloadResult  53: 5 op, 1009640084.00 ns, 201.9280 ms/op
WorkloadResult  54: 5 op, 1018028625.00 ns, 203.6057 ms/op
WorkloadResult  55: 5 op, 1014636333.00 ns, 202.9273 ms/op
WorkloadResult  56: 5 op, 1014785042.00 ns, 202.9570 ms/op
WorkloadResult  57: 5 op, 1009201833.00 ns, 201.8404 ms/op
WorkloadResult  58: 5 op, 1008904917.00 ns, 201.7810 ms/op
WorkloadResult  59: 5 op, 1013327875.00 ns, 202.6656 ms/op
WorkloadResult  60: 5 op, 1015062375.00 ns, 203.0125 ms/op
WorkloadResult  61: 5 op, 1012313083.00 ns, 202.4626 ms/op
WorkloadResult  62: 5 op, 1009196042.00 ns, 201.8392 ms/op
WorkloadResult  63: 5 op, 1008714292.00 ns, 201.7429 ms/op
WorkloadResult  64: 5 op, 1011042875.00 ns, 202.2086 ms/op
WorkloadResult  65: 5 op, 1013192958.00 ns, 202.6386 ms/op
WorkloadResult  66: 5 op, 1015629875.00 ns, 203.1260 ms/op
WorkloadResult  67: 5 op, 1012637250.00 ns, 202.5274 ms/op
WorkloadResult  68: 5 op, 1011272333.00 ns, 202.2545 ms/op
WorkloadResult  69: 5 op, 1009115958.00 ns, 201.8232 ms/op
WorkloadResult  70: 5 op, 1014961334.00 ns, 202.9923 ms/op
WorkloadResult  71: 5 op, 1012881083.00 ns, 202.5762 ms/op
WorkloadResult  72: 5 op, 1013797709.00 ns, 202.7595 ms/op
WorkloadResult  73: 5 op, 1009974709.00 ns, 201.9949 ms/op
WorkloadResult  74: 5 op, 1008788834.00 ns, 201.7578 ms/op
WorkloadResult  75: 5 op, 1008327375.00 ns, 201.6655 ms/op
WorkloadResult  76: 5 op, 1015293625.00 ns, 203.0587 ms/op
WorkloadResult  77: 5 op, 1012986292.00 ns, 202.5973 ms/op
WorkloadResult  78: 5 op, 1016606042.00 ns, 203.3212 ms/op
WorkloadResult  79: 5 op, 1009451334.00 ns, 201.8903 ms/op
WorkloadResult  80: 5 op, 1009189750.00 ns, 201.8380 ms/op
WorkloadResult  81: 5 op, 1012891458.00 ns, 202.5783 ms/op
WorkloadResult  82: 5 op, 1014254917.00 ns, 202.8510 ms/op
WorkloadResult  83: 5 op, 1015006625.00 ns, 203.0013 ms/op
WorkloadResult  84: 5 op, 1011966375.00 ns, 202.3933 ms/op
WorkloadResult  85: 5 op, 1009117375.00 ns, 201.8235 ms/op
WorkloadResult  86: 5 op, 1009589708.00 ns, 201.9179 ms/op
WorkloadResult  87: 5 op, 1011430625.00 ns, 202.2861 ms/op
WorkloadResult  88: 5 op, 1015798041.00 ns, 203.1596 ms/op
WorkloadResult  89: 5 op, 1015315458.00 ns, 203.0631 ms/op
WorkloadResult  90: 5 op, 1010208625.00 ns, 202.0417 ms/op
WorkloadResult  91: 5 op, 1007316000.00 ns, 201.4632 ms/op
WorkloadResult  92: 5 op, 1010605250.00 ns, 202.1210 ms/op
WorkloadResult  93: 5 op, 1015216166.00 ns, 203.0432 ms/op
WorkloadResult  94: 5 op, 1014666250.00 ns, 202.9333 ms/op
WorkloadResult  95: 5 op, 1011872584.00 ns, 202.3745 ms/op
WorkloadResult  96: 5 op, 1008375125.00 ns, 201.6750 ms/op
WorkloadResult  97: 5 op, 1008363542.00 ns, 201.6727 ms/op
WorkloadResult  98: 5 op, 1014154750.00 ns, 202.8310 ms/op
WorkloadResult  99: 5 op, 1016342167.00 ns, 203.2684 ms/op
// GC:  5 3 1 49694504 5
// Threading:  0 0 5

// AfterAll
// Benchmark Process 9119 has exited with code 0.

Mean = 199.605 ms, StdErr = 1.431 ms (0.72%), N = 99, StdDev = 14.238 ms
Min = 123.608 ms, Q1 = 201.918 ms, Median = 202.393 ms, Q3 = 202.835 ms, Max = 203.998 ms
IQR = 0.917 ms, LowerFence = 200.542 ms, UpperFence = 204.211 ms
ConfidenceInterval = [194.750 ms; 204.460 ms] (CI 99.9%), Margin = 4.855 ms (2.43% of Mean)
Skewness = -4.82, Kurtosis = 25.02, MValue = 2

// ** Remained 24 (66,7 %) benchmark(s) to run. Estimated finish 2026-03-26 11:59 (0h 18m from now) **
// **************************
// Benchmark: PhysicsBakeBenchmark.SteadyState: DefaultJob [ObstacleCount=30, AgentCount=3, RegionCount=0]
// *** Execute ***
// Launch: 1 / 1
// Execute: dotnet 4601f3fe-6af5-4365-a3e6-5c0da9f493f5.dll --anonymousPipes 120 121 --benchmarkName "Deterministic.GameFramework.Navigation.Benchmarks.PhysicsBakeBenchmark.SteadyState(ObstacleCount: 30, AgentCount: 3, RegionCount: 0)" --job Default --benchmarkId 12 in /Users/a1/Documents/GitHub/PizzaJam2026/Server/Framework/Benchmarks/Deterministic.GameFramework.Navigation.Benchmarks/bin/Release/net8.0/4601f3fe-6af5-4365-a3e6-5c0da9f493f5/bin/Release/net8.0
// Failed to set up high priority (Permission denied). In order to run benchmarks with high priority, make sure you have the right permissions.
// BeforeAnythingElse

// Benchmark Process Environment Information:
// BenchmarkDotNet v0.13.12
// Runtime=.NET 8.0.19 (8.0.1925.36514), Arm64 RyuJIT AdvSIMD
// GC=Concurrent Workstation
// HardwareIntrinsics=AdvSIMD,AES,CRC32,DP,RDM,SHA1,SHA256 VectorSize=128
// Job: DefaultJob

[ComponentId] Registered World -> Local(0) Stable(Stable(00000000-0000-0000-0000-000072b3622d))
[ComponentId] Registered Transform2D -> Local(1) Stable(Stable(aafea77a-2300-4eef-9ffc-071170bb9a26))
[ComponentId] Registered NavigationRegion2D -> Local(2) Stable(Stable(b7e2a1c3-4d56-4f89-a012-3e4f5a6b7c8d))
[ComponentId] Registered NavigationAgent2D -> Local(3) Stable(Stable(c8f3b2d4-5e67-4a90-b123-4f5a6b7c8d9e))
[ComponentId] Registered NavigationObstacle2D -> Local(4) Stable(Stable(d9a4c3e5-6f78-4b01-c234-5a6b7c8d9e0f))
[ComponentId] Registered NavigationWorld2D -> Local(5) Stable(Stable(ea5b4d6c-7f89-4012-d345-6a7b8c9d0e1f))
[ComponentId] Registered CharacterBody2D -> Local(6) Stable(Stable(1f3b7788-2947-4d66-9d33-1275d2757278))
[ComponentId] Registered Area2D -> Local(7) Stable(Stable(42ac8ac3-53d6-40ca-9f7e-5daee2548ba6))
[ComponentId] Registered StaticBody2D -> Local(8) Stable(Stable(56221147-3807-449e-8c88-e92544a47833))
[ComponentId] Registered RigidBody2D -> Local(9) Stable(Stable(8014592a-3375-4c07-ae29-598114227003))
[ComponentId] Registered CollisionShape2D -> Local(10) Stable(Stable(c9075775-7634-45e0-a006-037000784226))
[ComponentId] Registered PhysicsWorldState -> Local(11) Stable(Stable(fb4fe7e4-2244-48ea-9ec5-0a972a3861d4))
OverheadJitting  1: 1 op, 108625.00 ns, 108.6250 us/op
WorkloadJitting  1: 1 op, 360708.00 ns, 360.7080 us/op

OverheadJitting  2: 16 op, 109375.00 ns, 6.8359 us/op
WorkloadJitting  2: 16 op, 3086167.00 ns, 192.8854 us/op

WorkloadPilot    1: 16 op, 2988417.00 ns, 186.7761 us/op
WorkloadPilot    2: 32 op, 5779542.00 ns, 180.6107 us/op
WorkloadPilot    3: 64 op, 11545541.00 ns, 180.3991 us/op
WorkloadPilot    4: 128 op, 22792500.00 ns, 178.0664 us/op
WorkloadPilot    5: 256 op, 45274208.00 ns, 176.8524 us/op
WorkloadPilot    6: 512 op, 89468792.00 ns, 174.7437 us/op
WorkloadPilot    7: 1024 op, 38721875.00 ns, 37.8143 us/op
WorkloadPilot    8: 2048 op, 69533208.00 ns, 33.9518 us/op
WorkloadPilot    9: 4096 op, 129329500.00 ns, 31.5746 us/op
WorkloadPilot   10: 8192 op, 183328291.00 ns, 22.3789 us/op
WorkloadPilot   11: 16384 op, 365697875.00 ns, 22.3204 us/op
WorkloadPilot   12: 32768 op, 732001750.00 ns, 22.3389 us/op

OverheadWarmup   1: 32768 op, 65208.00 ns, 1.9900 ns/op
OverheadWarmup   2: 32768 op, 69750.00 ns, 2.1286 ns/op
OverheadWarmup   3: 32768 op, 67333.00 ns, 2.0548 ns/op
OverheadWarmup   4: 32768 op, 63292.00 ns, 1.9315 ns/op
OverheadWarmup   5: 32768 op, 69000.00 ns, 2.1057 ns/op
OverheadWarmup   6: 32768 op, 64416.00 ns, 1.9658 ns/op

OverheadActual   1: 32768 op, 63291.00 ns, 1.9315 ns/op
OverheadActual   2: 32768 op, 64250.00 ns, 1.9608 ns/op
OverheadActual   3: 32768 op, 64333.00 ns, 1.9633 ns/op
OverheadActual   4: 32768 op, 70209.00 ns, 2.1426 ns/op
OverheadActual   5: 32768 op, 64375.00 ns, 1.9646 ns/op
OverheadActual   6: 32768 op, 63792.00 ns, 1.9468 ns/op
OverheadActual   7: 32768 op, 64167.00 ns, 1.9582 ns/op
OverheadActual   8: 32768 op, 63958.00 ns, 1.9518 ns/op
OverheadActual   9: 32768 op, 63917.00 ns, 1.9506 ns/op
OverheadActual  10: 32768 op, 68042.00 ns, 2.0765 ns/op
OverheadActual  11: 32768 op, 64333.00 ns, 1.9633 ns/op
OverheadActual  12: 32768 op, 64000.00 ns, 1.9531 ns/op
OverheadActual  13: 32768 op, 66875.00 ns, 2.0409 ns/op
OverheadActual  14: 32768 op, 63791.00 ns, 1.9467 ns/op
OverheadActual  15: 32768 op, 63458.00 ns, 1.9366 ns/op

WorkloadWarmup   1: 32768 op, 731360292.00 ns, 22.3193 us/op
WorkloadWarmup   2: 32768 op, 735054000.00 ns, 22.4321 us/op
WorkloadWarmup   3: 32768 op, 734859375.00 ns, 22.4261 us/op
WorkloadWarmup   4: 32768 op, 735688959.00 ns, 22.4514 us/op
WorkloadWarmup   5: 32768 op, 734510708.00 ns, 22.4155 us/op
WorkloadWarmup   6: 32768 op, 731559834.00 ns, 22.3254 us/op

// BeforeActualRun
WorkloadActual   1: 32768 op, 728790709.00 ns, 22.2409 us/op
WorkloadActual   2: 32768 op, 732222709.00 ns, 22.3457 us/op
WorkloadActual   3: 32768 op, 730907708.00 ns, 22.3055 us/op
WorkloadActual   4: 32768 op, 733667792.00 ns, 22.3898 us/op
WorkloadActual   5: 32768 op, 732827958.00 ns, 22.3641 us/op
WorkloadActual   6: 32768 op, 732198125.00 ns, 22.3449 us/op
WorkloadActual   7: 32768 op, 742253083.00 ns, 22.6518 us/op
WorkloadActual   8: 32768 op, 729982458.00 ns, 22.2773 us/op
WorkloadActual   9: 32768 op, 730903625.00 ns, 22.3054 us/op
WorkloadActual  10: 32768 op, 730164083.00 ns, 22.2828 us/op
WorkloadActual  11: 32768 op, 731273417.00 ns, 22.3167 us/op
WorkloadActual  12: 32768 op, 734137666.00 ns, 22.4041 us/op
WorkloadActual  13: 32768 op, 734470291.00 ns, 22.4143 us/op
WorkloadActual  14: 32768 op, 732938792.00 ns, 22.3675 us/op
WorkloadActual  15: 32768 op, 734792125.00 ns, 22.4241 us/op

// AfterActualRun
WorkloadResult   1: 32768 op, 728726542.00 ns, 22.2390 us/op
WorkloadResult   2: 32768 op, 732158542.00 ns, 22.3437 us/op
WorkloadResult   3: 32768 op, 730843541.00 ns, 22.3036 us/op
WorkloadResult   4: 32768 op, 733603625.00 ns, 22.3878 us/op
WorkloadResult   5: 32768 op, 732763791.00 ns, 22.3622 us/op
WorkloadResult   6: 32768 op, 732133958.00 ns, 22.3430 us/op
WorkloadResult   7: 32768 op, 729918291.00 ns, 22.2753 us/op
WorkloadResult   8: 32768 op, 730839458.00 ns, 22.3035 us/op
WorkloadResult   9: 32768 op, 730099916.00 ns, 22.2809 us/op
WorkloadResult  10: 32768 op, 731209250.00 ns, 22.3147 us/op
WorkloadResult  11: 32768 op, 734073499.00 ns, 22.4021 us/op
WorkloadResult  12: 32768 op, 734406124.00 ns, 22.4123 us/op
WorkloadResult  13: 32768 op, 732874625.00 ns, 22.3656 us/op
WorkloadResult  14: 32768 op, 734727958.00 ns, 22.4221 us/op
// GC:  1 0 0 12059360 32768
// Threading:  0 0 32768

// AfterAll
// Benchmark Process 9122 has exited with code 0.

Mean = 22.340 μs, StdErr = 0.015 μs (0.07%), N = 14, StdDev = 0.056 μs
Min = 22.239 μs, Q1 = 22.303 μs, Median = 22.343 μs, Q3 = 22.382 μs, Max = 22.422 μs
IQR = 0.079 μs, LowerFence = 22.185 μs, UpperFence = 22.500 μs
ConfidenceInterval = [22.277 μs; 22.403 μs] (CI 99.9%), Margin = 0.063 μs (0.28% of Mean)
Skewness = -0.11, Kurtosis = 1.7, MValue = 2

// ** Remained 23 (63,9 %) benchmark(s) to run. Estimated finish 2026-03-26 11:58 (0h 16m from now) **
// **************************
// Benchmark: PhysicsBakeBenchmark.PhysicsRebake: DefaultJob [ObstacleCount=30, AgentCount=3, RegionCount=0]
// *** Execute ***
// Launch: 1 / 1
// Execute: dotnet 4601f3fe-6af5-4365-a3e6-5c0da9f493f5.dll --anonymousPipes 120 121 --benchmarkName "Deterministic.GameFramework.Navigation.Benchmarks.PhysicsBakeBenchmark.PhysicsRebake(ObstacleCount: 30, AgentCount: 3, RegionCount: 0)" --job Default --benchmarkId 13 in /Users/a1/Documents/GitHub/PizzaJam2026/Server/Framework/Benchmarks/Deterministic.GameFramework.Navigation.Benchmarks/bin/Release/net8.0/4601f3fe-6af5-4365-a3e6-5c0da9f493f5/bin/Release/net8.0
// Failed to set up high priority (Permission denied). In order to run benchmarks with high priority, make sure you have the right permissions.
// BeforeAnythingElse

// Benchmark Process Environment Information:
// BenchmarkDotNet v0.13.12
// Runtime=.NET 8.0.19 (8.0.1925.36514), Arm64 RyuJIT AdvSIMD
// GC=Concurrent Workstation
// HardwareIntrinsics=AdvSIMD,AES,CRC32,DP,RDM,SHA1,SHA256 VectorSize=128
// Job: DefaultJob

[ComponentId] Registered World -> Local(0) Stable(Stable(00000000-0000-0000-0000-000072b3622d))
[ComponentId] Registered Transform2D -> Local(1) Stable(Stable(aafea77a-2300-4eef-9ffc-071170bb9a26))
[ComponentId] Registered NavigationRegion2D -> Local(2) Stable(Stable(b7e2a1c3-4d56-4f89-a012-3e4f5a6b7c8d))
[ComponentId] Registered NavigationAgent2D -> Local(3) Stable(Stable(c8f3b2d4-5e67-4a90-b123-4f5a6b7c8d9e))
[ComponentId] Registered NavigationObstacle2D -> Local(4) Stable(Stable(d9a4c3e5-6f78-4b01-c234-5a6b7c8d9e0f))
[ComponentId] Registered NavigationWorld2D -> Local(5) Stable(Stable(ea5b4d6c-7f89-4012-d345-6a7b8c9d0e1f))
[ComponentId] Registered CharacterBody2D -> Local(6) Stable(Stable(1f3b7788-2947-4d66-9d33-1275d2757278))
[ComponentId] Registered Area2D -> Local(7) Stable(Stable(42ac8ac3-53d6-40ca-9f7e-5daee2548ba6))
[ComponentId] Registered StaticBody2D -> Local(8) Stable(Stable(56221147-3807-449e-8c88-e92544a47833))
[ComponentId] Registered RigidBody2D -> Local(9) Stable(Stable(8014592a-3375-4c07-ae29-598114227003))
[ComponentId] Registered CollisionShape2D -> Local(10) Stable(Stable(c9075775-7634-45e0-a006-037000784226))
[ComponentId] Registered PhysicsWorldState -> Local(11) Stable(Stable(fb4fe7e4-2244-48ea-9ec5-0a972a3861d4))
OverheadJitting  1: 1 op, 147542.00 ns, 147.5420 us/op
WorkloadJitting  1: 1 op, 29759042.00 ns, 29.7590 ms/op

OverheadJitting  2: 16 op, 128000.00 ns, 8.0000 us/op
WorkloadJitting  2: 16 op, 338179958.00 ns, 21.1362 ms/op

WorkloadPilot    1: 16 op, 84169709.00 ns, 5.2606 ms/op
WorkloadPilot    2: 32 op, 166548000.00 ns, 5.2046 ms/op
WorkloadPilot    3: 64 op, 337823459.00 ns, 5.2785 ms/op
WorkloadPilot    4: 128 op, 636100125.00 ns, 4.9695 ms/op

OverheadWarmup   1: 128 op, 2750.00 ns, 21.4844 ns/op
OverheadWarmup   2: 128 op, 667.00 ns, 5.2109 ns/op
OverheadWarmup   3: 128 op, 542.00 ns, 4.2344 ns/op
OverheadWarmup   4: 128 op, 416.00 ns, 3.2500 ns/op
OverheadWarmup   5: 128 op, 333.00 ns, 2.6016 ns/op
OverheadWarmup   6: 128 op, 292.00 ns, 2.2812 ns/op
OverheadWarmup   7: 128 op, 1166.00 ns, 9.1094 ns/op
OverheadWarmup   8: 128 op, 333.00 ns, 2.6016 ns/op
OverheadWarmup   9: 128 op, 875.00 ns, 6.8359 ns/op
OverheadWarmup  10: 128 op, 333.00 ns, 2.6016 ns/op

OverheadActual   1: 128 op, 708.00 ns, 5.5312 ns/op
OverheadActual   2: 128 op, 416.00 ns, 3.2500 ns/op
OverheadActual   3: 128 op, 750.00 ns, 5.8594 ns/op
OverheadActual   4: 128 op, 625.00 ns, 4.8828 ns/op
OverheadActual   5: 128 op, 875.00 ns, 6.8359 ns/op
OverheadActual   6: 128 op, 500.00 ns, 3.9062 ns/op
OverheadActual   7: 128 op, 292.00 ns, 2.2812 ns/op
OverheadActual   8: 128 op, 459.00 ns, 3.5859 ns/op
OverheadActual   9: 128 op, 375.00 ns, 2.9297 ns/op
OverheadActual  10: 128 op, 292.00 ns, 2.2812 ns/op
OverheadActual  11: 128 op, 333.00 ns, 2.6016 ns/op
OverheadActual  12: 128 op, 333.00 ns, 2.6016 ns/op
OverheadActual  13: 128 op, 334.00 ns, 2.6094 ns/op
OverheadActual  14: 128 op, 292.00 ns, 2.2812 ns/op
OverheadActual  15: 128 op, 2417.00 ns, 18.8828 ns/op
OverheadActual  16: 128 op, 583.00 ns, 4.5547 ns/op
OverheadActual  17: 128 op, 292.00 ns, 2.2812 ns/op
OverheadActual  18: 128 op, 1000.00 ns, 7.8125 ns/op
OverheadActual  19: 128 op, 292.00 ns, 2.2812 ns/op
OverheadActual  20: 128 op, 333.00 ns, 2.6016 ns/op

WorkloadWarmup   1: 128 op, 643726458.00 ns, 5.0291 ms/op
WorkloadWarmup   2: 128 op, 648492459.00 ns, 5.0663 ms/op
WorkloadWarmup   3: 128 op, 645553292.00 ns, 5.0434 ms/op
WorkloadWarmup   4: 128 op, 646738625.00 ns, 5.0526 ms/op
WorkloadWarmup   5: 128 op, 645955792.00 ns, 5.0465 ms/op
WorkloadWarmup   6: 128 op, 647626334.00 ns, 5.0596 ms/op

// BeforeActualRun
WorkloadActual   1: 128 op, 635401333.00 ns, 4.9641 ms/op
WorkloadActual   2: 128 op, 645815084.00 ns, 5.0454 ms/op
WorkloadActual   3: 128 op, 644911333.00 ns, 5.0384 ms/op
WorkloadActual   4: 128 op, 651397542.00 ns, 5.0890 ms/op
WorkloadActual   5: 128 op, 649565500.00 ns, 5.0747 ms/op
WorkloadActual   6: 128 op, 653242584.00 ns, 5.1035 ms/op
WorkloadActual   7: 128 op, 650270334.00 ns, 5.0802 ms/op
WorkloadActual   8: 128 op, 648635791.00 ns, 5.0675 ms/op
WorkloadActual   9: 128 op, 651095209.00 ns, 5.0867 ms/op
WorkloadActual  10: 128 op, 647600250.00 ns, 5.0594 ms/op
WorkloadActual  11: 128 op, 650241416.00 ns, 5.0800 ms/op
WorkloadActual  12: 128 op, 647816333.00 ns, 5.0611 ms/op
WorkloadActual  13: 128 op, 650929500.00 ns, 5.0854 ms/op
WorkloadActual  14: 128 op, 648831500.00 ns, 5.0690 ms/op
WorkloadActual  15: 128 op, 648972500.00 ns, 5.0701 ms/op

// AfterActualRun
WorkloadResult   1: 128 op, 635400937.50 ns, 4.9641 ms/op
WorkloadResult   2: 128 op, 645814688.50 ns, 5.0454 ms/op
WorkloadResult   3: 128 op, 644910937.50 ns, 5.0384 ms/op
WorkloadResult   4: 128 op, 651397146.50 ns, 5.0890 ms/op
WorkloadResult   5: 128 op, 649565104.50 ns, 5.0747 ms/op
WorkloadResult   6: 128 op, 653242188.50 ns, 5.1035 ms/op
WorkloadResult   7: 128 op, 650269938.50 ns, 5.0802 ms/op
WorkloadResult   8: 128 op, 648635395.50 ns, 5.0675 ms/op
WorkloadResult   9: 128 op, 651094813.50 ns, 5.0867 ms/op
WorkloadResult  10: 128 op, 647599854.50 ns, 5.0594 ms/op
WorkloadResult  11: 128 op, 650241020.50 ns, 5.0800 ms/op
WorkloadResult  12: 128 op, 647815937.50 ns, 5.0611 ms/op
WorkloadResult  13: 128 op, 650929104.50 ns, 5.0854 ms/op
WorkloadResult  14: 128 op, 648831104.50 ns, 5.0690 ms/op
WorkloadResult  15: 128 op, 648972104.50 ns, 5.0701 ms/op
// GC:  100 48 0 842375904 128
// Threading:  0 0 128

// AfterAll
// Benchmark Process 9123 has exited with code 0.

Mean = 5.065 ms, StdErr = 0.008 ms (0.17%), N = 15, StdDev = 0.033 ms
Min = 4.964 ms, Q1 = 5.060 ms, Median = 5.070 ms, Q3 = 5.083 ms, Max = 5.103 ms
IQR = 0.023 ms, LowerFence = 5.026 ms, UpperFence = 5.117 ms
ConfidenceInterval = [5.030 ms; 5.100 ms] (CI 99.9%), Margin = 0.035 ms (0.69% of Mean)
Skewness = -1.84, Kurtosis = 6.34, MValue = 2

// ** Remained 22 (61,1 %) benchmark(s) to run. Estimated finish 2026-03-26 11:56 (0h 15m from now) **
// **************************
// Benchmark: PhysicsBakeBenchmark.PhysicsRebake_WithRegions: DefaultJob [ObstacleCount=30, AgentCount=3, RegionCount=0]
// *** Execute ***
// Launch: 1 / 1
// Execute: dotnet 4601f3fe-6af5-4365-a3e6-5c0da9f493f5.dll --anonymousPipes 120 121 --benchmarkName "Deterministic.GameFramework.Navigation.Benchmarks.PhysicsBakeBenchmark.PhysicsRebake_WithRegions(ObstacleCount: 30, AgentCount: 3, RegionCount: 0)" --job Default --benchmarkId 14 in /Users/a1/Documents/GitHub/PizzaJam2026/Server/Framework/Benchmarks/Deterministic.GameFramework.Navigation.Benchmarks/bin/Release/net8.0/4601f3fe-6af5-4365-a3e6-5c0da9f493f5/bin/Release/net8.0
// Failed to set up high priority (Permission denied). In order to run benchmarks with high priority, make sure you have the right permissions.
// BeforeAnythingElse

// Benchmark Process Environment Information:
// BenchmarkDotNet v0.13.12
// Runtime=.NET 8.0.19 (8.0.1925.36514), Arm64 RyuJIT AdvSIMD
// GC=Concurrent Workstation
// HardwareIntrinsics=AdvSIMD,AES,CRC32,DP,RDM,SHA1,SHA256 VectorSize=128
// Job: DefaultJob

[ComponentId] Registered World -> Local(0) Stable(Stable(00000000-0000-0000-0000-000072b3622d))
[ComponentId] Registered Transform2D -> Local(1) Stable(Stable(aafea77a-2300-4eef-9ffc-071170bb9a26))
[ComponentId] Registered NavigationRegion2D -> Local(2) Stable(Stable(b7e2a1c3-4d56-4f89-a012-3e4f5a6b7c8d))
[ComponentId] Registered NavigationAgent2D -> Local(3) Stable(Stable(c8f3b2d4-5e67-4a90-b123-4f5a6b7c8d9e))
[ComponentId] Registered NavigationObstacle2D -> Local(4) Stable(Stable(d9a4c3e5-6f78-4b01-c234-5a6b7c8d9e0f))
[ComponentId] Registered NavigationWorld2D -> Local(5) Stable(Stable(ea5b4d6c-7f89-4012-d345-6a7b8c9d0e1f))
[ComponentId] Registered CharacterBody2D -> Local(6) Stable(Stable(1f3b7788-2947-4d66-9d33-1275d2757278))
[ComponentId] Registered Area2D -> Local(7) Stable(Stable(42ac8ac3-53d6-40ca-9f7e-5daee2548ba6))
[ComponentId] Registered StaticBody2D -> Local(8) Stable(Stable(56221147-3807-449e-8c88-e92544a47833))
[ComponentId] Registered RigidBody2D -> Local(9) Stable(Stable(8014592a-3375-4c07-ae29-598114227003))
[ComponentId] Registered CollisionShape2D -> Local(10) Stable(Stable(c9075775-7634-45e0-a006-037000784226))
[ComponentId] Registered PhysicsWorldState -> Local(11) Stable(Stable(fb4fe7e4-2244-48ea-9ec5-0a972a3861d4))
OverheadJitting  1: 1 op, 100458.00 ns, 100.4580 us/op
WorkloadJitting  1: 1 op, 382334.00 ns, 382.3340 us/op

OverheadJitting  2: 16 op, 127209.00 ns, 7.9506 us/op
WorkloadJitting  2: 16 op, 120625.00 ns, 7.5391 us/op

WorkloadPilot    1: 16 op, 250.00 ns, 15.6250 ns/op
WorkloadPilot    2: 32 op, 1375.00 ns, 42.9688 ns/op
WorkloadPilot    3: 64 op, 875.00 ns, 13.6719 ns/op
WorkloadPilot    4: 128 op, 1084.00 ns, 8.4688 ns/op
WorkloadPilot    5: 256 op, 2209.00 ns, 8.6289 ns/op
WorkloadPilot    6: 512 op, 3833.00 ns, 7.4863 ns/op
WorkloadPilot    7: 1024 op, 7875.00 ns, 7.6904 ns/op
WorkloadPilot    8: 2048 op, 15875.00 ns, 7.7515 ns/op
WorkloadPilot    9: 4096 op, 34167.00 ns, 8.3416 ns/op
WorkloadPilot   10: 8192 op, 67291.00 ns, 8.2142 ns/op
WorkloadPilot   11: 16384 op, 100583.00 ns, 6.1391 ns/op
WorkloadPilot   12: 32768 op, 158584.00 ns, 4.8396 ns/op
WorkloadPilot   13: 65536 op, 280375.00 ns, 4.2782 ns/op
WorkloadPilot   14: 131072 op, 531916.00 ns, 4.0582 ns/op
WorkloadPilot   15: 262144 op, 984333.00 ns, 3.7549 ns/op
WorkloadPilot   16: 524288 op, 1958625.00 ns, 3.7358 ns/op
WorkloadPilot   17: 1048576 op, 3852542.00 ns, 3.6741 ns/op
WorkloadPilot   18: 2097152 op, 7696750.00 ns, 3.6701 ns/op
WorkloadPilot   19: 4194304 op, 12583000.00 ns, 3.0000 ns/op
WorkloadPilot   20: 8388608 op, 14074542.00 ns, 1.6778 ns/op
WorkloadPilot   21: 16777216 op, 27683583.00 ns, 1.6501 ns/op
WorkloadPilot   22: 33554432 op, 55789375.00 ns, 1.6627 ns/op
WorkloadPilot   23: 67108864 op, 111604667.00 ns, 1.6630 ns/op
WorkloadPilot   24: 134217728 op, 223042459.00 ns, 1.6618 ns/op
WorkloadPilot   25: 268435456 op, 445260167.00 ns, 1.6587 ns/op
WorkloadPilot   26: 536870912 op, 891637250.00 ns, 1.6608 ns/op

OverheadWarmup   1: 536870912 op, 670104625.00 ns, 1.2482 ns/op
OverheadWarmup   2: 536870912 op, 572099750.00 ns, 1.0656 ns/op
OverheadWarmup   3: 536870912 op, 574283041.00 ns, 1.0697 ns/op
OverheadWarmup   4: 536870912 op, 572422459.00 ns, 1.0662 ns/op
OverheadWarmup   5: 536870912 op, 574148084.00 ns, 1.0694 ns/op
OverheadWarmup   6: 536870912 op, 572366667.00 ns, 1.0661 ns/op

OverheadActual   1: 536870912 op, 569708000.00 ns, 1.0612 ns/op
OverheadActual   2: 536870912 op, 569996042.00 ns, 1.0617 ns/op
OverheadActual   3: 536870912 op, 568888417.00 ns, 1.0596 ns/op
OverheadActual   4: 536870912 op, 569708750.00 ns, 1.0612 ns/op
OverheadActual   5: 536870912 op, 570359458.00 ns, 1.0624 ns/op
OverheadActual   6: 536870912 op, 572179375.00 ns, 1.0658 ns/op
OverheadActual   7: 536870912 op, 571615375.00 ns, 1.0647 ns/op
OverheadActual   8: 536870912 op, 572543916.00 ns, 1.0664 ns/op
OverheadActual   9: 536870912 op, 571566125.00 ns, 1.0646 ns/op
OverheadActual  10: 536870912 op, 572351709.00 ns, 1.0661 ns/op
OverheadActual  11: 536870912 op, 569490292.00 ns, 1.0608 ns/op
OverheadActual  12: 536870912 op, 569830750.00 ns, 1.0614 ns/op
OverheadActual  13: 536870912 op, 570256708.00 ns, 1.0622 ns/op
OverheadActual  14: 536870912 op, 571466459.00 ns, 1.0644 ns/op
OverheadActual  15: 536870912 op, 570599125.00 ns, 1.0628 ns/op

WorkloadWarmup   1: 536870912 op, 896802375.00 ns, 1.6704 ns/op
WorkloadWarmup   2: 536870912 op, 897982042.00 ns, 1.6726 ns/op
WorkloadWarmup   3: 536870912 op, 899671417.00 ns, 1.6758 ns/op
WorkloadWarmup   4: 536870912 op, 891671125.00 ns, 1.6609 ns/op
WorkloadWarmup   5: 536870912 op, 890249542.00 ns, 1.6582 ns/op
WorkloadWarmup   6: 536870912 op, 891571792.00 ns, 1.6607 ns/op
WorkloadWarmup   7: 536870912 op, 893404667.00 ns, 1.6641 ns/op
WorkloadWarmup   8: 536870912 op, 896263875.00 ns, 1.6694 ns/op
WorkloadWarmup   9: 536870912 op, 895095209.00 ns, 1.6672 ns/op

// BeforeActualRun
WorkloadActual   1: 536870912 op, 894778625.00 ns, 1.6667 ns/op
WorkloadActual   2: 536870912 op, 894641916.00 ns, 1.6664 ns/op
WorkloadActual   3: 536870912 op, 894734875.00 ns, 1.6666 ns/op
WorkloadActual   4: 536870912 op, 893849375.00 ns, 1.6649 ns/op
WorkloadActual   5: 536870912 op, 894272084.00 ns, 1.6657 ns/op
WorkloadActual   6: 536870912 op, 895093250.00 ns, 1.6672 ns/op
WorkloadActual   7: 536870912 op, 896270417.00 ns, 1.6694 ns/op
WorkloadActual   8: 536870912 op, 892122041.00 ns, 1.6617 ns/op
WorkloadActual   9: 536870912 op, 891663000.00 ns, 1.6609 ns/op
WorkloadActual  10: 536870912 op, 891430292.00 ns, 1.6604 ns/op
WorkloadActual  11: 536870912 op, 895246917.00 ns, 1.6675 ns/op
WorkloadActual  12: 536870912 op, 895912625.00 ns, 1.6688 ns/op
WorkloadActual  13: 536870912 op, 895203208.00 ns, 1.6674 ns/op
WorkloadActual  14: 536870912 op, 896670292.00 ns, 1.6702 ns/op
WorkloadActual  15: 536870912 op, 890830042.00 ns, 1.6593 ns/op

// AfterActualRun
WorkloadResult   1: 536870912 op, 324419167.00 ns, 0.6043 ns/op
WorkloadResult   2: 536870912 op, 324282458.00 ns, 0.6040 ns/op
WorkloadResult   3: 536870912 op, 324375417.00 ns, 0.6042 ns/op
WorkloadResult   4: 536870912 op, 323489917.00 ns, 0.6025 ns/op
WorkloadResult   5: 536870912 op, 323912626.00 ns, 0.6033 ns/op
WorkloadResult   6: 536870912 op, 324733792.00 ns, 0.6049 ns/op
WorkloadResult   7: 536870912 op, 325910959.00 ns, 0.6071 ns/op
WorkloadResult   8: 536870912 op, 321762583.00 ns, 0.5993 ns/op
WorkloadResult   9: 536870912 op, 321303542.00 ns, 0.5985 ns/op
WorkloadResult  10: 536870912 op, 321070834.00 ns, 0.5980 ns/op
WorkloadResult  11: 536870912 op, 324887459.00 ns, 0.6052 ns/op
WorkloadResult  12: 536870912 op, 325553167.00 ns, 0.6064 ns/op
WorkloadResult  13: 536870912 op, 324843750.00 ns, 0.6051 ns/op
WorkloadResult  14: 536870912 op, 326310834.00 ns, 0.6078 ns/op
WorkloadResult  15: 536870912 op, 320470584.00 ns, 0.5969 ns/op
// GC:  0 0 0 736 536870912
// Threading:  0 0 536870912

// AfterAll
// Benchmark Process 9124 has exited with code 0.

Mean = 0.603 ns, StdErr = 0.001 ns (0.15%), N = 15, StdDev = 0.003 ns
Min = 0.597 ns, Q1 = 0.601 ns, Median = 0.604 ns, Q3 = 0.605 ns, Max = 0.608 ns
IQR = 0.004 ns, LowerFence = 0.595 ns, UpperFence = 0.611 ns
ConfidenceInterval = [0.600 ns; 0.607 ns] (CI 99.9%), Margin = 0.004 ns (0.60% of Mean)
Skewness = -0.54, Kurtosis = 1.85, MValue = 2

// ** Remained 21 (58,3 %) benchmark(s) to run. Estimated finish 2026-03-26 11:56 (0h 14m from now) **
// **************************
// Benchmark: PhysicsBakeBenchmark.SteadyState: DefaultJob [ObstacleCount=30, AgentCount=3, RegionCount=4]
// *** Execute ***
// Launch: 1 / 1
// Execute: dotnet 4601f3fe-6af5-4365-a3e6-5c0da9f493f5.dll --anonymousPipes 120 121 --benchmarkName "Deterministic.GameFramework.Navigation.Benchmarks.PhysicsBakeBenchmark.SteadyState(ObstacleCount: 30, AgentCount: 3, RegionCount: 4)" --job Default --benchmarkId 15 in /Users/a1/Documents/GitHub/PizzaJam2026/Server/Framework/Benchmarks/Deterministic.GameFramework.Navigation.Benchmarks/bin/Release/net8.0/4601f3fe-6af5-4365-a3e6-5c0da9f493f5/bin/Release/net8.0
// Failed to set up high priority (Permission denied). In order to run benchmarks with high priority, make sure you have the right permissions.
// BeforeAnythingElse

// Benchmark Process Environment Information:
// BenchmarkDotNet v0.13.12
// Runtime=.NET 8.0.19 (8.0.1925.36514), Arm64 RyuJIT AdvSIMD
// GC=Concurrent Workstation
// HardwareIntrinsics=AdvSIMD,AES,CRC32,DP,RDM,SHA1,SHA256 VectorSize=128
// Job: DefaultJob

[ComponentId] Registered World -> Local(0) Stable(Stable(00000000-0000-0000-0000-000072b3622d))
[ComponentId] Registered Transform2D -> Local(1) Stable(Stable(aafea77a-2300-4eef-9ffc-071170bb9a26))
[ComponentId] Registered NavigationRegion2D -> Local(2) Stable(Stable(b7e2a1c3-4d56-4f89-a012-3e4f5a6b7c8d))
[ComponentId] Registered NavigationAgent2D -> Local(3) Stable(Stable(c8f3b2d4-5e67-4a90-b123-4f5a6b7c8d9e))
[ComponentId] Registered NavigationObstacle2D -> Local(4) Stable(Stable(d9a4c3e5-6f78-4b01-c234-5a6b7c8d9e0f))
[ComponentId] Registered NavigationWorld2D -> Local(5) Stable(Stable(ea5b4d6c-7f89-4012-d345-6a7b8c9d0e1f))
[ComponentId] Registered CharacterBody2D -> Local(6) Stable(Stable(1f3b7788-2947-4d66-9d33-1275d2757278))
[ComponentId] Registered Area2D -> Local(7) Stable(Stable(42ac8ac3-53d6-40ca-9f7e-5daee2548ba6))
[ComponentId] Registered StaticBody2D -> Local(8) Stable(Stable(56221147-3807-449e-8c88-e92544a47833))
[ComponentId] Registered RigidBody2D -> Local(9) Stable(Stable(8014592a-3375-4c07-ae29-598114227003))
[ComponentId] Registered CollisionShape2D -> Local(10) Stable(Stable(c9075775-7634-45e0-a006-037000784226))
[ComponentId] Registered PhysicsWorldState -> Local(11) Stable(Stable(fb4fe7e4-2244-48ea-9ec5-0a972a3861d4))
OverheadJitting  1: 1 op, 101250.00 ns, 101.2500 us/op
WorkloadJitting  1: 1 op, 373417.00 ns, 373.4170 us/op

OverheadJitting  2: 16 op, 250000.00 ns, 15.6250 us/op
WorkloadJitting  2: 16 op, 3041000.00 ns, 190.0625 us/op

WorkloadPilot    1: 16 op, 3026750.00 ns, 189.1719 us/op
WorkloadPilot    2: 32 op, 5877417.00 ns, 183.6693 us/op
WorkloadPilot    3: 64 op, 11546542.00 ns, 180.4147 us/op
WorkloadPilot    4: 128 op, 22659083.00 ns, 177.0241 us/op
WorkloadPilot    5: 256 op, 45354083.00 ns, 177.1644 us/op
WorkloadPilot    6: 512 op, 50639958.00 ns, 98.9062 us/op
WorkloadPilot    7: 1024 op, 35919125.00 ns, 35.0773 us/op
WorkloadPilot    8: 2048 op, 72421041.00 ns, 35.3618 us/op
WorkloadPilot    9: 4096 op, 138702042.00 ns, 33.8628 us/op
WorkloadPilot   10: 8192 op, 246142958.00 ns, 30.0467 us/op
WorkloadPilot   11: 16384 op, 370882625.00 ns, 22.6369 us/op
WorkloadPilot   12: 32768 op, 741314791.00 ns, 22.6231 us/op

OverheadWarmup   1: 32768 op, 71583.00 ns, 2.1845 ns/op
OverheadWarmup   2: 32768 op, 70750.00 ns, 2.1591 ns/op
OverheadWarmup   3: 32768 op, 73917.00 ns, 2.2558 ns/op
OverheadWarmup   4: 32768 op, 63500.00 ns, 1.9379 ns/op
OverheadWarmup   5: 32768 op, 65666.00 ns, 2.0040 ns/op
OverheadWarmup   6: 32768 op, 70917.00 ns, 2.1642 ns/op
OverheadWarmup   7: 32768 op, 64625.00 ns, 1.9722 ns/op

OverheadActual   1: 32768 op, 64334.00 ns, 1.9633 ns/op
OverheadActual   2: 32768 op, 86125.00 ns, 2.6283 ns/op
OverheadActual   3: 32768 op, 63917.00 ns, 1.9506 ns/op
OverheadActual   4: 32768 op, 63458.00 ns, 1.9366 ns/op
OverheadActual   5: 32768 op, 69125.00 ns, 2.1095 ns/op
OverheadActual   6: 32768 op, 64083.00 ns, 1.9557 ns/op
OverheadActual   7: 32768 op, 63791.00 ns, 1.9467 ns/op
OverheadActual   8: 32768 op, 63250.00 ns, 1.9302 ns/op
OverheadActual   9: 32768 op, 63792.00 ns, 1.9468 ns/op
OverheadActual  10: 32768 op, 74000.00 ns, 2.2583 ns/op
OverheadActual  11: 32768 op, 64167.00 ns, 1.9582 ns/op
OverheadActual  12: 32768 op, 63375.00 ns, 1.9341 ns/op
OverheadActual  13: 32768 op, 65917.00 ns, 2.0116 ns/op
OverheadActual  14: 32768 op, 67500.00 ns, 2.0599 ns/op
OverheadActual  15: 32768 op, 64042.00 ns, 1.9544 ns/op

WorkloadWarmup   1: 32768 op, 738568083.00 ns, 22.5393 us/op
WorkloadWarmup   2: 32768 op, 738891458.00 ns, 22.5492 us/op
WorkloadWarmup   3: 32768 op, 738841375.00 ns, 22.5476 us/op
WorkloadWarmup   4: 32768 op, 738422875.00 ns, 22.5349 us/op
WorkloadWarmup   5: 32768 op, 739689541.00 ns, 22.5735 us/op
WorkloadWarmup   6: 32768 op, 741416750.00 ns, 22.6262 us/op
WorkloadWarmup   7: 32768 op, 744666500.00 ns, 22.7254 us/op
WorkloadWarmup   8: 32768 op, 741782708.00 ns, 22.6374 us/op

// BeforeActualRun
WorkloadActual   1: 32768 op, 740546916.00 ns, 22.5997 us/op
WorkloadActual   2: 32768 op, 739969792.00 ns, 22.5821 us/op
WorkloadActual   3: 32768 op, 738671291.00 ns, 22.5425 us/op
WorkloadActual   4: 32768 op, 738567458.00 ns, 22.5393 us/op
WorkloadActual   5: 32768 op, 736064417.00 ns, 22.4629 us/op
WorkloadActual   6: 32768 op, 736147000.00 ns, 22.4654 us/op
WorkloadActual   7: 32768 op, 737767291.00 ns, 22.5149 us/op
WorkloadActual   8: 32768 op, 736551834.00 ns, 22.4778 us/op
WorkloadActual   9: 32768 op, 741027208.00 ns, 22.6144 us/op
WorkloadActual  10: 32768 op, 737357959.00 ns, 22.5024 us/op
WorkloadActual  11: 32768 op, 736141875.00 ns, 22.4653 us/op
WorkloadActual  12: 32768 op, 738501916.00 ns, 22.5373 us/op
WorkloadActual  13: 32768 op, 742815250.00 ns, 22.6689 us/op
WorkloadActual  14: 32768 op, 742033083.00 ns, 22.6451 us/op
WorkloadActual  15: 32768 op, 740981416.00 ns, 22.6130 us/op

// AfterActualRun
WorkloadResult   1: 32768 op, 740482833.00 ns, 22.5977 us/op
WorkloadResult   2: 32768 op, 739905709.00 ns, 22.5801 us/op
WorkloadResult   3: 32768 op, 738607208.00 ns, 22.5405 us/op
WorkloadResult   4: 32768 op, 738503375.00 ns, 22.5373 us/op
WorkloadResult   5: 32768 op, 736000334.00 ns, 22.4609 us/op
WorkloadResult   6: 32768 op, 736082917.00 ns, 22.4635 us/op
WorkloadResult   7: 32768 op, 737703208.00 ns, 22.5129 us/op
WorkloadResult   8: 32768 op, 736487751.00 ns, 22.4758 us/op
WorkloadResult   9: 32768 op, 740963125.00 ns, 22.6124 us/op
WorkloadResult  10: 32768 op, 737293876.00 ns, 22.5004 us/op
WorkloadResult  11: 32768 op, 736077792.00 ns, 22.4633 us/op
WorkloadResult  12: 32768 op, 738437833.00 ns, 22.5353 us/op
WorkloadResult  13: 32768 op, 742751167.00 ns, 22.6670 us/op
WorkloadResult  14: 32768 op, 741969000.00 ns, 22.6431 us/op
WorkloadResult  15: 32768 op, 740917333.00 ns, 22.6110 us/op
// GC:  2 0 0 17564384 32768
// Threading:  0 0 32768

// AfterAll
// Benchmark Process 9126 has exited with code 0.

Mean = 22.547 μs, StdErr = 0.018 μs (0.08%), N = 15, StdDev = 0.069 μs
Min = 22.461 μs, Q1 = 22.488 μs, Median = 22.537 μs, Q3 = 22.604 μs, Max = 22.667 μs
IQR = 0.116 μs, LowerFence = 22.314 μs, UpperFence = 22.779 μs
ConfidenceInterval = [22.474 μs; 22.620 μs] (CI 99.9%), Margin = 0.073 μs (0.32% of Mean)
Skewness = 0.22, Kurtosis = 1.57, MValue = 2

// ** Remained 20 (55,6 %) benchmark(s) to run. Estimated finish 2026-03-26 11:55 (0h 13m from now) **
// **************************
// Benchmark: PhysicsBakeBenchmark.PhysicsRebake: DefaultJob [ObstacleCount=30, AgentCount=3, RegionCount=4]
// *** Execute ***
// Launch: 1 / 1
// Execute: dotnet 4601f3fe-6af5-4365-a3e6-5c0da9f493f5.dll --anonymousPipes 120 121 --benchmarkName "Deterministic.GameFramework.Navigation.Benchmarks.PhysicsBakeBenchmark.PhysicsRebake(ObstacleCount: 30, AgentCount: 3, RegionCount: 4)" --job Default --benchmarkId 16 in /Users/a1/Documents/GitHub/PizzaJam2026/Server/Framework/Benchmarks/Deterministic.GameFramework.Navigation.Benchmarks/bin/Release/net8.0/4601f3fe-6af5-4365-a3e6-5c0da9f493f5/bin/Release/net8.0
// Failed to set up high priority (Permission denied). In order to run benchmarks with high priority, make sure you have the right permissions.
// BeforeAnythingElse

// Benchmark Process Environment Information:
// BenchmarkDotNet v0.13.12
// Runtime=.NET 8.0.19 (8.0.1925.36514), Arm64 RyuJIT AdvSIMD
// GC=Concurrent Workstation
// HardwareIntrinsics=AdvSIMD,AES,CRC32,DP,RDM,SHA1,SHA256 VectorSize=128
// Job: DefaultJob

[ComponentId] Registered World -> Local(0) Stable(Stable(00000000-0000-0000-0000-000072b3622d))
[ComponentId] Registered Transform2D -> Local(1) Stable(Stable(aafea77a-2300-4eef-9ffc-071170bb9a26))
[ComponentId] Registered NavigationRegion2D -> Local(2) Stable(Stable(b7e2a1c3-4d56-4f89-a012-3e4f5a6b7c8d))
[ComponentId] Registered NavigationAgent2D -> Local(3) Stable(Stable(c8f3b2d4-5e67-4a90-b123-4f5a6b7c8d9e))
[ComponentId] Registered NavigationObstacle2D -> Local(4) Stable(Stable(d9a4c3e5-6f78-4b01-c234-5a6b7c8d9e0f))
[ComponentId] Registered NavigationWorld2D -> Local(5) Stable(Stable(ea5b4d6c-7f89-4012-d345-6a7b8c9d0e1f))
[ComponentId] Registered CharacterBody2D -> Local(6) Stable(Stable(1f3b7788-2947-4d66-9d33-1275d2757278))
[ComponentId] Registered Area2D -> Local(7) Stable(Stable(42ac8ac3-53d6-40ca-9f7e-5daee2548ba6))
[ComponentId] Registered StaticBody2D -> Local(8) Stable(Stable(56221147-3807-449e-8c88-e92544a47833))
[ComponentId] Registered RigidBody2D -> Local(9) Stable(Stable(8014592a-3375-4c07-ae29-598114227003))
[ComponentId] Registered CollisionShape2D -> Local(10) Stable(Stable(c9075775-7634-45e0-a006-037000784226))
[ComponentId] Registered PhysicsWorldState -> Local(11) Stable(Stable(fb4fe7e4-2244-48ea-9ec5-0a972a3861d4))
OverheadJitting  1: 1 op, 101250.00 ns, 101.2500 us/op
WorkloadJitting  1: 1 op, 190184583.00 ns, 190.1846 ms/op

WorkloadPilot    1: 2 op, 380214791.00 ns, 190.1074 ms/op
WorkloadPilot    2: 3 op, 343202625.00 ns, 114.4009 ms/op
WorkloadPilot    3: 4 op, 441763208.00 ns, 110.4408 ms/op
WorkloadPilot    4: 5 op, 555663750.00 ns, 111.1328 ms/op

WorkloadWarmup   1: 5 op, 553243750.00 ns, 110.6488 ms/op
WorkloadWarmup   2: 5 op, 554610583.00 ns, 110.9221 ms/op
WorkloadWarmup   3: 5 op, 557464958.00 ns, 111.4930 ms/op
WorkloadWarmup   4: 5 op, 557890917.00 ns, 111.5782 ms/op
WorkloadWarmup   5: 5 op, 556761084.00 ns, 111.3522 ms/op
WorkloadWarmup   6: 5 op, 554266625.00 ns, 110.8533 ms/op
WorkloadWarmup   7: 5 op, 555713708.00 ns, 111.1427 ms/op
WorkloadWarmup   8: 5 op, 552985834.00 ns, 110.5972 ms/op

// BeforeActualRun
WorkloadActual   1: 5 op, 552829084.00 ns, 110.5658 ms/op
WorkloadActual   2: 5 op, 695436666.00 ns, 139.0873 ms/op
WorkloadActual   3: 5 op, 899037625.00 ns, 179.8075 ms/op
WorkloadActual   4: 5 op, 902332584.00 ns, 180.4665 ms/op
WorkloadActual   5: 5 op, 903501291.00 ns, 180.7003 ms/op
WorkloadActual   6: 5 op, 902635042.00 ns, 180.5270 ms/op
WorkloadActual   7: 5 op, 899252416.00 ns, 179.8505 ms/op
WorkloadActual   8: 5 op, 899382125.00 ns, 179.8764 ms/op
WorkloadActual   9: 5 op, 899315750.00 ns, 179.8631 ms/op
WorkloadActual  10: 5 op, 902237167.00 ns, 180.4474 ms/op
WorkloadActual  11: 5 op, 903709250.00 ns, 180.7418 ms/op
WorkloadActual  12: 5 op, 903227208.00 ns, 180.6454 ms/op
WorkloadActual  13: 5 op, 902384208.00 ns, 180.4768 ms/op
WorkloadActual  14: 5 op, 899183750.00 ns, 179.8367 ms/op
WorkloadActual  15: 5 op, 902366084.00 ns, 180.4732 ms/op
WorkloadActual  16: 5 op, 902044917.00 ns, 180.4090 ms/op
WorkloadActual  17: 5 op, 904177708.00 ns, 180.8355 ms/op
WorkloadActual  18: 5 op, 905119125.00 ns, 181.0238 ms/op
WorkloadActual  19: 5 op, 903083958.00 ns, 180.6168 ms/op
WorkloadActual  20: 5 op, 901078042.00 ns, 180.2156 ms/op
WorkloadActual  21: 5 op, 900083875.00 ns, 180.0168 ms/op
WorkloadActual  22: 5 op, 899586583.00 ns, 179.9173 ms/op
WorkloadActual  23: 5 op, 902608458.00 ns, 180.5217 ms/op
WorkloadActual  24: 5 op, 900551083.00 ns, 180.1102 ms/op
WorkloadActual  25: 5 op, 901405583.00 ns, 180.2811 ms/op
WorkloadActual  26: 5 op, 902755958.00 ns, 180.5512 ms/op
WorkloadActual  27: 5 op, 899839916.00 ns, 179.9680 ms/op
WorkloadActual  28: 5 op, 901686750.00 ns, 180.3373 ms/op
WorkloadActual  29: 5 op, 902591833.00 ns, 180.5184 ms/op
WorkloadActual  30: 5 op, 903727792.00 ns, 180.7456 ms/op
WorkloadActual  31: 5 op, 901359041.00 ns, 180.2718 ms/op
WorkloadActual  32: 5 op, 903764334.00 ns, 180.7529 ms/op
WorkloadActual  33: 5 op, 900848584.00 ns, 180.1697 ms/op
WorkloadActual  34: 5 op, 901818208.00 ns, 180.3636 ms/op
WorkloadActual  35: 5 op, 900918166.00 ns, 180.1836 ms/op
WorkloadActual  36: 5 op, 905348250.00 ns, 181.0696 ms/op
WorkloadActual  37: 5 op, 906174291.00 ns, 181.2349 ms/op
WorkloadActual  38: 5 op, 901682250.00 ns, 180.3365 ms/op
WorkloadActual  39: 5 op, 902436917.00 ns, 180.4874 ms/op
WorkloadActual  40: 5 op, 901397500.00 ns, 180.2795 ms/op
WorkloadActual  41: 5 op, 899740792.00 ns, 179.9482 ms/op
WorkloadActual  42: 5 op, 902335000.00 ns, 180.4670 ms/op
WorkloadActual  43: 5 op, 905015125.00 ns, 181.0030 ms/op
WorkloadActual  44: 5 op, 903909667.00 ns, 180.7819 ms/op
WorkloadActual  45: 5 op, 902974083.00 ns, 180.5948 ms/op
WorkloadActual  46: 5 op, 900469417.00 ns, 180.0939 ms/op
WorkloadActual  47: 5 op, 904172667.00 ns, 180.8345 ms/op
WorkloadActual  48: 5 op, 903891708.00 ns, 180.7783 ms/op
WorkloadActual  49: 5 op, 904345417.00 ns, 180.8691 ms/op
WorkloadActual  50: 5 op, 902866084.00 ns, 180.5732 ms/op
WorkloadActual  51: 5 op, 902433125.00 ns, 180.4866 ms/op
WorkloadActual  52: 5 op, 899488917.00 ns, 179.8978 ms/op
WorkloadActual  53: 5 op, 900991000.00 ns, 180.1982 ms/op
WorkloadActual  54: 5 op, 901544167.00 ns, 180.3088 ms/op
WorkloadActual  55: 5 op, 905454750.00 ns, 181.0909 ms/op
WorkloadActual  56: 5 op, 901608542.00 ns, 180.3217 ms/op
WorkloadActual  57: 5 op, 903581791.00 ns, 180.7164 ms/op
WorkloadActual  58: 5 op, 904307458.00 ns, 180.8615 ms/op
WorkloadActual  59: 5 op, 900871166.00 ns, 180.1742 ms/op
WorkloadActual  60: 5 op, 899835458.00 ns, 179.9671 ms/op
WorkloadActual  61: 5 op, 902506291.00 ns, 180.5013 ms/op
WorkloadActual  62: 5 op, 903457041.00 ns, 180.6914 ms/op
WorkloadActual  63: 5 op, 905347666.00 ns, 181.0695 ms/op
WorkloadActual  64: 5 op, 902439250.00 ns, 180.4879 ms/op
WorkloadActual  65: 5 op, 898188083.00 ns, 179.6376 ms/op
WorkloadActual  66: 5 op, 899827750.00 ns, 179.9656 ms/op
WorkloadActual  67: 5 op, 902154583.00 ns, 180.4309 ms/op
WorkloadActual  68: 5 op, 903270167.00 ns, 180.6540 ms/op
WorkloadActual  69: 5 op, 905257417.00 ns, 181.0515 ms/op
WorkloadActual  70: 5 op, 908384083.00 ns, 181.6768 ms/op
WorkloadActual  71: 5 op, 898834500.00 ns, 179.7669 ms/op
WorkloadActual  72: 5 op, 900958875.00 ns, 180.1918 ms/op
WorkloadActual  73: 5 op, 902426292.00 ns, 180.4853 ms/op
WorkloadActual  74: 5 op, 909326125.00 ns, 181.8652 ms/op
WorkloadActual  75: 5 op, 907416334.00 ns, 181.4833 ms/op
WorkloadActual  76: 5 op, 907418250.00 ns, 181.4837 ms/op
WorkloadActual  77: 5 op, 901315792.00 ns, 180.2632 ms/op
WorkloadActual  78: 5 op, 900873125.00 ns, 180.1746 ms/op
WorkloadActual  79: 5 op, 901978084.00 ns, 180.3956 ms/op
WorkloadActual  80: 5 op, 903007834.00 ns, 180.6016 ms/op

// AfterActualRun
WorkloadResult   1: 5 op, 552829084.00 ns, 110.5658 ms/op
WorkloadResult   2: 5 op, 695436666.00 ns, 139.0873 ms/op
WorkloadResult   3: 5 op, 899037625.00 ns, 179.8075 ms/op
WorkloadResult   4: 5 op, 902332584.00 ns, 180.4665 ms/op
WorkloadResult   5: 5 op, 903501291.00 ns, 180.7003 ms/op
WorkloadResult   6: 5 op, 902635042.00 ns, 180.5270 ms/op
WorkloadResult   7: 5 op, 899252416.00 ns, 179.8505 ms/op
WorkloadResult   8: 5 op, 899382125.00 ns, 179.8764 ms/op
WorkloadResult   9: 5 op, 899315750.00 ns, 179.8631 ms/op
WorkloadResult  10: 5 op, 902237167.00 ns, 180.4474 ms/op
WorkloadResult  11: 5 op, 903709250.00 ns, 180.7418 ms/op
WorkloadResult  12: 5 op, 903227208.00 ns, 180.6454 ms/op
WorkloadResult  13: 5 op, 902384208.00 ns, 180.4768 ms/op
WorkloadResult  14: 5 op, 899183750.00 ns, 179.8367 ms/op
WorkloadResult  15: 5 op, 902366084.00 ns, 180.4732 ms/op
WorkloadResult  16: 5 op, 902044917.00 ns, 180.4090 ms/op
WorkloadResult  17: 5 op, 904177708.00 ns, 180.8355 ms/op
WorkloadResult  18: 5 op, 905119125.00 ns, 181.0238 ms/op
WorkloadResult  19: 5 op, 903083958.00 ns, 180.6168 ms/op
WorkloadResult  20: 5 op, 901078042.00 ns, 180.2156 ms/op
WorkloadResult  21: 5 op, 900083875.00 ns, 180.0168 ms/op
WorkloadResult  22: 5 op, 899586583.00 ns, 179.9173 ms/op
WorkloadResult  23: 5 op, 902608458.00 ns, 180.5217 ms/op
WorkloadResult  24: 5 op, 900551083.00 ns, 180.1102 ms/op
WorkloadResult  25: 5 op, 901405583.00 ns, 180.2811 ms/op
WorkloadResult  26: 5 op, 902755958.00 ns, 180.5512 ms/op
WorkloadResult  27: 5 op, 899839916.00 ns, 179.9680 ms/op
WorkloadResult  28: 5 op, 901686750.00 ns, 180.3373 ms/op
WorkloadResult  29: 5 op, 902591833.00 ns, 180.5184 ms/op
WorkloadResult  30: 5 op, 903727792.00 ns, 180.7456 ms/op
WorkloadResult  31: 5 op, 901359041.00 ns, 180.2718 ms/op
WorkloadResult  32: 5 op, 903764334.00 ns, 180.7529 ms/op
WorkloadResult  33: 5 op, 900848584.00 ns, 180.1697 ms/op
WorkloadResult  34: 5 op, 901818208.00 ns, 180.3636 ms/op
WorkloadResult  35: 5 op, 900918166.00 ns, 180.1836 ms/op
WorkloadResult  36: 5 op, 905348250.00 ns, 181.0696 ms/op
WorkloadResult  37: 5 op, 906174291.00 ns, 181.2349 ms/op
WorkloadResult  38: 5 op, 901682250.00 ns, 180.3365 ms/op
WorkloadResult  39: 5 op, 902436917.00 ns, 180.4874 ms/op
WorkloadResult  40: 5 op, 901397500.00 ns, 180.2795 ms/op
WorkloadResult  41: 5 op, 899740792.00 ns, 179.9482 ms/op
WorkloadResult  42: 5 op, 902335000.00 ns, 180.4670 ms/op
WorkloadResult  43: 5 op, 905015125.00 ns, 181.0030 ms/op
WorkloadResult  44: 5 op, 903909667.00 ns, 180.7819 ms/op
WorkloadResult  45: 5 op, 902974083.00 ns, 180.5948 ms/op
WorkloadResult  46: 5 op, 900469417.00 ns, 180.0939 ms/op
WorkloadResult  47: 5 op, 904172667.00 ns, 180.8345 ms/op
WorkloadResult  48: 5 op, 903891708.00 ns, 180.7783 ms/op
WorkloadResult  49: 5 op, 904345417.00 ns, 180.8691 ms/op
WorkloadResult  50: 5 op, 902866084.00 ns, 180.5732 ms/op
WorkloadResult  51: 5 op, 902433125.00 ns, 180.4866 ms/op
WorkloadResult  52: 5 op, 899488917.00 ns, 179.8978 ms/op
WorkloadResult  53: 5 op, 900991000.00 ns, 180.1982 ms/op
WorkloadResult  54: 5 op, 901544167.00 ns, 180.3088 ms/op
WorkloadResult  55: 5 op, 905454750.00 ns, 181.0909 ms/op
WorkloadResult  56: 5 op, 901608542.00 ns, 180.3217 ms/op
WorkloadResult  57: 5 op, 903581791.00 ns, 180.7164 ms/op
WorkloadResult  58: 5 op, 904307458.00 ns, 180.8615 ms/op
WorkloadResult  59: 5 op, 900871166.00 ns, 180.1742 ms/op
WorkloadResult  60: 5 op, 899835458.00 ns, 179.9671 ms/op
WorkloadResult  61: 5 op, 902506291.00 ns, 180.5013 ms/op
WorkloadResult  62: 5 op, 903457041.00 ns, 180.6914 ms/op
WorkloadResult  63: 5 op, 905347666.00 ns, 181.0695 ms/op
WorkloadResult  64: 5 op, 902439250.00 ns, 180.4879 ms/op
WorkloadResult  65: 5 op, 898188083.00 ns, 179.6376 ms/op
WorkloadResult  66: 5 op, 899827750.00 ns, 179.9656 ms/op
WorkloadResult  67: 5 op, 902154583.00 ns, 180.4309 ms/op
WorkloadResult  68: 5 op, 903270167.00 ns, 180.6540 ms/op
WorkloadResult  69: 5 op, 905257417.00 ns, 181.0515 ms/op
WorkloadResult  70: 5 op, 898834500.00 ns, 179.7669 ms/op
WorkloadResult  71: 5 op, 900958875.00 ns, 180.1918 ms/op
WorkloadResult  72: 5 op, 902426292.00 ns, 180.4853 ms/op
WorkloadResult  73: 5 op, 907416334.00 ns, 181.4833 ms/op
WorkloadResult  74: 5 op, 907418250.00 ns, 181.4837 ms/op
WorkloadResult  75: 5 op, 901315792.00 ns, 180.2632 ms/op
WorkloadResult  76: 5 op, 900873125.00 ns, 180.1746 ms/op
WorkloadResult  77: 5 op, 901978084.00 ns, 180.3956 ms/op
WorkloadResult  78: 5 op, 903007834.00 ns, 180.6016 ms/op
// GC:  5 3 1 47458704 5
// Threading:  0 0 5

// AfterAll
// Benchmark Process 9150 has exited with code 0.

Mean = 179.024 ms, StdErr = 1.036 ms (0.58%), N = 78, StdDev = 9.151 ms
Min = 110.566 ms, Q1 = 180.174 ms, Median = 180.467 ms, Q3 = 180.698 ms, Max = 181.484 ms
IQR = 0.524 ms, LowerFence = 179.389 ms, UpperFence = 181.484 ms
ConfidenceInterval = [175.479 ms; 182.569 ms] (CI 99.9%), Margin = 3.545 ms (1.98% of Mean)
Skewness = -6.43, Kurtosis = 44.8, MValue = 2

// ** Remained 19 (52,8 %) benchmark(s) to run. Estimated finish 2026-03-26 11:57 (0h 13m from now) **
// **************************
// Benchmark: PhysicsBakeBenchmark.PhysicsRebake_WithRegions: DefaultJob [ObstacleCount=30, AgentCount=3, RegionCount=4]
// *** Execute ***
// Launch: 1 / 1
// Execute: dotnet 4601f3fe-6af5-4365-a3e6-5c0da9f493f5.dll --anonymousPipes 120 121 --benchmarkName "Deterministic.GameFramework.Navigation.Benchmarks.PhysicsBakeBenchmark.PhysicsRebake_WithRegions(ObstacleCount: 30, AgentCount: 3, RegionCount: 4)" --job Default --benchmarkId 17 in /Users/a1/Documents/GitHub/PizzaJam2026/Server/Framework/Benchmarks/Deterministic.GameFramework.Navigation.Benchmarks/bin/Release/net8.0/4601f3fe-6af5-4365-a3e6-5c0da9f493f5/bin/Release/net8.0
// Failed to set up high priority (Permission denied). In order to run benchmarks with high priority, make sure you have the right permissions.
// BeforeAnythingElse

// Benchmark Process Environment Information:
// BenchmarkDotNet v0.13.12
// Runtime=.NET 8.0.19 (8.0.1925.36514), Arm64 RyuJIT AdvSIMD
// GC=Concurrent Workstation
// HardwareIntrinsics=AdvSIMD,AES,CRC32,DP,RDM,SHA1,SHA256 VectorSize=128
// Job: DefaultJob

[ComponentId] Registered World -> Local(0) Stable(Stable(00000000-0000-0000-0000-000072b3622d))
[ComponentId] Registered Transform2D -> Local(1) Stable(Stable(aafea77a-2300-4eef-9ffc-071170bb9a26))
[ComponentId] Registered NavigationRegion2D -> Local(2) Stable(Stable(b7e2a1c3-4d56-4f89-a012-3e4f5a6b7c8d))
[ComponentId] Registered NavigationAgent2D -> Local(3) Stable(Stable(c8f3b2d4-5e67-4a90-b123-4f5a6b7c8d9e))
[ComponentId] Registered NavigationObstacle2D -> Local(4) Stable(Stable(d9a4c3e5-6f78-4b01-c234-5a6b7c8d9e0f))
[ComponentId] Registered NavigationWorld2D -> Local(5) Stable(Stable(ea5b4d6c-7f89-4012-d345-6a7b8c9d0e1f))
[ComponentId] Registered CharacterBody2D -> Local(6) Stable(Stable(1f3b7788-2947-4d66-9d33-1275d2757278))
[ComponentId] Registered Area2D -> Local(7) Stable(Stable(42ac8ac3-53d6-40ca-9f7e-5daee2548ba6))
[ComponentId] Registered StaticBody2D -> Local(8) Stable(Stable(56221147-3807-449e-8c88-e92544a47833))
[ComponentId] Registered RigidBody2D -> Local(9) Stable(Stable(8014592a-3375-4c07-ae29-598114227003))
[ComponentId] Registered CollisionShape2D -> Local(10) Stable(Stable(c9075775-7634-45e0-a006-037000784226))
[ComponentId] Registered PhysicsWorldState -> Local(11) Stable(Stable(fb4fe7e4-2244-48ea-9ec5-0a972a3861d4))
OverheadJitting  1: 1 op, 101916.00 ns, 101.9160 us/op
WorkloadJitting  1: 1 op, 194661584.00 ns, 194.6616 ms/op

WorkloadPilot    1: 2 op, 350618666.00 ns, 175.3093 ms/op
WorkloadPilot    2: 3 op, 390764292.00 ns, 130.2548 ms/op
WorkloadPilot    3: 4 op, 443205916.00 ns, 110.8015 ms/op
WorkloadPilot    4: 5 op, 556800166.00 ns, 111.3600 ms/op

WorkloadWarmup   1: 5 op, 555464833.00 ns, 111.0930 ms/op
WorkloadWarmup   2: 5 op, 554466625.00 ns, 110.8933 ms/op
WorkloadWarmup   3: 5 op, 555943375.00 ns, 111.1887 ms/op
WorkloadWarmup   4: 5 op, 560775334.00 ns, 112.1551 ms/op
WorkloadWarmup   5: 5 op, 558499000.00 ns, 111.6998 ms/op
WorkloadWarmup   6: 5 op, 557089500.00 ns, 111.4179 ms/op
WorkloadWarmup   7: 5 op, 557959334.00 ns, 111.5919 ms/op
WorkloadWarmup   8: 5 op, 557335333.00 ns, 111.4671 ms/op

// BeforeActualRun
WorkloadActual   1: 5 op, 555454959.00 ns, 111.0910 ms/op
WorkloadActual   2: 5 op, 695043083.00 ns, 139.0086 ms/op
WorkloadActual   3: 5 op, 901633250.00 ns, 180.3267 ms/op
WorkloadActual   4: 5 op, 901482583.00 ns, 180.2965 ms/op
WorkloadActual   5: 5 op, 901936791.00 ns, 180.3874 ms/op
WorkloadActual   6: 5 op, 904132792.00 ns, 180.8266 ms/op
WorkloadActual   7: 5 op, 905513750.00 ns, 181.1027 ms/op
WorkloadActual   8: 5 op, 903529917.00 ns, 180.7060 ms/op
WorkloadActual   9: 5 op, 900297625.00 ns, 180.0595 ms/op
WorkloadActual  10: 5 op, 901466208.00 ns, 180.2932 ms/op
WorkloadActual  11: 5 op, 903234042.00 ns, 180.6468 ms/op
WorkloadActual  12: 5 op, 904264333.00 ns, 180.8529 ms/op
WorkloadActual  13: 5 op, 905375000.00 ns, 181.0750 ms/op
WorkloadActual  14: 5 op, 906795083.00 ns, 181.3590 ms/op
WorkloadActual  15: 5 op, 904186583.00 ns, 180.8373 ms/op
WorkloadActual  16: 5 op, 901101250.00 ns, 180.2202 ms/op
WorkloadActual  17: 5 op, 902579292.00 ns, 180.5159 ms/op
WorkloadActual  18: 5 op, 908929250.00 ns, 181.7859 ms/op
WorkloadActual  19: 5 op, 904170000.00 ns, 180.8340 ms/op
WorkloadActual  20: 5 op, 904880667.00 ns, 180.9761 ms/op
WorkloadActual  21: 5 op, 900203625.00 ns, 180.0407 ms/op
WorkloadActual  22: 5 op, 900756084.00 ns, 180.1512 ms/op
WorkloadActual  23: 5 op, 901428541.00 ns, 180.2857 ms/op
WorkloadActual  24: 5 op, 904841209.00 ns, 180.9682 ms/op
WorkloadActual  25: 5 op, 905922209.00 ns, 181.1844 ms/op
WorkloadActual  26: 5 op, 904176250.00 ns, 180.8353 ms/op
WorkloadActual  27: 5 op, 902753083.00 ns, 180.5506 ms/op
WorkloadActual  28: 5 op, 900347666.00 ns, 180.0695 ms/op
WorkloadActual  29: 5 op, 901514250.00 ns, 180.3029 ms/op
WorkloadActual  30: 5 op, 903355375.00 ns, 180.6711 ms/op
WorkloadActual  31: 5 op, 905346500.00 ns, 181.0693 ms/op
WorkloadActual  32: 5 op, 906192042.00 ns, 181.2384 ms/op
WorkloadActual  33: 5 op, 903371916.00 ns, 180.6744 ms/op
WorkloadActual  34: 5 op, 901368542.00 ns, 180.2737 ms/op
WorkloadActual  35: 5 op, 900137292.00 ns, 180.0275 ms/op
WorkloadActual  36: 5 op, 902269833.00 ns, 180.4540 ms/op
WorkloadActual  37: 5 op, 911413708.00 ns, 182.2827 ms/op
WorkloadActual  38: 5 op, 905773333.00 ns, 181.1547 ms/op
WorkloadActual  39: 5 op, 903695250.00 ns, 180.7390 ms/op
WorkloadActual  40: 5 op, 901301667.00 ns, 180.2603 ms/op
WorkloadActual  41: 5 op, 899456333.00 ns, 179.8913 ms/op
WorkloadActual  42: 5 op, 899252375.00 ns, 179.8505 ms/op
WorkloadActual  43: 5 op, 906201292.00 ns, 181.2403 ms/op
WorkloadActual  44: 5 op, 904265917.00 ns, 180.8532 ms/op
WorkloadActual  45: 5 op, 906227667.00 ns, 181.2455 ms/op
WorkloadActual  46: 5 op, 903895708.00 ns, 180.7791 ms/op
WorkloadActual  47: 5 op, 900083875.00 ns, 180.0168 ms/op
WorkloadActual  48: 5 op, 900880417.00 ns, 180.1761 ms/op
WorkloadActual  49: 5 op, 905579500.00 ns, 181.1159 ms/op
WorkloadActual  50: 5 op, 905535459.00 ns, 181.1071 ms/op
WorkloadActual  51: 5 op, 906948542.00 ns, 181.3897 ms/op
WorkloadActual  52: 5 op, 903860625.00 ns, 180.7721 ms/op
WorkloadActual  53: 5 op, 899807834.00 ns, 179.9616 ms/op
WorkloadActual  54: 5 op, 900352834.00 ns, 180.0706 ms/op
WorkloadActual  55: 5 op, 902572167.00 ns, 180.5144 ms/op
WorkloadActual  56: 5 op, 906911958.00 ns, 181.3824 ms/op
WorkloadActual  57: 5 op, 906638708.00 ns, 181.3277 ms/op
WorkloadActual  58: 5 op, 905141583.00 ns, 181.0283 ms/op
WorkloadActual  59: 5 op, 904854167.00 ns, 180.9708 ms/op
WorkloadActual  60: 5 op, 902616375.00 ns, 180.5233 ms/op
WorkloadActual  61: 5 op, 899672334.00 ns, 179.9345 ms/op
WorkloadActual  62: 5 op, 904518042.00 ns, 180.9036 ms/op
WorkloadActual  63: 5 op, 903504083.00 ns, 180.7008 ms/op
WorkloadActual  64: 5 op, 905186083.00 ns, 181.0372 ms/op
WorkloadActual  65: 5 op, 902427833.00 ns, 180.4856 ms/op
WorkloadActual  66: 5 op, 900346458.00 ns, 180.0693 ms/op
WorkloadActual  67: 5 op, 898521125.00 ns, 179.7042 ms/op
WorkloadActual  68: 5 op, 899334833.00 ns, 179.8670 ms/op
WorkloadActual  69: 5 op, 898367250.00 ns, 179.6735 ms/op
WorkloadActual  70: 5 op, 894706792.00 ns, 178.9414 ms/op
WorkloadActual  71: 5 op, 893979084.00 ns, 178.7958 ms/op
WorkloadActual  72: 5 op, 900385750.00 ns, 180.0771 ms/op
WorkloadActual  73: 5 op, 902763416.00 ns, 180.5527 ms/op
WorkloadActual  74: 5 op, 900299375.00 ns, 180.0599 ms/op
WorkloadActual  75: 5 op, 905484541.00 ns, 181.0969 ms/op
WorkloadActual  76: 5 op, 905007291.00 ns, 181.0015 ms/op
WorkloadActual  77: 5 op, 904790542.00 ns, 180.9581 ms/op
WorkloadActual  78: 5 op, 901208834.00 ns, 180.2418 ms/op

// AfterActualRun
WorkloadResult   1: 5 op, 555454959.00 ns, 111.0910 ms/op
WorkloadResult   2: 5 op, 695043083.00 ns, 139.0086 ms/op
WorkloadResult   3: 5 op, 901633250.00 ns, 180.3267 ms/op
WorkloadResult   4: 5 op, 901482583.00 ns, 180.2965 ms/op
WorkloadResult   5: 5 op, 901936791.00 ns, 180.3874 ms/op
WorkloadResult   6: 5 op, 904132792.00 ns, 180.8266 ms/op
WorkloadResult   7: 5 op, 905513750.00 ns, 181.1027 ms/op
WorkloadResult   8: 5 op, 903529917.00 ns, 180.7060 ms/op
WorkloadResult   9: 5 op, 900297625.00 ns, 180.0595 ms/op
WorkloadResult  10: 5 op, 901466208.00 ns, 180.2932 ms/op
WorkloadResult  11: 5 op, 903234042.00 ns, 180.6468 ms/op
WorkloadResult  12: 5 op, 904264333.00 ns, 180.8529 ms/op
WorkloadResult  13: 5 op, 905375000.00 ns, 181.0750 ms/op
WorkloadResult  14: 5 op, 906795083.00 ns, 181.3590 ms/op
WorkloadResult  15: 5 op, 904186583.00 ns, 180.8373 ms/op
WorkloadResult  16: 5 op, 901101250.00 ns, 180.2202 ms/op
WorkloadResult  17: 5 op, 902579292.00 ns, 180.5159 ms/op
WorkloadResult  18: 5 op, 908929250.00 ns, 181.7859 ms/op
WorkloadResult  19: 5 op, 904170000.00 ns, 180.8340 ms/op
WorkloadResult  20: 5 op, 904880667.00 ns, 180.9761 ms/op
WorkloadResult  21: 5 op, 900203625.00 ns, 180.0407 ms/op
WorkloadResult  22: 5 op, 900756084.00 ns, 180.1512 ms/op
WorkloadResult  23: 5 op, 901428541.00 ns, 180.2857 ms/op
WorkloadResult  24: 5 op, 904841209.00 ns, 180.9682 ms/op
WorkloadResult  25: 5 op, 905922209.00 ns, 181.1844 ms/op
WorkloadResult  26: 5 op, 904176250.00 ns, 180.8353 ms/op
WorkloadResult  27: 5 op, 902753083.00 ns, 180.5506 ms/op
WorkloadResult  28: 5 op, 900347666.00 ns, 180.0695 ms/op
WorkloadResult  29: 5 op, 901514250.00 ns, 180.3029 ms/op
WorkloadResult  30: 5 op, 903355375.00 ns, 180.6711 ms/op
WorkloadResult  31: 5 op, 905346500.00 ns, 181.0693 ms/op
WorkloadResult  32: 5 op, 906192042.00 ns, 181.2384 ms/op
WorkloadResult  33: 5 op, 903371916.00 ns, 180.6744 ms/op
WorkloadResult  34: 5 op, 901368542.00 ns, 180.2737 ms/op
WorkloadResult  35: 5 op, 900137292.00 ns, 180.0275 ms/op
WorkloadResult  36: 5 op, 902269833.00 ns, 180.4540 ms/op
WorkloadResult  37: 5 op, 911413708.00 ns, 182.2827 ms/op
WorkloadResult  38: 5 op, 905773333.00 ns, 181.1547 ms/op
WorkloadResult  39: 5 op, 903695250.00 ns, 180.7390 ms/op
WorkloadResult  40: 5 op, 901301667.00 ns, 180.2603 ms/op
WorkloadResult  41: 5 op, 899456333.00 ns, 179.8913 ms/op
WorkloadResult  42: 5 op, 899252375.00 ns, 179.8505 ms/op
WorkloadResult  43: 5 op, 906201292.00 ns, 181.2403 ms/op
WorkloadResult  44: 5 op, 904265917.00 ns, 180.8532 ms/op
WorkloadResult  45: 5 op, 906227667.00 ns, 181.2455 ms/op
WorkloadResult  46: 5 op, 903895708.00 ns, 180.7791 ms/op
WorkloadResult  47: 5 op, 900083875.00 ns, 180.0168 ms/op
WorkloadResult  48: 5 op, 900880417.00 ns, 180.1761 ms/op
WorkloadResult  49: 5 op, 905579500.00 ns, 181.1159 ms/op
WorkloadResult  50: 5 op, 905535459.00 ns, 181.1071 ms/op
WorkloadResult  51: 5 op, 906948542.00 ns, 181.3897 ms/op
WorkloadResult  52: 5 op, 903860625.00 ns, 180.7721 ms/op
WorkloadResult  53: 5 op, 899807834.00 ns, 179.9616 ms/op
WorkloadResult  54: 5 op, 900352834.00 ns, 180.0706 ms/op
WorkloadResult  55: 5 op, 902572167.00 ns, 180.5144 ms/op
WorkloadResult  56: 5 op, 906911958.00 ns, 181.3824 ms/op
WorkloadResult  57: 5 op, 906638708.00 ns, 181.3277 ms/op
WorkloadResult  58: 5 op, 905141583.00 ns, 181.0283 ms/op
WorkloadResult  59: 5 op, 904854167.00 ns, 180.9708 ms/op
WorkloadResult  60: 5 op, 902616375.00 ns, 180.5233 ms/op
WorkloadResult  61: 5 op, 899672334.00 ns, 179.9345 ms/op
WorkloadResult  62: 5 op, 904518042.00 ns, 180.9036 ms/op
WorkloadResult  63: 5 op, 903504083.00 ns, 180.7008 ms/op
WorkloadResult  64: 5 op, 905186083.00 ns, 181.0372 ms/op
WorkloadResult  65: 5 op, 902427833.00 ns, 180.4856 ms/op
WorkloadResult  66: 5 op, 900346458.00 ns, 180.0693 ms/op
WorkloadResult  67: 5 op, 898521125.00 ns, 179.7042 ms/op
WorkloadResult  68: 5 op, 899334833.00 ns, 179.8670 ms/op
WorkloadResult  69: 5 op, 898367250.00 ns, 179.6735 ms/op
WorkloadResult  70: 5 op, 894706792.00 ns, 178.9414 ms/op
WorkloadResult  71: 5 op, 893979084.00 ns, 178.7958 ms/op
WorkloadResult  72: 5 op, 900385750.00 ns, 180.0771 ms/op
WorkloadResult  73: 5 op, 902763416.00 ns, 180.5527 ms/op
WorkloadResult  74: 5 op, 900299375.00 ns, 180.0599 ms/op
WorkloadResult  75: 5 op, 905484541.00 ns, 181.0969 ms/op
WorkloadResult  76: 5 op, 905007291.00 ns, 181.0015 ms/op
WorkloadResult  77: 5 op, 904790542.00 ns, 180.9581 ms/op
WorkloadResult  78: 5 op, 901208834.00 ns, 180.2418 ms/op
// GC:  5 3 1 47458984 5
// Threading:  0 0 5

// AfterAll
// Benchmark Process 9169 has exited with code 0.

Mean = 179.163 ms, StdErr = 1.034 ms (0.58%), N = 78, StdDev = 9.135 ms
Min = 111.091 ms, Q1 = 180.096 ms, Median = 180.600 ms, Q3 = 180.995 ms, Max = 182.283 ms
IQR = 0.899 ms, LowerFence = 178.746 ms, UpperFence = 182.344 ms
ConfidenceInterval = [175.624 ms; 182.703 ms] (CI 99.9%), Margin = 3.539 ms (1.98% of Mean)
Skewness = -6.39, Kurtosis = 44.31, MValue = 2

// ** Remained 18 (50,0 %) benchmark(s) to run. Estimated finish 2026-03-26 11:58 (0h 13m from now) **
// **************************
// Benchmark: PhysicsBakeBenchmark.SteadyState: DefaultJob [ObstacleCount=30, AgentCount=10, RegionCount=0]
// *** Execute ***
// Launch: 1 / 1
// Execute: dotnet 4601f3fe-6af5-4365-a3e6-5c0da9f493f5.dll --anonymousPipes 120 121 --benchmarkName "Deterministic.GameFramework.Navigation.Benchmarks.PhysicsBakeBenchmark.SteadyState(ObstacleCount: 30, AgentCount: 10, RegionCount: 0)" --job Default --benchmarkId 18 in /Users/a1/Documents/GitHub/PizzaJam2026/Server/Framework/Benchmarks/Deterministic.GameFramework.Navigation.Benchmarks/bin/Release/net8.0/4601f3fe-6af5-4365-a3e6-5c0da9f493f5/bin/Release/net8.0
// Failed to set up high priority (Permission denied). In order to run benchmarks with high priority, make sure you have the right permissions.
// BeforeAnythingElse

// Benchmark Process Environment Information:
// BenchmarkDotNet v0.13.12
// Runtime=.NET 8.0.19 (8.0.1925.36514), Arm64 RyuJIT AdvSIMD
// GC=Concurrent Workstation
// HardwareIntrinsics=AdvSIMD,AES,CRC32,DP,RDM,SHA1,SHA256 VectorSize=128
// Job: DefaultJob

[ComponentId] Registered World -> Local(0) Stable(Stable(00000000-0000-0000-0000-000072b3622d))
[ComponentId] Registered Transform2D -> Local(1) Stable(Stable(aafea77a-2300-4eef-9ffc-071170bb9a26))
[ComponentId] Registered NavigationRegion2D -> Local(2) Stable(Stable(b7e2a1c3-4d56-4f89-a012-3e4f5a6b7c8d))
[ComponentId] Registered NavigationAgent2D -> Local(3) Stable(Stable(c8f3b2d4-5e67-4a90-b123-4f5a6b7c8d9e))
[ComponentId] Registered NavigationObstacle2D -> Local(4) Stable(Stable(d9a4c3e5-6f78-4b01-c234-5a6b7c8d9e0f))
[ComponentId] Registered NavigationWorld2D -> Local(5) Stable(Stable(ea5b4d6c-7f89-4012-d345-6a7b8c9d0e1f))
[ComponentId] Registered CharacterBody2D -> Local(6) Stable(Stable(1f3b7788-2947-4d66-9d33-1275d2757278))
[ComponentId] Registered Area2D -> Local(7) Stable(Stable(42ac8ac3-53d6-40ca-9f7e-5daee2548ba6))
[ComponentId] Registered StaticBody2D -> Local(8) Stable(Stable(56221147-3807-449e-8c88-e92544a47833))
[ComponentId] Registered RigidBody2D -> Local(9) Stable(Stable(8014592a-3375-4c07-ae29-598114227003))
[ComponentId] Registered CollisionShape2D -> Local(10) Stable(Stable(c9075775-7634-45e0-a006-037000784226))
[ComponentId] Registered PhysicsWorldState -> Local(11) Stable(Stable(fb4fe7e4-2244-48ea-9ec5-0a972a3861d4))
OverheadJitting  1: 1 op, 120041.00 ns, 120.0410 us/op
WorkloadJitting  1: 1 op, 316834.00 ns, 316.8340 us/op

OverheadJitting  2: 16 op, 112500.00 ns, 7.0312 us/op
WorkloadJitting  2: 16 op, 2007958.00 ns, 125.4974 us/op

WorkloadPilot    1: 16 op, 1669416.00 ns, 104.3385 us/op
WorkloadPilot    2: 32 op, 3244167.00 ns, 101.3802 us/op
WorkloadPilot    3: 64 op, 6287292.00 ns, 98.2389 us/op
WorkloadPilot    4: 128 op, 12511750.00 ns, 97.7480 us/op
WorkloadPilot    5: 256 op, 24804042.00 ns, 96.8908 us/op
WorkloadPilot    6: 512 op, 49343375.00 ns, 96.3738 us/op
WorkloadPilot    7: 1024 op, 98032333.00 ns, 95.7347 us/op
WorkloadPilot    8: 2048 op, 194032334.00 ns, 94.7424 us/op
WorkloadPilot    9: 4096 op, 265906333.00 ns, 64.9185 us/op
WorkloadPilot   10: 8192 op, 534869583.00 ns, 65.2917 us/op

OverheadWarmup   1: 8192 op, 21417.00 ns, 2.6144 ns/op
OverheadWarmup   2: 8192 op, 20833.00 ns, 2.5431 ns/op
OverheadWarmup   3: 8192 op, 16167.00 ns, 1.9735 ns/op
OverheadWarmup   4: 8192 op, 20000.00 ns, 2.4414 ns/op
OverheadWarmup   5: 8192 op, 20500.00 ns, 2.5024 ns/op
OverheadWarmup   6: 8192 op, 19875.00 ns, 2.4261 ns/op
OverheadWarmup   7: 8192 op, 16333.00 ns, 1.9938 ns/op
OverheadWarmup   8: 8192 op, 16208.00 ns, 1.9785 ns/op
OverheadWarmup   9: 8192 op, 17041.00 ns, 2.0802 ns/op
OverheadWarmup  10: 8192 op, 16000.00 ns, 1.9531 ns/op

OverheadActual   1: 8192 op, 16083.00 ns, 1.9633 ns/op
OverheadActual   2: 8192 op, 19958.00 ns, 2.4363 ns/op
OverheadActual   3: 8192 op, 16291.00 ns, 1.9886 ns/op
OverheadActual   4: 8192 op, 16209.00 ns, 1.9786 ns/op
OverheadActual   5: 8192 op, 19416.00 ns, 2.3701 ns/op
OverheadActual   6: 8192 op, 18958.00 ns, 2.3142 ns/op
OverheadActual   7: 8192 op, 25584.00 ns, 3.1230 ns/op
OverheadActual   8: 8192 op, 16041.00 ns, 1.9581 ns/op
OverheadActual   9: 8192 op, 19417.00 ns, 2.3702 ns/op
OverheadActual  10: 8192 op, 19541.00 ns, 2.3854 ns/op
OverheadActual  11: 8192 op, 20000.00 ns, 2.4414 ns/op
OverheadActual  12: 8192 op, 19833.00 ns, 2.4210 ns/op
OverheadActual  13: 8192 op, 16208.00 ns, 1.9785 ns/op
OverheadActual  14: 8192 op, 20750.00 ns, 2.5330 ns/op
OverheadActual  15: 8192 op, 16333.00 ns, 1.9938 ns/op
OverheadActual  16: 8192 op, 20834.00 ns, 2.5432 ns/op
OverheadActual  17: 8192 op, 16208.00 ns, 1.9785 ns/op
OverheadActual  18: 8192 op, 15834.00 ns, 1.9329 ns/op
OverheadActual  19: 8192 op, 15959.00 ns, 1.9481 ns/op
OverheadActual  20: 8192 op, 16166.00 ns, 1.9734 ns/op

WorkloadWarmup   1: 8192 op, 532547667.00 ns, 65.0083 us/op
WorkloadWarmup   2: 8192 op, 530596208.00 ns, 64.7700 us/op
WorkloadWarmup   3: 8192 op, 533790708.00 ns, 65.1600 us/op
WorkloadWarmup   4: 8192 op, 531339166.00 ns, 64.8607 us/op
WorkloadWarmup   5: 8192 op, 529278791.00 ns, 64.6092 us/op
WorkloadWarmup   6: 8192 op, 529073625.00 ns, 64.5842 us/op
WorkloadWarmup   7: 8192 op, 529152375.00 ns, 64.5938 us/op
WorkloadWarmup   8: 8192 op, 529239459.00 ns, 64.6044 us/op
WorkloadWarmup   9: 8192 op, 527996250.00 ns, 64.4527 us/op

// BeforeActualRun
WorkloadActual   1: 8192 op, 531232833.00 ns, 64.8478 us/op
WorkloadActual   2: 8192 op, 530851000.00 ns, 64.8011 us/op
WorkloadActual   3: 8192 op, 530924500.00 ns, 64.8101 us/op
WorkloadActual   4: 8192 op, 532009042.00 ns, 64.9425 us/op
WorkloadActual   5: 8192 op, 532025291.00 ns, 64.9445 us/op
WorkloadActual   6: 8192 op, 530213708.00 ns, 64.7234 us/op
WorkloadActual   7: 8192 op, 529358042.00 ns, 64.6189 us/op
WorkloadActual   8: 8192 op, 527434875.00 ns, 64.3841 us/op
WorkloadActual   9: 8192 op, 529256500.00 ns, 64.6065 us/op
WorkloadActual  10: 8192 op, 528641875.00 ns, 64.5315 us/op
WorkloadActual  11: 8192 op, 528570292.00 ns, 64.5227 us/op
WorkloadActual  12: 8192 op, 531454167.00 ns, 64.8748 us/op
WorkloadActual  13: 8192 op, 533111250.00 ns, 65.0771 us/op
WorkloadActual  14: 8192 op, 530093167.00 ns, 64.7086 us/op
WorkloadActual  15: 8192 op, 531326209.00 ns, 64.8592 us/op

// AfterActualRun
WorkloadResult   1: 8192 op, 531215187.50 ns, 64.8456 us/op
WorkloadResult   2: 8192 op, 530833354.50 ns, 64.7990 us/op
WorkloadResult   3: 8192 op, 530906854.50 ns, 64.8080 us/op
WorkloadResult   4: 8192 op, 531991396.50 ns, 64.9404 us/op
WorkloadResult   5: 8192 op, 532007645.50 ns, 64.9423 us/op
WorkloadResult   6: 8192 op, 530196062.50 ns, 64.7212 us/op
WorkloadResult   7: 8192 op, 529340396.50 ns, 64.6167 us/op
WorkloadResult   8: 8192 op, 527417229.50 ns, 64.3820 us/op
WorkloadResult   9: 8192 op, 529238854.50 ns, 64.6044 us/op
WorkloadResult  10: 8192 op, 528624229.50 ns, 64.5293 us/op
WorkloadResult  11: 8192 op, 528552646.50 ns, 64.5206 us/op
WorkloadResult  12: 8192 op, 531436521.50 ns, 64.8726 us/op
WorkloadResult  13: 8192 op, 533093604.50 ns, 65.0749 us/op
WorkloadResult  14: 8192 op, 530075521.50 ns, 64.7065 us/op
WorkloadResult  15: 8192 op, 531308563.50 ns, 64.8570 us/op
// GC:  0 0 0 3015392 8192
// Threading:  0 0 8192

// AfterAll
// Benchmark Process 9173 has exited with code 0.

Mean = 64.748 μs, StdErr = 0.049 μs (0.08%), N = 15, StdDev = 0.189 μs
Min = 64.382 μs, Q1 = 64.611 μs, Median = 64.799 μs, Q3 = 64.865 μs, Max = 65.075 μs
IQR = 0.254 μs, LowerFence = 64.229 μs, UpperFence = 65.246 μs
ConfidenceInterval = [64.546 μs; 64.950 μs] (CI 99.9%), Margin = 0.202 μs (0.31% of Mean)
Skewness = -0.23, Kurtosis = 2.02, MValue = 2

// ** Remained 17 (47,2 %) benchmark(s) to run. Estimated finish 2026-03-26 11:57 (0h 12m from now) **
// **************************
// Benchmark: PhysicsBakeBenchmark.PhysicsRebake: DefaultJob [ObstacleCount=30, AgentCount=10, RegionCount=0]
// *** Execute ***
// Launch: 1 / 1
// Execute: dotnet 4601f3fe-6af5-4365-a3e6-5c0da9f493f5.dll --anonymousPipes 120 121 --benchmarkName "Deterministic.GameFramework.Navigation.Benchmarks.PhysicsBakeBenchmark.PhysicsRebake(ObstacleCount: 30, AgentCount: 10, RegionCount: 0)" --job Default --benchmarkId 19 in /Users/a1/Documents/GitHub/PizzaJam2026/Server/Framework/Benchmarks/Deterministic.GameFramework.Navigation.Benchmarks/bin/Release/net8.0/4601f3fe-6af5-4365-a3e6-5c0da9f493f5/bin/Release/net8.0
// Failed to set up high priority (Permission denied). In order to run benchmarks with high priority, make sure you have the right permissions.
// BeforeAnythingElse

// Benchmark Process Environment Information:
// BenchmarkDotNet v0.13.12
// Runtime=.NET 8.0.19 (8.0.1925.36514), Arm64 RyuJIT AdvSIMD
// GC=Concurrent Workstation
// HardwareIntrinsics=AdvSIMD,AES,CRC32,DP,RDM,SHA1,SHA256 VectorSize=128
// Job: DefaultJob

[ComponentId] Registered World -> Local(0) Stable(Stable(00000000-0000-0000-0000-000072b3622d))
[ComponentId] Registered Transform2D -> Local(1) Stable(Stable(aafea77a-2300-4eef-9ffc-071170bb9a26))
[ComponentId] Registered NavigationRegion2D -> Local(2) Stable(Stable(b7e2a1c3-4d56-4f89-a012-3e4f5a6b7c8d))
[ComponentId] Registered NavigationAgent2D -> Local(3) Stable(Stable(c8f3b2d4-5e67-4a90-b123-4f5a6b7c8d9e))
[ComponentId] Registered NavigationObstacle2D -> Local(4) Stable(Stable(d9a4c3e5-6f78-4b01-c234-5a6b7c8d9e0f))
[ComponentId] Registered NavigationWorld2D -> Local(5) Stable(Stable(ea5b4d6c-7f89-4012-d345-6a7b8c9d0e1f))
[ComponentId] Registered CharacterBody2D -> Local(6) Stable(Stable(1f3b7788-2947-4d66-9d33-1275d2757278))
[ComponentId] Registered Area2D -> Local(7) Stable(Stable(42ac8ac3-53d6-40ca-9f7e-5daee2548ba6))
[ComponentId] Registered StaticBody2D -> Local(8) Stable(Stable(56221147-3807-449e-8c88-e92544a47833))
[ComponentId] Registered RigidBody2D -> Local(9) Stable(Stable(8014592a-3375-4c07-ae29-598114227003))
[ComponentId] Registered CollisionShape2D -> Local(10) Stable(Stable(c9075775-7634-45e0-a006-037000784226))
[ComponentId] Registered PhysicsWorldState -> Local(11) Stable(Stable(fb4fe7e4-2244-48ea-9ec5-0a972a3861d4))
OverheadJitting  1: 1 op, 153208.00 ns, 153.2080 us/op
WorkloadJitting  1: 1 op, 26445292.00 ns, 26.4453 ms/op

OverheadJitting  2: 16 op, 236041.00 ns, 14.7526 us/op
WorkloadJitting  2: 16 op, 393492833.00 ns, 24.5933 ms/op

WorkloadPilot    1: 16 op, 86139208.00 ns, 5.3837 ms/op
WorkloadPilot    2: 32 op, 170436375.00 ns, 5.3261 ms/op
WorkloadPilot    3: 64 op, 333928625.00 ns, 5.2176 ms/op
WorkloadPilot    4: 128 op, 638744250.00 ns, 4.9902 ms/op

OverheadWarmup   1: 128 op, 1916.00 ns, 14.9688 ns/op
OverheadWarmup   2: 128 op, 1167.00 ns, 9.1172 ns/op
OverheadWarmup   3: 128 op, 333.00 ns, 2.6016 ns/op
OverheadWarmup   4: 128 op, 292.00 ns, 2.2812 ns/op
OverheadWarmup   5: 128 op, 1000.00 ns, 7.8125 ns/op
OverheadWarmup   6: 128 op, 291.00 ns, 2.2734 ns/op
OverheadWarmup   7: 128 op, 708.00 ns, 5.5312 ns/op
OverheadWarmup   8: 128 op, 292.00 ns, 2.2812 ns/op

OverheadActual   1: 128 op, 708.00 ns, 5.5312 ns/op
OverheadActual   2: 128 op, 375.00 ns, 2.9297 ns/op
OverheadActual   3: 128 op, 458.00 ns, 3.5781 ns/op
OverheadActual   4: 128 op, 458.00 ns, 3.5781 ns/op
OverheadActual   5: 128 op, 334.00 ns, 2.6094 ns/op
OverheadActual   6: 128 op, 666.00 ns, 5.2031 ns/op
OverheadActual   7: 128 op, 209.00 ns, 1.6328 ns/op
OverheadActual   8: 128 op, 292.00 ns, 2.2812 ns/op
OverheadActual   9: 128 op, 708.00 ns, 5.5312 ns/op
OverheadActual  10: 128 op, 500.00 ns, 3.9062 ns/op
OverheadActual  11: 128 op, 291.00 ns, 2.2734 ns/op
OverheadActual  12: 128 op, 292.00 ns, 2.2812 ns/op
OverheadActual  13: 128 op, 375.00 ns, 2.9297 ns/op
OverheadActual  14: 128 op, 916.00 ns, 7.1562 ns/op
OverheadActual  15: 128 op, 375.00 ns, 2.9297 ns/op
OverheadActual  16: 128 op, 1083.00 ns, 8.4609 ns/op
OverheadActual  17: 128 op, 1541.00 ns, 12.0391 ns/op
OverheadActual  18: 128 op, 500.00 ns, 3.9062 ns/op
OverheadActual  19: 128 op, 834.00 ns, 6.5156 ns/op
OverheadActual  20: 128 op, 250.00 ns, 1.9531 ns/op

WorkloadWarmup   1: 128 op, 638386209.00 ns, 4.9874 ms/op
WorkloadWarmup   2: 128 op, 645505875.00 ns, 5.0430 ms/op
WorkloadWarmup   3: 128 op, 647880125.00 ns, 5.0616 ms/op
WorkloadWarmup   4: 128 op, 645988958.00 ns, 5.0468 ms/op
WorkloadWarmup   5: 128 op, 646146250.00 ns, 5.0480 ms/op
WorkloadWarmup   6: 128 op, 650160167.00 ns, 5.0794 ms/op
WorkloadWarmup   7: 128 op, 641091375.00 ns, 5.0085 ms/op

// BeforeActualRun
WorkloadActual   1: 128 op, 640106250.00 ns, 5.0008 ms/op
WorkloadActual   2: 128 op, 643396958.00 ns, 5.0265 ms/op
WorkloadActual   3: 128 op, 641965959.00 ns, 5.0154 ms/op
WorkloadActual   4: 128 op, 642778041.00 ns, 5.0217 ms/op
WorkloadActual   5: 128 op, 649572500.00 ns, 5.0748 ms/op
WorkloadActual   6: 128 op, 645116625.00 ns, 5.0400 ms/op
WorkloadActual   7: 128 op, 644299542.00 ns, 5.0336 ms/op
WorkloadActual   8: 128 op, 643327792.00 ns, 5.0260 ms/op
WorkloadActual   9: 128 op, 638492292.00 ns, 4.9882 ms/op
WorkloadActual  10: 128 op, 639806167.00 ns, 4.9985 ms/op
WorkloadActual  11: 128 op, 639386250.00 ns, 4.9952 ms/op
WorkloadActual  12: 128 op, 637309709.00 ns, 4.9790 ms/op
WorkloadActual  13: 128 op, 642310084.00 ns, 5.0180 ms/op
WorkloadActual  14: 128 op, 641922333.00 ns, 5.0150 ms/op
WorkloadActual  15: 128 op, 641233458.00 ns, 5.0096 ms/op

// AfterActualRun
WorkloadResult   1: 128 op, 640105792.00 ns, 5.0008 ms/op
WorkloadResult   2: 128 op, 643396500.00 ns, 5.0265 ms/op
WorkloadResult   3: 128 op, 641965501.00 ns, 5.0154 ms/op
WorkloadResult   4: 128 op, 642777583.00 ns, 5.0217 ms/op
WorkloadResult   5: 128 op, 645116167.00 ns, 5.0400 ms/op
WorkloadResult   6: 128 op, 644299084.00 ns, 5.0336 ms/op
WorkloadResult   7: 128 op, 643327334.00 ns, 5.0260 ms/op
WorkloadResult   8: 128 op, 638491834.00 ns, 4.9882 ms/op
WorkloadResult   9: 128 op, 639805709.00 ns, 4.9985 ms/op
WorkloadResult  10: 128 op, 639385792.00 ns, 4.9952 ms/op
WorkloadResult  11: 128 op, 637309251.00 ns, 4.9790 ms/op
WorkloadResult  12: 128 op, 642309626.00 ns, 5.0180 ms/op
WorkloadResult  13: 128 op, 641921875.00 ns, 5.0150 ms/op
WorkloadResult  14: 128 op, 641233000.00 ns, 5.0096 ms/op
// GC:  100 50 0 843372256 128
// Threading:  0 0 128

// AfterAll
// Benchmark Process 9174 has exited with code 0.

Mean = 5.012 ms, StdErr = 0.005 ms (0.09%), N = 14, StdDev = 0.018 ms
Min = 4.979 ms, Q1 = 4.999 ms, Median = 5.015 ms, Q3 = 5.025 ms, Max = 5.040 ms
IQR = 0.026 ms, LowerFence = 4.960 ms, UpperFence = 5.064 ms
ConfidenceInterval = [4.992 ms; 5.032 ms] (CI 99.9%), Margin = 0.020 ms (0.40% of Mean)
Skewness = -0.24, Kurtosis = 1.88, MValue = 2

// ** Remained 16 (44,4 %) benchmark(s) to run. Estimated finish 2026-03-26 11:56 (0h 11m from now) **
// **************************
// Benchmark: PhysicsBakeBenchmark.PhysicsRebake_WithRegions: DefaultJob [ObstacleCount=30, AgentCount=10, RegionCount=0]
// *** Execute ***
// Launch: 1 / 1
// Execute: dotnet 4601f3fe-6af5-4365-a3e6-5c0da9f493f5.dll --anonymousPipes 120 121 --benchmarkName "Deterministic.GameFramework.Navigation.Benchmarks.PhysicsBakeBenchmark.PhysicsRebake_WithRegions(ObstacleCount: 30, AgentCount: 10, RegionCount: 0)" --job Default --benchmarkId 20 in /Users/a1/Documents/GitHub/PizzaJam2026/Server/Framework/Benchmarks/Deterministic.GameFramework.Navigation.Benchmarks/bin/Release/net8.0/4601f3fe-6af5-4365-a3e6-5c0da9f493f5/bin/Release/net8.0
// Failed to set up high priority (Permission denied). In order to run benchmarks with high priority, make sure you have the right permissions.
// BeforeAnythingElse

// Benchmark Process Environment Information:
// BenchmarkDotNet v0.13.12
// Runtime=.NET 8.0.19 (8.0.1925.36514), Arm64 RyuJIT AdvSIMD
// GC=Concurrent Workstation
// HardwareIntrinsics=AdvSIMD,AES,CRC32,DP,RDM,SHA1,SHA256 VectorSize=128
// Job: DefaultJob

[ComponentId] Registered World -> Local(0) Stable(Stable(00000000-0000-0000-0000-000072b3622d))
[ComponentId] Registered Transform2D -> Local(1) Stable(Stable(aafea77a-2300-4eef-9ffc-071170bb9a26))
[ComponentId] Registered NavigationRegion2D -> Local(2) Stable(Stable(b7e2a1c3-4d56-4f89-a012-3e4f5a6b7c8d))
[ComponentId] Registered NavigationAgent2D -> Local(3) Stable(Stable(c8f3b2d4-5e67-4a90-b123-4f5a6b7c8d9e))
[ComponentId] Registered NavigationObstacle2D -> Local(4) Stable(Stable(d9a4c3e5-6f78-4b01-c234-5a6b7c8d9e0f))
[ComponentId] Registered NavigationWorld2D -> Local(5) Stable(Stable(ea5b4d6c-7f89-4012-d345-6a7b8c9d0e1f))
[ComponentId] Registered CharacterBody2D -> Local(6) Stable(Stable(1f3b7788-2947-4d66-9d33-1275d2757278))
[ComponentId] Registered Area2D -> Local(7) Stable(Stable(42ac8ac3-53d6-40ca-9f7e-5daee2548ba6))
[ComponentId] Registered StaticBody2D -> Local(8) Stable(Stable(56221147-3807-449e-8c88-e92544a47833))
[ComponentId] Registered RigidBody2D -> Local(9) Stable(Stable(8014592a-3375-4c07-ae29-598114227003))
[ComponentId] Registered CollisionShape2D -> Local(10) Stable(Stable(c9075775-7634-45e0-a006-037000784226))
[ComponentId] Registered PhysicsWorldState -> Local(11) Stable(Stable(fb4fe7e4-2244-48ea-9ec5-0a972a3861d4))
OverheadJitting  1: 1 op, 159375.00 ns, 159.3750 us/op
WorkloadJitting  1: 1 op, 209000.00 ns, 209.0000 us/op

OverheadJitting  2: 16 op, 127708.00 ns, 7.9817 us/op
WorkloadJitting  2: 16 op, 106750.00 ns, 6.6719 us/op

WorkloadPilot    1: 16 op, 333.00 ns, 20.8125 ns/op
WorkloadPilot    2: 32 op, 375.00 ns, 11.7188 ns/op
WorkloadPilot    3: 64 op, 625.00 ns, 9.7656 ns/op
WorkloadPilot    4: 128 op, 1083.00 ns, 8.4609 ns/op
WorkloadPilot    5: 256 op, 2042.00 ns, 7.9766 ns/op
WorkloadPilot    6: 512 op, 4000.00 ns, 7.8125 ns/op
WorkloadPilot    7: 1024 op, 7625.00 ns, 7.4463 ns/op
WorkloadPilot    8: 2048 op, 15542.00 ns, 7.5889 ns/op
WorkloadPilot    9: 4096 op, 30667.00 ns, 7.4871 ns/op
WorkloadPilot   10: 8192 op, 64916.00 ns, 7.9243 ns/op
WorkloadPilot   11: 16384 op, 103375.00 ns, 6.3095 ns/op
WorkloadPilot   12: 32768 op, 166542.00 ns, 5.0825 ns/op
WorkloadPilot   13: 65536 op, 296416.00 ns, 4.5229 ns/op
WorkloadPilot   14: 131072 op, 519458.00 ns, 3.9632 ns/op
WorkloadPilot   15: 262144 op, 982083.00 ns, 3.7463 ns/op
WorkloadPilot   16: 524288 op, 1944708.00 ns, 3.7092 ns/op
WorkloadPilot   17: 1048576 op, 3902375.00 ns, 3.7216 ns/op
WorkloadPilot   18: 2097152 op, 7694834.00 ns, 3.6692 ns/op
WorkloadPilot   19: 4194304 op, 15304625.00 ns, 3.6489 ns/op
WorkloadPilot   20: 8388608 op, 30702167.00 ns, 3.6600 ns/op
WorkloadPilot   21: 16777216 op, 49767792.00 ns, 2.9664 ns/op
WorkloadPilot   22: 33554432 op, 56192292.00 ns, 1.6747 ns/op
WorkloadPilot   23: 67108864 op, 111899542.00 ns, 1.6674 ns/op
WorkloadPilot   24: 134217728 op, 223326459.00 ns, 1.6639 ns/op
WorkloadPilot   25: 268435456 op, 448950708.00 ns, 1.6725 ns/op
WorkloadPilot   26: 536870912 op, 892939292.00 ns, 1.6632 ns/op

OverheadWarmup   1: 536870912 op, 666233500.00 ns, 1.2410 ns/op
OverheadWarmup   2: 536870912 op, 570934666.00 ns, 1.0634 ns/op
OverheadWarmup   3: 536870912 op, 572277834.00 ns, 1.0660 ns/op
OverheadWarmup   4: 536870912 op, 570857834.00 ns, 1.0633 ns/op
OverheadWarmup   5: 536870912 op, 571815833.00 ns, 1.0651 ns/op
OverheadWarmup   6: 536870912 op, 571314125.00 ns, 1.0642 ns/op

OverheadActual   1: 536870912 op, 570523000.00 ns, 1.0627 ns/op
OverheadActual   2: 536870912 op, 568971750.00 ns, 1.0598 ns/op
OverheadActual   3: 536870912 op, 568922583.00 ns, 1.0597 ns/op
OverheadActual   4: 536870912 op, 569613542.00 ns, 1.0610 ns/op
OverheadActual   5: 536870912 op, 571633083.00 ns, 1.0647 ns/op
OverheadActual   6: 536870912 op, 571496084.00 ns, 1.0645 ns/op
OverheadActual   7: 536870912 op, 571732125.00 ns, 1.0649 ns/op
OverheadActual   8: 536870912 op, 571365875.00 ns, 1.0643 ns/op
OverheadActual   9: 536870912 op, 571750500.00 ns, 1.0650 ns/op
OverheadActual  10: 536870912 op, 574888958.00 ns, 1.0708 ns/op
OverheadActual  11: 536870912 op, 570442875.00 ns, 1.0625 ns/op
OverheadActual  12: 536870912 op, 569393958.00 ns, 1.0606 ns/op
OverheadActual  13: 536870912 op, 568998917.00 ns, 1.0598 ns/op
OverheadActual  14: 536870912 op, 568773791.00 ns, 1.0594 ns/op
OverheadActual  15: 536870912 op, 568093541.00 ns, 1.0582 ns/op

WorkloadWarmup   1: 536870912 op, 896644833.00 ns, 1.6701 ns/op
WorkloadWarmup   2: 536870912 op, 898883042.00 ns, 1.6743 ns/op
WorkloadWarmup   3: 536870912 op, 897582750.00 ns, 1.6719 ns/op
WorkloadWarmup   4: 536870912 op, 897391291.00 ns, 1.6715 ns/op
WorkloadWarmup   5: 536870912 op, 893990792.00 ns, 1.6652 ns/op
WorkloadWarmup   6: 536870912 op, 893246792.00 ns, 1.6638 ns/op
WorkloadWarmup   7: 536870912 op, 895147208.00 ns, 1.6673 ns/op
WorkloadWarmup   8: 536870912 op, 899918708.00 ns, 1.6762 ns/op
WorkloadWarmup   9: 536870912 op, 897277250.00 ns, 1.6713 ns/op

// BeforeActualRun
WorkloadActual   1: 536870912 op, 896906917.00 ns, 1.6706 ns/op
WorkloadActual   2: 536870912 op, 894313000.00 ns, 1.6658 ns/op
WorkloadActual   3: 536870912 op, 892668459.00 ns, 1.6627 ns/op
WorkloadActual   4: 536870912 op, 893465792.00 ns, 1.6642 ns/op
WorkloadActual   5: 536870912 op, 897342958.00 ns, 1.6714 ns/op
WorkloadActual   6: 536870912 op, 897287041.00 ns, 1.6713 ns/op
WorkloadActual   7: 536870912 op, 901561041.00 ns, 1.6793 ns/op
WorkloadActual   8: 536870912 op, 894936750.00 ns, 1.6669 ns/op
WorkloadActual   9: 536870912 op, 892232917.00 ns, 1.6619 ns/op
WorkloadActual  10: 536870912 op, 894761000.00 ns, 1.6666 ns/op
WorkloadActual  11: 536870912 op, 896252000.00 ns, 1.6694 ns/op
WorkloadActual  12: 536870912 op, 895962250.00 ns, 1.6689 ns/op
WorkloadActual  13: 536870912 op, 897758750.00 ns, 1.6722 ns/op
WorkloadActual  14: 536870912 op, 893781250.00 ns, 1.6648 ns/op
WorkloadActual  15: 536870912 op, 891931250.00 ns, 1.6614 ns/op

// AfterActualRun
WorkloadResult   1: 536870912 op, 326464042.00 ns, 0.6081 ns/op
WorkloadResult   2: 536870912 op, 323870125.00 ns, 0.6033 ns/op
WorkloadResult   3: 536870912 op, 322225584.00 ns, 0.6002 ns/op
WorkloadResult   4: 536870912 op, 323022917.00 ns, 0.6017 ns/op
WorkloadResult   5: 536870912 op, 326900083.00 ns, 0.6089 ns/op
WorkloadResult   6: 536870912 op, 326844166.00 ns, 0.6088 ns/op
WorkloadResult   7: 536870912 op, 331118166.00 ns, 0.6168 ns/op
WorkloadResult   8: 536870912 op, 324493875.00 ns, 0.6044 ns/op
WorkloadResult   9: 536870912 op, 321790042.00 ns, 0.5994 ns/op
WorkloadResult  10: 536870912 op, 324318125.00 ns, 0.6041 ns/op
WorkloadResult  11: 536870912 op, 325809125.00 ns, 0.6069 ns/op
WorkloadResult  12: 536870912 op, 325519375.00 ns, 0.6063 ns/op
WorkloadResult  13: 536870912 op, 327315875.00 ns, 0.6097 ns/op
WorkloadResult  14: 536870912 op, 323338375.00 ns, 0.6023 ns/op
WorkloadResult  15: 536870912 op, 321488375.00 ns, 0.5988 ns/op
// GC:  0 0 0 736 536870912
// Threading:  0 0 536870912

// AfterAll
// Benchmark Process 9175 has exited with code 0.

Mean = 0.605 ns, StdErr = 0.001 ns (0.20%), N = 15, StdDev = 0.005 ns
Min = 0.599 ns, Q1 = 0.602 ns, Median = 0.604 ns, Q3 = 0.608 ns, Max = 0.617 ns
IQR = 0.006 ns, LowerFence = 0.592 ns, UpperFence = 0.618 ns
ConfidenceInterval = [0.600 ns; 0.610 ns] (CI 99.9%), Margin = 0.005 ns (0.84% of Mean)
Skewness = 0.62, Kurtosis = 2.82, MValue = 2

// ** Remained 15 (41,7 %) benchmark(s) to run. Estimated finish 2026-03-26 11:56 (0h 10m from now) **
// **************************
// Benchmark: PhysicsBakeBenchmark.SteadyState: DefaultJob [ObstacleCount=30, AgentCount=10, RegionCount=4]
// *** Execute ***
// Launch: 1 / 1
// Execute: dotnet 4601f3fe-6af5-4365-a3e6-5c0da9f493f5.dll --anonymousPipes 120 121 --benchmarkName "Deterministic.GameFramework.Navigation.Benchmarks.PhysicsBakeBenchmark.SteadyState(ObstacleCount: 30, AgentCount: 10, RegionCount: 4)" --job Default --benchmarkId 21 in /Users/a1/Documents/GitHub/PizzaJam2026/Server/Framework/Benchmarks/Deterministic.GameFramework.Navigation.Benchmarks/bin/Release/net8.0/4601f3fe-6af5-4365-a3e6-5c0da9f493f5/bin/Release/net8.0
// Failed to set up high priority (Permission denied). In order to run benchmarks with high priority, make sure you have the right permissions.
// BeforeAnythingElse

// Benchmark Process Environment Information:
// BenchmarkDotNet v0.13.12
// Runtime=.NET 8.0.19 (8.0.1925.36514), Arm64 RyuJIT AdvSIMD
// GC=Concurrent Workstation
// HardwareIntrinsics=AdvSIMD,AES,CRC32,DP,RDM,SHA1,SHA256 VectorSize=128
// Job: DefaultJob

[ComponentId] Registered World -> Local(0) Stable(Stable(00000000-0000-0000-0000-000072b3622d))
[ComponentId] Registered Transform2D -> Local(1) Stable(Stable(aafea77a-2300-4eef-9ffc-071170bb9a26))
[ComponentId] Registered NavigationRegion2D -> Local(2) Stable(Stable(b7e2a1c3-4d56-4f89-a012-3e4f5a6b7c8d))
[ComponentId] Registered NavigationAgent2D -> Local(3) Stable(Stable(c8f3b2d4-5e67-4a90-b123-4f5a6b7c8d9e))
[ComponentId] Registered NavigationObstacle2D -> Local(4) Stable(Stable(d9a4c3e5-6f78-4b01-c234-5a6b7c8d9e0f))
[ComponentId] Registered NavigationWorld2D -> Local(5) Stable(Stable(ea5b4d6c-7f89-4012-d345-6a7b8c9d0e1f))
[ComponentId] Registered CharacterBody2D -> Local(6) Stable(Stable(1f3b7788-2947-4d66-9d33-1275d2757278))
[ComponentId] Registered Area2D -> Local(7) Stable(Stable(42ac8ac3-53d6-40ca-9f7e-5daee2548ba6))
[ComponentId] Registered StaticBody2D -> Local(8) Stable(Stable(56221147-3807-449e-8c88-e92544a47833))
[ComponentId] Registered RigidBody2D -> Local(9) Stable(Stable(8014592a-3375-4c07-ae29-598114227003))
[ComponentId] Registered CollisionShape2D -> Local(10) Stable(Stable(c9075775-7634-45e0-a006-037000784226))
[ComponentId] Registered PhysicsWorldState -> Local(11) Stable(Stable(fb4fe7e4-2244-48ea-9ec5-0a972a3861d4))
OverheadJitting  1: 1 op, 109666.00 ns, 109.6660 us/op
WorkloadJitting  1: 1 op, 888541.00 ns, 888.5410 us/op

OverheadJitting  2: 16 op, 187625.00 ns, 11.7266 us/op
WorkloadJitting  2: 16 op, 8611667.00 ns, 538.2292 us/op

WorkloadPilot    1: 16 op, 8469042.00 ns, 529.3151 us/op
WorkloadPilot    2: 32 op, 16966917.00 ns, 530.2162 us/op
WorkloadPilot    3: 64 op, 33753709.00 ns, 527.4017 us/op
WorkloadPilot    4: 128 op, 67393834.00 ns, 526.5143 us/op
WorkloadPilot    5: 256 op, 50916000.00 ns, 198.8906 us/op
WorkloadPilot    6: 512 op, 46543208.00 ns, 90.9047 us/op
WorkloadPilot    7: 1024 op, 82033166.00 ns, 80.1105 us/op
WorkloadPilot    8: 2048 op, 146269667.00 ns, 71.4207 us/op
WorkloadPilot    9: 4096 op, 269907500.00 ns, 65.8954 us/op
WorkloadPilot   10: 8192 op, 532991958.00 ns, 65.0625 us/op

OverheadWarmup   1: 8192 op, 17083.00 ns, 2.0853 ns/op
OverheadWarmup   2: 8192 op, 16250.00 ns, 1.9836 ns/op
OverheadWarmup   3: 8192 op, 16125.00 ns, 1.9684 ns/op
OverheadWarmup   4: 8192 op, 16292.00 ns, 1.9888 ns/op
OverheadWarmup   5: 8192 op, 19417.00 ns, 2.3702 ns/op
OverheadWarmup   6: 8192 op, 21833.00 ns, 2.6652 ns/op
OverheadWarmup   7: 8192 op, 18875.00 ns, 2.3041 ns/op
OverheadWarmup   8: 8192 op, 20708.00 ns, 2.5278 ns/op
OverheadWarmup   9: 8192 op, 21834.00 ns, 2.6653 ns/op
OverheadWarmup  10: 8192 op, 16417.00 ns, 2.0040 ns/op

OverheadActual   1: 8192 op, 16959.00 ns, 2.0702 ns/op
OverheadActual   2: 8192 op, 15833.00 ns, 1.9327 ns/op
OverheadActual   3: 8192 op, 15959.00 ns, 1.9481 ns/op
OverheadActual   4: 8192 op, 16250.00 ns, 1.9836 ns/op
OverheadActual   5: 8192 op, 16208.00 ns, 1.9785 ns/op
OverheadActual   6: 8192 op, 16125.00 ns, 1.9684 ns/op
OverheadActual   7: 8192 op, 16500.00 ns, 2.0142 ns/op
OverheadActual   8: 8192 op, 16166.00 ns, 1.9734 ns/op
OverheadActual   9: 8192 op, 16083.00 ns, 1.9633 ns/op
OverheadActual  10: 8192 op, 20916.00 ns, 2.5532 ns/op
OverheadActual  11: 8192 op, 16125.00 ns, 1.9684 ns/op
OverheadActual  12: 8192 op, 16042.00 ns, 1.9583 ns/op
OverheadActual  13: 8192 op, 20625.00 ns, 2.5177 ns/op
OverheadActual  14: 8192 op, 16750.00 ns, 2.0447 ns/op
OverheadActual  15: 8192 op, 20250.00 ns, 2.4719 ns/op

WorkloadWarmup   1: 8192 op, 533745500.00 ns, 65.1545 us/op
WorkloadWarmup   2: 8192 op, 532041500.00 ns, 64.9465 us/op
WorkloadWarmup   3: 8192 op, 532505042.00 ns, 65.0031 us/op
WorkloadWarmup   4: 8192 op, 532781625.00 ns, 65.0368 us/op
WorkloadWarmup   5: 8192 op, 532726541.00 ns, 65.0301 us/op
WorkloadWarmup   6: 8192 op, 531922583.00 ns, 64.9320 us/op
WorkloadWarmup   7: 8192 op, 530894875.00 ns, 64.8065 us/op
WorkloadWarmup   8: 8192 op, 530866958.00 ns, 64.8031 us/op
WorkloadWarmup   9: 8192 op, 533920625.00 ns, 65.1759 us/op
WorkloadWarmup  10: 8192 op, 534505625.00 ns, 65.2473 us/op
WorkloadWarmup  11: 8192 op, 534171375.00 ns, 65.2065 us/op

// BeforeActualRun
WorkloadActual   1: 8192 op, 533375333.00 ns, 65.1093 us/op
WorkloadActual   2: 8192 op, 542699834.00 ns, 66.2475 us/op
WorkloadActual   3: 8192 op, 533454292.00 ns, 65.1189 us/op
WorkloadActual   4: 8192 op, 530739792.00 ns, 64.7876 us/op
WorkloadActual   5: 8192 op, 531945958.00 ns, 64.9348 us/op
WorkloadActual   6: 8192 op, 531700750.00 ns, 64.9049 us/op
WorkloadActual   7: 8192 op, 534260083.00 ns, 65.2173 us/op
WorkloadActual   8: 8192 op, 532341375.00 ns, 64.9831 us/op
WorkloadActual   9: 8192 op, 534902458.00 ns, 65.2957 us/op
WorkloadActual  10: 8192 op, 534121416.00 ns, 65.2004 us/op
WorkloadActual  11: 8192 op, 535791834.00 ns, 65.4043 us/op
WorkloadActual  12: 8192 op, 533241750.00 ns, 65.0930 us/op
WorkloadActual  13: 8192 op, 537704167.00 ns, 65.6377 us/op
WorkloadActual  14: 8192 op, 531534333.00 ns, 64.8846 us/op
WorkloadActual  15: 8192 op, 530078834.00 ns, 64.7069 us/op

// AfterActualRun
WorkloadResult   1: 8192 op, 533359125.00 ns, 65.1073 us/op
WorkloadResult   2: 8192 op, 533438084.00 ns, 65.1170 us/op
WorkloadResult   3: 8192 op, 530723584.00 ns, 64.7856 us/op
WorkloadResult   4: 8192 op, 531929750.00 ns, 64.9328 us/op
WorkloadResult   5: 8192 op, 531684542.00 ns, 64.9029 us/op
WorkloadResult   6: 8192 op, 534243875.00 ns, 65.2153 us/op
WorkloadResult   7: 8192 op, 532325167.00 ns, 64.9811 us/op
WorkloadResult   8: 8192 op, 534886250.00 ns, 65.2937 us/op
WorkloadResult   9: 8192 op, 534105208.00 ns, 65.1984 us/op
WorkloadResult  10: 8192 op, 535775626.00 ns, 65.4023 us/op
WorkloadResult  11: 8192 op, 533225542.00 ns, 65.0910 us/op
WorkloadResult  12: 8192 op, 537687959.00 ns, 65.6357 us/op
WorkloadResult  13: 8192 op, 531518125.00 ns, 64.8826 us/op
WorkloadResult  14: 8192 op, 530062626.00 ns, 64.7049 us/op
// GC:  0 0 0 4391648 8192
// Threading:  0 0 8192

// AfterAll
// Benchmark Process 9176 has exited with code 0.

Mean = 65.089 μs, StdErr = 0.067 μs (0.10%), N = 14, StdDev = 0.251 μs
Min = 64.705 μs, Q1 = 64.910 μs, Median = 65.099 μs, Q3 = 65.211 μs, Max = 65.636 μs
IQR = 0.301 μs, LowerFence = 64.459 μs, UpperFence = 65.662 μs
ConfidenceInterval = [64.806 μs; 65.373 μs] (CI 99.9%), Margin = 0.283 μs (0.44% of Mean)
Skewness = 0.45, Kurtosis = 2.42, MValue = 2

// ** Remained 14 (38,9 %) benchmark(s) to run. Estimated finish 2026-03-26 11:55 (0h 9m from now) **
// **************************
// Benchmark: PhysicsBakeBenchmark.PhysicsRebake: DefaultJob [ObstacleCount=30, AgentCount=10, RegionCount=4]
// *** Execute ***
// Launch: 1 / 1
// Execute: dotnet 4601f3fe-6af5-4365-a3e6-5c0da9f493f5.dll --anonymousPipes 120 121 --benchmarkName "Deterministic.GameFramework.Navigation.Benchmarks.PhysicsBakeBenchmark.PhysicsRebake(ObstacleCount: 30, AgentCount: 10, RegionCount: 4)" --job Default --benchmarkId 22 in /Users/a1/Documents/GitHub/PizzaJam2026/Server/Framework/Benchmarks/Deterministic.GameFramework.Navigation.Benchmarks/bin/Release/net8.0/4601f3fe-6af5-4365-a3e6-5c0da9f493f5/bin/Release/net8.0
// Failed to set up high priority (Permission denied). In order to run benchmarks with high priority, make sure you have the right permissions.
// BeforeAnythingElse

// Benchmark Process Environment Information:
// BenchmarkDotNet v0.13.12
// Runtime=.NET 8.0.19 (8.0.1925.36514), Arm64 RyuJIT AdvSIMD
// GC=Concurrent Workstation
// HardwareIntrinsics=AdvSIMD,AES,CRC32,DP,RDM,SHA1,SHA256 VectorSize=128
// Job: DefaultJob

[ComponentId] Registered World -> Local(0) Stable(Stable(00000000-0000-0000-0000-000072b3622d))
[ComponentId] Registered Transform2D -> Local(1) Stable(Stable(aafea77a-2300-4eef-9ffc-071170bb9a26))
[ComponentId] Registered NavigationRegion2D -> Local(2) Stable(Stable(b7e2a1c3-4d56-4f89-a012-3e4f5a6b7c8d))
[ComponentId] Registered NavigationAgent2D -> Local(3) Stable(Stable(c8f3b2d4-5e67-4a90-b123-4f5a6b7c8d9e))
[ComponentId] Registered NavigationObstacle2D -> Local(4) Stable(Stable(d9a4c3e5-6f78-4b01-c234-5a6b7c8d9e0f))
[ComponentId] Registered NavigationWorld2D -> Local(5) Stable(Stable(ea5b4d6c-7f89-4012-d345-6a7b8c9d0e1f))
[ComponentId] Registered CharacterBody2D -> Local(6) Stable(Stable(1f3b7788-2947-4d66-9d33-1275d2757278))
[ComponentId] Registered Area2D -> Local(7) Stable(Stable(42ac8ac3-53d6-40ca-9f7e-5daee2548ba6))
[ComponentId] Registered StaticBody2D -> Local(8) Stable(Stable(56221147-3807-449e-8c88-e92544a47833))
[ComponentId] Registered RigidBody2D -> Local(9) Stable(Stable(8014592a-3375-4c07-ae29-598114227003))
[ComponentId] Registered CollisionShape2D -> Local(10) Stable(Stable(c9075775-7634-45e0-a006-037000784226))
[ComponentId] Registered PhysicsWorldState -> Local(11) Stable(Stable(fb4fe7e4-2244-48ea-9ec5-0a972a3861d4))
OverheadJitting  1: 1 op, 119250.00 ns, 119.2500 us/op
WorkloadJitting  1: 1 op, 189621416.00 ns, 189.6214 ms/op

WorkloadPilot    1: 2 op, 349816375.00 ns, 174.9082 ms/op
WorkloadPilot    2: 3 op, 333380625.00 ns, 111.1269 ms/op
WorkloadPilot    3: 4 op, 456366625.00 ns, 114.0917 ms/op
WorkloadPilot    4: 5 op, 559523708.00 ns, 111.9047 ms/op

WorkloadWarmup   1: 5 op, 557379917.00 ns, 111.4760 ms/op
WorkloadWarmup   2: 5 op, 557631333.00 ns, 111.5263 ms/op
WorkloadWarmup   3: 5 op, 556536541.00 ns, 111.3073 ms/op
WorkloadWarmup   4: 5 op, 557934041.00 ns, 111.5868 ms/op
WorkloadWarmup   5: 5 op, 556125917.00 ns, 111.2252 ms/op
WorkloadWarmup   6: 5 op, 554555875.00 ns, 110.9112 ms/op

// BeforeActualRun
WorkloadActual   1: 5 op, 554450875.00 ns, 110.8902 ms/op
WorkloadActual   2: 5 op, 554780625.00 ns, 110.9561 ms/op
WorkloadActual   3: 5 op, 555381833.00 ns, 111.0764 ms/op
WorkloadActual   4: 5 op, 695533667.00 ns, 139.1067 ms/op
WorkloadActual   5: 5 op, 909786459.00 ns, 181.9573 ms/op
WorkloadActual   6: 5 op, 905338208.00 ns, 181.0676 ms/op
WorkloadActual   7: 5 op, 900895292.00 ns, 180.1791 ms/op
WorkloadActual   8: 5 op, 898974542.00 ns, 179.7949 ms/op
WorkloadActual   9: 5 op, 900927167.00 ns, 180.1854 ms/op
WorkloadActual  10: 5 op, 902996459.00 ns, 180.5993 ms/op
WorkloadActual  11: 5 op, 905454708.00 ns, 181.0909 ms/op
WorkloadActual  12: 5 op, 913060667.00 ns, 182.6121 ms/op
WorkloadActual  13: 5 op, 902504083.00 ns, 180.5008 ms/op
WorkloadActual  14: 5 op, 900681167.00 ns, 180.1362 ms/op
WorkloadActual  15: 5 op, 902772416.00 ns, 180.5545 ms/op
WorkloadActual  16: 5 op, 913980791.00 ns, 182.7962 ms/op
WorkloadActual  17: 5 op, 913916000.00 ns, 182.7832 ms/op
WorkloadActual  18: 5 op, 907770125.00 ns, 181.5540 ms/op
WorkloadActual  19: 5 op, 908201500.00 ns, 181.6403 ms/op
WorkloadActual  20: 5 op, 901468375.00 ns, 180.2937 ms/op
WorkloadActual  21: 5 op, 904729667.00 ns, 180.9459 ms/op
WorkloadActual  22: 5 op, 901581583.00 ns, 180.3163 ms/op
WorkloadActual  23: 5 op, 899818416.00 ns, 179.9637 ms/op
WorkloadActual  24: 5 op, 897785917.00 ns, 179.5572 ms/op
WorkloadActual  25: 5 op, 899564083.00 ns, 179.9128 ms/op
WorkloadActual  26: 5 op, 895901667.00 ns, 179.1803 ms/op
WorkloadActual  27: 5 op, 899709334.00 ns, 179.9419 ms/op
WorkloadActual  28: 5 op, 896100125.00 ns, 179.2200 ms/op
WorkloadActual  29: 5 op, 942324500.00 ns, 188.4649 ms/op
WorkloadActual  30: 5 op, 930938334.00 ns, 186.1877 ms/op
WorkloadActual  31: 5 op, 908767708.00 ns, 181.7535 ms/op
WorkloadActual  32: 5 op, 902918208.00 ns, 180.5836 ms/op
WorkloadActual  33: 5 op, 923791625.00 ns, 184.7583 ms/op
WorkloadActual  34: 5 op, 921505333.00 ns, 184.3011 ms/op
WorkloadActual  35: 5 op, 909634208.00 ns, 181.9268 ms/op
WorkloadActual  36: 5 op, 909754666.00 ns, 181.9509 ms/op
WorkloadActual  37: 5 op, 913286416.00 ns, 182.6573 ms/op
WorkloadActual  38: 5 op, 909549500.00 ns, 181.9099 ms/op
WorkloadActual  39: 5 op, 911433000.00 ns, 182.2866 ms/op
WorkloadActual  40: 5 op, 911133541.00 ns, 182.2267 ms/op
WorkloadActual  41: 5 op, 915148583.00 ns, 183.0297 ms/op
WorkloadActual  42: 5 op, 911234000.00 ns, 182.2468 ms/op
WorkloadActual  43: 5 op, 906138916.00 ns, 181.2278 ms/op
WorkloadActual  44: 5 op, 904277083.00 ns, 180.8554 ms/op
WorkloadActual  45: 5 op, 905320375.00 ns, 181.0641 ms/op
WorkloadActual  46: 5 op, 911554125.00 ns, 182.3108 ms/op
WorkloadActual  47: 5 op, 914242125.00 ns, 182.8484 ms/op
WorkloadActual  48: 5 op, 914051042.00 ns, 182.8102 ms/op
WorkloadActual  49: 5 op, 914899375.00 ns, 182.9799 ms/op
WorkloadActual  50: 5 op, 914287583.00 ns, 182.8575 ms/op
WorkloadActual  51: 5 op, 911325792.00 ns, 182.2652 ms/op
WorkloadActual  52: 5 op, 909200500.00 ns, 181.8401 ms/op
WorkloadActual  53: 5 op, 912850417.00 ns, 182.5701 ms/op
WorkloadActual  54: 5 op, 913886375.00 ns, 182.7773 ms/op
WorkloadActual  55: 5 op, 914291375.00 ns, 182.8583 ms/op
WorkloadActual  56: 5 op, 913256584.00 ns, 182.6513 ms/op
WorkloadActual  57: 5 op, 906740083.00 ns, 181.3480 ms/op
WorkloadActual  58: 5 op, 907103833.00 ns, 181.4208 ms/op
WorkloadActual  59: 5 op, 907802792.00 ns, 181.5606 ms/op
WorkloadActual  60: 5 op, 907027250.00 ns, 181.4055 ms/op
WorkloadActual  61: 5 op, 911412917.00 ns, 182.2826 ms/op
WorkloadActual  62: 5 op, 911717416.00 ns, 182.3435 ms/op
WorkloadActual  63: 5 op, 910692500.00 ns, 182.1385 ms/op
WorkloadActual  64: 5 op, 905338416.00 ns, 181.0677 ms/op
WorkloadActual  65: 5 op, 909196666.00 ns, 181.8393 ms/op
WorkloadActual  66: 5 op, 931648458.00 ns, 186.3297 ms/op
WorkloadActual  67: 5 op, 931404375.00 ns, 186.2809 ms/op
WorkloadActual  68: 5 op, 1044654125.00 ns, 208.9308 ms/op
WorkloadActual  69: 5 op, 924257083.00 ns, 184.8514 ms/op
WorkloadActual  70: 5 op, 925490791.00 ns, 185.0982 ms/op
WorkloadActual  71: 5 op, 916663459.00 ns, 183.3327 ms/op
WorkloadActual  72: 5 op, 911722042.00 ns, 182.3444 ms/op
WorkloadActual  73: 5 op, 906511292.00 ns, 181.3023 ms/op
WorkloadActual  74: 5 op, 904328250.00 ns, 180.8656 ms/op
WorkloadActual  75: 5 op, 908423625.00 ns, 181.6847 ms/op
WorkloadActual  76: 5 op, 912548042.00 ns, 182.5096 ms/op
WorkloadActual  77: 5 op, 919307167.00 ns, 183.8614 ms/op
WorkloadActual  78: 5 op, 907602250.00 ns, 181.5205 ms/op
WorkloadActual  79: 5 op, 907064291.00 ns, 181.4129 ms/op
WorkloadActual  80: 5 op, 901786833.00 ns, 180.3574 ms/op
WorkloadActual  81: 5 op, 902641541.00 ns, 180.5283 ms/op
WorkloadActual  82: 5 op, 904632041.00 ns, 180.9264 ms/op
WorkloadActual  83: 5 op, 915673625.00 ns, 183.1347 ms/op
WorkloadActual  84: 5 op, 904990584.00 ns, 180.9981 ms/op
WorkloadActual  85: 5 op, 902126292.00 ns, 180.4253 ms/op
WorkloadActual  86: 5 op, 900836000.00 ns, 180.1672 ms/op
WorkloadActual  87: 5 op, 900858666.00 ns, 180.1717 ms/op
WorkloadActual  88: 5 op, 899557625.00 ns, 179.9115 ms/op
WorkloadActual  89: 5 op, 906525042.00 ns, 181.3050 ms/op
WorkloadActual  90: 5 op, 906432708.00 ns, 181.2865 ms/op
WorkloadActual  91: 5 op, 997012292.00 ns, 199.4025 ms/op
WorkloadActual  92: 5 op, 989813625.00 ns, 197.9627 ms/op
WorkloadActual  93: 5 op, 904585375.00 ns, 180.9171 ms/op
WorkloadActual  94: 5 op, 908344041.00 ns, 181.6688 ms/op
WorkloadActual  95: 5 op, 909276041.00 ns, 181.8552 ms/op
WorkloadActual  96: 5 op, 904101208.00 ns, 180.8202 ms/op
WorkloadActual  97: 5 op, 904280042.00 ns, 180.8560 ms/op
WorkloadActual  98: 5 op, 919341542.00 ns, 183.8683 ms/op
WorkloadActual  99: 5 op, 909607583.00 ns, 181.9215 ms/op
WorkloadActual  100: 5 op, 899636125.00 ns, 179.9272 ms/op

// AfterActualRun
WorkloadResult   1: 5 op, 554450875.00 ns, 110.8902 ms/op
WorkloadResult   2: 5 op, 554780625.00 ns, 110.9561 ms/op
WorkloadResult   3: 5 op, 555381833.00 ns, 111.0764 ms/op
WorkloadResult   4: 5 op, 695533667.00 ns, 139.1067 ms/op
WorkloadResult   5: 5 op, 909786459.00 ns, 181.9573 ms/op
WorkloadResult   6: 5 op, 905338208.00 ns, 181.0676 ms/op
WorkloadResult   7: 5 op, 900895292.00 ns, 180.1791 ms/op
WorkloadResult   8: 5 op, 898974542.00 ns, 179.7949 ms/op
WorkloadResult   9: 5 op, 900927167.00 ns, 180.1854 ms/op
WorkloadResult  10: 5 op, 902996459.00 ns, 180.5993 ms/op
WorkloadResult  11: 5 op, 905454708.00 ns, 181.0909 ms/op
WorkloadResult  12: 5 op, 913060667.00 ns, 182.6121 ms/op
WorkloadResult  13: 5 op, 902504083.00 ns, 180.5008 ms/op
WorkloadResult  14: 5 op, 900681167.00 ns, 180.1362 ms/op
WorkloadResult  15: 5 op, 902772416.00 ns, 180.5545 ms/op
WorkloadResult  16: 5 op, 913980791.00 ns, 182.7962 ms/op
WorkloadResult  17: 5 op, 913916000.00 ns, 182.7832 ms/op
WorkloadResult  18: 5 op, 907770125.00 ns, 181.5540 ms/op
WorkloadResult  19: 5 op, 908201500.00 ns, 181.6403 ms/op
WorkloadResult  20: 5 op, 901468375.00 ns, 180.2937 ms/op
WorkloadResult  21: 5 op, 904729667.00 ns, 180.9459 ms/op
WorkloadResult  22: 5 op, 901581583.00 ns, 180.3163 ms/op
WorkloadResult  23: 5 op, 899818416.00 ns, 179.9637 ms/op
WorkloadResult  24: 5 op, 897785917.00 ns, 179.5572 ms/op
WorkloadResult  25: 5 op, 899564083.00 ns, 179.9128 ms/op
WorkloadResult  26: 5 op, 895901667.00 ns, 179.1803 ms/op
WorkloadResult  27: 5 op, 899709334.00 ns, 179.9419 ms/op
WorkloadResult  28: 5 op, 896100125.00 ns, 179.2200 ms/op
WorkloadResult  29: 5 op, 908767708.00 ns, 181.7535 ms/op
WorkloadResult  30: 5 op, 902918208.00 ns, 180.5836 ms/op
WorkloadResult  31: 5 op, 923791625.00 ns, 184.7583 ms/op
WorkloadResult  32: 5 op, 921505333.00 ns, 184.3011 ms/op
WorkloadResult  33: 5 op, 909634208.00 ns, 181.9268 ms/op
WorkloadResult  34: 5 op, 909754666.00 ns, 181.9509 ms/op
WorkloadResult  35: 5 op, 913286416.00 ns, 182.6573 ms/op
WorkloadResult  36: 5 op, 909549500.00 ns, 181.9099 ms/op
WorkloadResult  37: 5 op, 911433000.00 ns, 182.2866 ms/op
WorkloadResult  38: 5 op, 911133541.00 ns, 182.2267 ms/op
WorkloadResult  39: 5 op, 915148583.00 ns, 183.0297 ms/op
WorkloadResult  40: 5 op, 911234000.00 ns, 182.2468 ms/op
WorkloadResult  41: 5 op, 906138916.00 ns, 181.2278 ms/op
WorkloadResult  42: 5 op, 904277083.00 ns, 180.8554 ms/op
WorkloadResult  43: 5 op, 905320375.00 ns, 181.0641 ms/op
WorkloadResult  44: 5 op, 911554125.00 ns, 182.3108 ms/op
WorkloadResult  45: 5 op, 914242125.00 ns, 182.8484 ms/op
WorkloadResult  46: 5 op, 914051042.00 ns, 182.8102 ms/op
WorkloadResult  47: 5 op, 914899375.00 ns, 182.9799 ms/op
WorkloadResult  48: 5 op, 914287583.00 ns, 182.8575 ms/op
WorkloadResult  49: 5 op, 911325792.00 ns, 182.2652 ms/op
WorkloadResult  50: 5 op, 909200500.00 ns, 181.8401 ms/op
WorkloadResult  51: 5 op, 912850417.00 ns, 182.5701 ms/op
WorkloadResult  52: 5 op, 913886375.00 ns, 182.7773 ms/op
WorkloadResult  53: 5 op, 914291375.00 ns, 182.8583 ms/op
WorkloadResult  54: 5 op, 913256584.00 ns, 182.6513 ms/op
WorkloadResult  55: 5 op, 906740083.00 ns, 181.3480 ms/op
WorkloadResult  56: 5 op, 907103833.00 ns, 181.4208 ms/op
WorkloadResult  57: 5 op, 907802792.00 ns, 181.5606 ms/op
WorkloadResult  58: 5 op, 907027250.00 ns, 181.4055 ms/op
WorkloadResult  59: 5 op, 911412917.00 ns, 182.2826 ms/op
WorkloadResult  60: 5 op, 911717416.00 ns, 182.3435 ms/op
WorkloadResult  61: 5 op, 910692500.00 ns, 182.1385 ms/op
WorkloadResult  62: 5 op, 905338416.00 ns, 181.0677 ms/op
WorkloadResult  63: 5 op, 909196666.00 ns, 181.8393 ms/op
WorkloadResult  64: 5 op, 924257083.00 ns, 184.8514 ms/op
WorkloadResult  65: 5 op, 925490791.00 ns, 185.0982 ms/op
WorkloadResult  66: 5 op, 916663459.00 ns, 183.3327 ms/op
WorkloadResult  67: 5 op, 911722042.00 ns, 182.3444 ms/op
WorkloadResult  68: 5 op, 906511292.00 ns, 181.3023 ms/op
WorkloadResult  69: 5 op, 904328250.00 ns, 180.8656 ms/op
WorkloadResult  70: 5 op, 908423625.00 ns, 181.6847 ms/op
WorkloadResult  71: 5 op, 912548042.00 ns, 182.5096 ms/op
WorkloadResult  72: 5 op, 919307167.00 ns, 183.8614 ms/op
WorkloadResult  73: 5 op, 907602250.00 ns, 181.5205 ms/op
WorkloadResult  74: 5 op, 907064291.00 ns, 181.4129 ms/op
WorkloadResult  75: 5 op, 901786833.00 ns, 180.3574 ms/op
WorkloadResult  76: 5 op, 902641541.00 ns, 180.5283 ms/op
WorkloadResult  77: 5 op, 904632041.00 ns, 180.9264 ms/op
WorkloadResult  78: 5 op, 915673625.00 ns, 183.1347 ms/op
WorkloadResult  79: 5 op, 904990584.00 ns, 180.9981 ms/op
WorkloadResult  80: 5 op, 902126292.00 ns, 180.4253 ms/op
WorkloadResult  81: 5 op, 900836000.00 ns, 180.1672 ms/op
WorkloadResult  82: 5 op, 900858666.00 ns, 180.1717 ms/op
WorkloadResult  83: 5 op, 899557625.00 ns, 179.9115 ms/op
WorkloadResult  84: 5 op, 906525042.00 ns, 181.3050 ms/op
WorkloadResult  85: 5 op, 906432708.00 ns, 181.2865 ms/op
WorkloadResult  86: 5 op, 904585375.00 ns, 180.9171 ms/op
WorkloadResult  87: 5 op, 908344041.00 ns, 181.6688 ms/op
WorkloadResult  88: 5 op, 909276041.00 ns, 181.8552 ms/op
WorkloadResult  89: 5 op, 904101208.00 ns, 180.8202 ms/op
WorkloadResult  90: 5 op, 904280042.00 ns, 180.8560 ms/op
WorkloadResult  91: 5 op, 919341542.00 ns, 183.8683 ms/op
WorkloadResult  92: 5 op, 909607583.00 ns, 181.9215 ms/op
WorkloadResult  93: 5 op, 899636125.00 ns, 179.9272 ms/op
// GC:  5 3 1 47497624 5
// Threading:  0 0 5

// AfterAll
// Benchmark Process 9177 has exited with code 0.

Mean = 178.877 ms, StdErr = 1.377 ms (0.77%), N = 93, StdDev = 13.278 ms
Min = 110.890 ms, Q1 = 180.528 ms, Median = 181.421 ms, Q3 = 182.343 ms, Max = 185.098 ms
IQR = 1.815 ms, LowerFence = 177.806 ms, UpperFence = 185.066 ms
ConfidenceInterval = [174.197 ms; 183.558 ms] (CI 99.9%), Margin = 4.681 ms (2.62% of Mean)
Skewness = -4.59, Kurtosis = 22.93, MValue = 2

// ** Remained 13 (36,1 %) benchmark(s) to run. Estimated finish 2026-03-26 11:57 (0h 9m from now) **
// **************************
// Benchmark: PhysicsBakeBenchmark.PhysicsRebake_WithRegions: DefaultJob [ObstacleCount=30, AgentCount=10, RegionCount=4]
// *** Execute ***
// Launch: 1 / 1
// Execute: dotnet 4601f3fe-6af5-4365-a3e6-5c0da9f493f5.dll --anonymousPipes 120 121 --benchmarkName "Deterministic.GameFramework.Navigation.Benchmarks.PhysicsBakeBenchmark.PhysicsRebake_WithRegions(ObstacleCount: 30, AgentCount: 10, RegionCount: 4)" --job Default --benchmarkId 23 in /Users/a1/Documents/GitHub/PizzaJam2026/Server/Framework/Benchmarks/Deterministic.GameFramework.Navigation.Benchmarks/bin/Release/net8.0/4601f3fe-6af5-4365-a3e6-5c0da9f493f5/bin/Release/net8.0
// Failed to set up high priority (Permission denied). In order to run benchmarks with high priority, make sure you have the right permissions.
// BeforeAnythingElse

// Benchmark Process Environment Information:
// BenchmarkDotNet v0.13.12
// Runtime=.NET 8.0.19 (8.0.1925.36514), Arm64 RyuJIT AdvSIMD
// GC=Concurrent Workstation
// HardwareIntrinsics=AdvSIMD,AES,CRC32,DP,RDM,SHA1,SHA256 VectorSize=128
// Job: DefaultJob

[ComponentId] Registered World -> Local(0) Stable(Stable(00000000-0000-0000-0000-000072b3622d))
[ComponentId] Registered Transform2D -> Local(1) Stable(Stable(aafea77a-2300-4eef-9ffc-071170bb9a26))
[ComponentId] Registered NavigationRegion2D -> Local(2) Stable(Stable(b7e2a1c3-4d56-4f89-a012-3e4f5a6b7c8d))
[ComponentId] Registered NavigationAgent2D -> Local(3) Stable(Stable(c8f3b2d4-5e67-4a90-b123-4f5a6b7c8d9e))
[ComponentId] Registered NavigationObstacle2D -> Local(4) Stable(Stable(d9a4c3e5-6f78-4b01-c234-5a6b7c8d9e0f))
[ComponentId] Registered NavigationWorld2D -> Local(5) Stable(Stable(ea5b4d6c-7f89-4012-d345-6a7b8c9d0e1f))
[ComponentId] Registered CharacterBody2D -> Local(6) Stable(Stable(1f3b7788-2947-4d66-9d33-1275d2757278))
[ComponentId] Registered Area2D -> Local(7) Stable(Stable(42ac8ac3-53d6-40ca-9f7e-5daee2548ba6))
[ComponentId] Registered StaticBody2D -> Local(8) Stable(Stable(56221147-3807-449e-8c88-e92544a47833))
[ComponentId] Registered RigidBody2D -> Local(9) Stable(Stable(8014592a-3375-4c07-ae29-598114227003))
[ComponentId] Registered CollisionShape2D -> Local(10) Stable(Stable(c9075775-7634-45e0-a006-037000784226))
[ComponentId] Registered PhysicsWorldState -> Local(11) Stable(Stable(fb4fe7e4-2244-48ea-9ec5-0a972a3861d4))
OverheadJitting  1: 1 op, 103833.00 ns, 103.8330 us/op
WorkloadJitting  1: 1 op, 193522083.00 ns, 193.5221 ms/op

WorkloadPilot    1: 2 op, 371467541.00 ns, 185.7338 ms/op
WorkloadPilot    2: 3 op, 369499458.00 ns, 123.1665 ms/op
WorkloadPilot    3: 4 op, 442810833.00 ns, 110.7027 ms/op
WorkloadPilot    4: 5 op, 555714042.00 ns, 111.1428 ms/op

WorkloadWarmup   1: 5 op, 553593542.00 ns, 110.7187 ms/op
WorkloadWarmup   2: 5 op, 555563791.00 ns, 111.1128 ms/op
WorkloadWarmup   3: 5 op, 554554250.00 ns, 110.9108 ms/op
WorkloadWarmup   4: 5 op, 558763375.00 ns, 111.7527 ms/op
WorkloadWarmup   5: 5 op, 557896709.00 ns, 111.5793 ms/op
WorkloadWarmup   6: 5 op, 560506417.00 ns, 112.1013 ms/op

// BeforeActualRun
WorkloadActual   1: 5 op, 557015959.00 ns, 111.4032 ms/op
WorkloadActual   2: 5 op, 573831167.00 ns, 114.7662 ms/op
WorkloadActual   3: 5 op, 554626167.00 ns, 110.9252 ms/op
WorkloadActual   4: 5 op, 803684667.00 ns, 160.7369 ms/op
WorkloadActual   5: 5 op, 1306467875.00 ns, 261.2936 ms/op
WorkloadActual   6: 5 op, 1537903541.00 ns, 307.5807 ms/op
WorkloadActual   7: 5 op, 1536516417.00 ns, 307.3033 ms/op
WorkloadActual   8: 5 op, 1405725333.00 ns, 281.1451 ms/op
WorkloadActual   9: 5 op, 1023199084.00 ns, 204.6398 ms/op
WorkloadActual  10: 5 op, 1333000750.00 ns, 266.6001 ms/op
WorkloadActual  11: 5 op, 1159038167.00 ns, 231.8076 ms/op
WorkloadActual  12: 5 op, 1572788958.00 ns, 314.5578 ms/op
WorkloadActual  13: 5 op, 1416068958.00 ns, 283.2138 ms/op
WorkloadActual  14: 5 op, 1408006250.00 ns, 281.6012 ms/op
WorkloadActual  15: 5 op, 1472425625.00 ns, 294.4851 ms/op
WorkloadActual  16: 5 op, 1260483500.00 ns, 252.0967 ms/op
WorkloadActual  17: 5 op, 1249883042.00 ns, 249.9766 ms/op
WorkloadActual  18: 5 op, 1234112583.00 ns, 246.8225 ms/op
WorkloadActual  19: 5 op, 1020220708.00 ns, 204.0441 ms/op
WorkloadActual  20: 5 op, 993396500.00 ns, 198.6793 ms/op
WorkloadActual  21: 5 op, 963324708.00 ns, 192.6649 ms/op
WorkloadActual  22: 5 op, 935889500.00 ns, 187.1779 ms/op
WorkloadActual  23: 5 op, 933622833.00 ns, 186.7246 ms/op
WorkloadActual  24: 5 op, 930610500.00 ns, 186.1221 ms/op
WorkloadActual  25: 5 op, 929959875.00 ns, 185.9920 ms/op
WorkloadActual  26: 5 op, 943377500.00 ns, 188.6755 ms/op
WorkloadActual  27: 5 op, 943071208.00 ns, 188.6142 ms/op
WorkloadActual  28: 5 op, 929454083.00 ns, 185.8908 ms/op
WorkloadActual  29: 5 op, 929917833.00 ns, 185.9836 ms/op
WorkloadActual  30: 5 op, 932079542.00 ns, 186.4159 ms/op
WorkloadActual  31: 5 op, 937195792.00 ns, 187.4392 ms/op
WorkloadActual  32: 5 op, 930052000.00 ns, 186.0104 ms/op
WorkloadActual  33: 5 op, 930090583.00 ns, 186.0181 ms/op
WorkloadActual  34: 5 op, 916999333.00 ns, 183.3999 ms/op
WorkloadActual  35: 5 op, 910560708.00 ns, 182.1121 ms/op
WorkloadActual  36: 5 op, 910024958.00 ns, 182.0050 ms/op
WorkloadActual  37: 5 op, 911121625.00 ns, 182.2243 ms/op
WorkloadActual  38: 5 op, 916257041.00 ns, 183.2514 ms/op
WorkloadActual  39: 5 op, 916983542.00 ns, 183.3967 ms/op
WorkloadActual  40: 5 op, 910576958.00 ns, 182.1154 ms/op
WorkloadActual  41: 5 op, 907268084.00 ns, 181.4536 ms/op
WorkloadActual  42: 5 op, 909963958.00 ns, 181.9928 ms/op
WorkloadActual  43: 5 op, 913410334.00 ns, 182.6821 ms/op
WorkloadActual  44: 5 op, 913620959.00 ns, 182.7242 ms/op
WorkloadActual  45: 5 op, 912055375.00 ns, 182.4111 ms/op
WorkloadActual  46: 5 op, 908607750.00 ns, 181.7216 ms/op
WorkloadActual  47: 5 op, 910661416.00 ns, 182.1323 ms/op
WorkloadActual  48: 5 op, 914556083.00 ns, 182.9112 ms/op
WorkloadActual  49: 5 op, 912616250.00 ns, 182.5232 ms/op
WorkloadActual  50: 5 op, 913157166.00 ns, 182.6314 ms/op
WorkloadActual  51: 5 op, 909697041.00 ns, 181.9394 ms/op
WorkloadActual  52: 5 op, 908241334.00 ns, 181.6483 ms/op
WorkloadActual  53: 5 op, 913613250.00 ns, 182.7226 ms/op
WorkloadActual  54: 5 op, 914268708.00 ns, 182.8537 ms/op
WorkloadActual  55: 5 op, 912696959.00 ns, 182.5394 ms/op
WorkloadActual  56: 5 op, 918128125.00 ns, 183.6256 ms/op
WorkloadActual  57: 5 op, 911942167.00 ns, 182.3884 ms/op
WorkloadActual  58: 5 op, 917982583.00 ns, 183.5965 ms/op
WorkloadActual  59: 5 op, 923767958.00 ns, 184.7536 ms/op
WorkloadActual  60: 5 op, 922495209.00 ns, 184.4990 ms/op
WorkloadActual  61: 5 op, 915362875.00 ns, 183.0726 ms/op
WorkloadActual  62: 5 op, 920287500.00 ns, 184.0575 ms/op
WorkloadActual  63: 5 op, 916078791.00 ns, 183.2158 ms/op
WorkloadActual  64: 5 op, 917288375.00 ns, 183.4577 ms/op
WorkloadActual  65: 5 op, 918148459.00 ns, 183.6297 ms/op
WorkloadActual  66: 5 op, 920301417.00 ns, 184.0603 ms/op
WorkloadActual  67: 5 op, 916169042.00 ns, 183.2338 ms/op
WorkloadActual  68: 5 op, 914686208.00 ns, 182.9372 ms/op
WorkloadActual  69: 5 op, 916579959.00 ns, 183.3160 ms/op
WorkloadActual  70: 5 op, 922498416.00 ns, 184.4997 ms/op
WorkloadActual  71: 5 op, 905522916.00 ns, 181.1046 ms/op
WorkloadActual  72: 5 op, 904124500.00 ns, 180.8249 ms/op
WorkloadActual  73: 5 op, 909074583.00 ns, 181.8149 ms/op
WorkloadActual  74: 5 op, 915080792.00 ns, 183.0162 ms/op
WorkloadActual  75: 5 op, 913519625.00 ns, 182.7039 ms/op
WorkloadActual  76: 5 op, 950542541.00 ns, 190.1085 ms/op
WorkloadActual  77: 5 op, 956572584.00 ns, 191.3145 ms/op
WorkloadActual  78: 5 op, 934359458.00 ns, 186.8719 ms/op
WorkloadActual  79: 5 op, 919749625.00 ns, 183.9499 ms/op
WorkloadActual  80: 5 op, 918842042.00 ns, 183.7684 ms/op
WorkloadActual  81: 5 op, 988727917.00 ns, 197.7456 ms/op
WorkloadActual  82: 5 op, 1010597667.00 ns, 202.1195 ms/op
WorkloadActual  83: 5 op, 915232083.00 ns, 183.0464 ms/op
WorkloadActual  84: 5 op, 902859375.00 ns, 180.5719 ms/op
WorkloadActual  85: 5 op, 901534250.00 ns, 180.3068 ms/op
WorkloadActual  86: 5 op, 902422792.00 ns, 180.4846 ms/op
WorkloadActual  87: 5 op, 908618292.00 ns, 181.7237 ms/op
WorkloadActual  88: 5 op, 900478209.00 ns, 180.0956 ms/op
WorkloadActual  89: 5 op, 898817375.00 ns, 179.7635 ms/op
WorkloadActual  90: 5 op, 899665584.00 ns, 179.9331 ms/op
WorkloadActual  91: 5 op, 903106917.00 ns, 180.6214 ms/op
WorkloadActual  92: 5 op, 904601417.00 ns, 180.9203 ms/op
WorkloadActual  93: 5 op, 905665625.00 ns, 181.1331 ms/op
WorkloadActual  94: 5 op, 901531291.00 ns, 180.3063 ms/op
WorkloadActual  95: 5 op, 897649625.00 ns, 179.5299 ms/op
WorkloadActual  96: 5 op, 898906416.00 ns, 179.7813 ms/op
WorkloadActual  97: 5 op, 905186417.00 ns, 181.0373 ms/op
WorkloadActual  98: 5 op, 901389333.00 ns, 180.2779 ms/op
WorkloadActual  99: 5 op, 901520042.00 ns, 180.3040 ms/op
WorkloadActual  100: 5 op, 899365375.00 ns, 179.8731 ms/op

// AfterActualRun
WorkloadResult   1: 5 op, 557015959.00 ns, 111.4032 ms/op
WorkloadResult   2: 5 op, 573831167.00 ns, 114.7662 ms/op
WorkloadResult   3: 5 op, 554626167.00 ns, 110.9252 ms/op
WorkloadResult   4: 5 op, 803684667.00 ns, 160.7369 ms/op
WorkloadResult   5: 5 op, 963324708.00 ns, 192.6649 ms/op
WorkloadResult   6: 5 op, 935889500.00 ns, 187.1779 ms/op
WorkloadResult   7: 5 op, 933622833.00 ns, 186.7246 ms/op
WorkloadResult   8: 5 op, 930610500.00 ns, 186.1221 ms/op
WorkloadResult   9: 5 op, 929959875.00 ns, 185.9920 ms/op
WorkloadResult  10: 5 op, 943377500.00 ns, 188.6755 ms/op
WorkloadResult  11: 5 op, 943071208.00 ns, 188.6142 ms/op
WorkloadResult  12: 5 op, 929454083.00 ns, 185.8908 ms/op
WorkloadResult  13: 5 op, 929917833.00 ns, 185.9836 ms/op
WorkloadResult  14: 5 op, 932079542.00 ns, 186.4159 ms/op
WorkloadResult  15: 5 op, 937195792.00 ns, 187.4392 ms/op
WorkloadResult  16: 5 op, 930052000.00 ns, 186.0104 ms/op
WorkloadResult  17: 5 op, 930090583.00 ns, 186.0181 ms/op
WorkloadResult  18: 5 op, 916999333.00 ns, 183.3999 ms/op
WorkloadResult  19: 5 op, 910560708.00 ns, 182.1121 ms/op
WorkloadResult  20: 5 op, 910024958.00 ns, 182.0050 ms/op
WorkloadResult  21: 5 op, 911121625.00 ns, 182.2243 ms/op
WorkloadResult  22: 5 op, 916257041.00 ns, 183.2514 ms/op
WorkloadResult  23: 5 op, 916983542.00 ns, 183.3967 ms/op
WorkloadResult  24: 5 op, 910576958.00 ns, 182.1154 ms/op
WorkloadResult  25: 5 op, 907268084.00 ns, 181.4536 ms/op
WorkloadResult  26: 5 op, 909963958.00 ns, 181.9928 ms/op
WorkloadResult  27: 5 op, 913410334.00 ns, 182.6821 ms/op
WorkloadResult  28: 5 op, 913620959.00 ns, 182.7242 ms/op
WorkloadResult  29: 5 op, 912055375.00 ns, 182.4111 ms/op
WorkloadResult  30: 5 op, 908607750.00 ns, 181.7216 ms/op
WorkloadResult  31: 5 op, 910661416.00 ns, 182.1323 ms/op
WorkloadResult  32: 5 op, 914556083.00 ns, 182.9112 ms/op
WorkloadResult  33: 5 op, 912616250.00 ns, 182.5232 ms/op
WorkloadResult  34: 5 op, 913157166.00 ns, 182.6314 ms/op
WorkloadResult  35: 5 op, 909697041.00 ns, 181.9394 ms/op
WorkloadResult  36: 5 op, 908241334.00 ns, 181.6483 ms/op
WorkloadResult  37: 5 op, 913613250.00 ns, 182.7226 ms/op
WorkloadResult  38: 5 op, 914268708.00 ns, 182.8537 ms/op
WorkloadResult  39: 5 op, 912696959.00 ns, 182.5394 ms/op
WorkloadResult  40: 5 op, 918128125.00 ns, 183.6256 ms/op
WorkloadResult  41: 5 op, 911942167.00 ns, 182.3884 ms/op
WorkloadResult  42: 5 op, 917982583.00 ns, 183.5965 ms/op
WorkloadResult  43: 5 op, 923767958.00 ns, 184.7536 ms/op
WorkloadResult  44: 5 op, 922495209.00 ns, 184.4990 ms/op
WorkloadResult  45: 5 op, 915362875.00 ns, 183.0726 ms/op
WorkloadResult  46: 5 op, 920287500.00 ns, 184.0575 ms/op
WorkloadResult  47: 5 op, 916078791.00 ns, 183.2158 ms/op
WorkloadResult  48: 5 op, 917288375.00 ns, 183.4577 ms/op
WorkloadResult  49: 5 op, 918148459.00 ns, 183.6297 ms/op
WorkloadResult  50: 5 op, 920301417.00 ns, 184.0603 ms/op
WorkloadResult  51: 5 op, 916169042.00 ns, 183.2338 ms/op
WorkloadResult  52: 5 op, 914686208.00 ns, 182.9372 ms/op
WorkloadResult  53: 5 op, 916579959.00 ns, 183.3160 ms/op
WorkloadResult  54: 5 op, 922498416.00 ns, 184.4997 ms/op
WorkloadResult  55: 5 op, 905522916.00 ns, 181.1046 ms/op
WorkloadResult  56: 5 op, 904124500.00 ns, 180.8249 ms/op
WorkloadResult  57: 5 op, 909074583.00 ns, 181.8149 ms/op
WorkloadResult  58: 5 op, 915080792.00 ns, 183.0162 ms/op
WorkloadResult  59: 5 op, 913519625.00 ns, 182.7039 ms/op
WorkloadResult  60: 5 op, 950542541.00 ns, 190.1085 ms/op
WorkloadResult  61: 5 op, 956572584.00 ns, 191.3145 ms/op
WorkloadResult  62: 5 op, 934359458.00 ns, 186.8719 ms/op
WorkloadResult  63: 5 op, 919749625.00 ns, 183.9499 ms/op
WorkloadResult  64: 5 op, 918842042.00 ns, 183.7684 ms/op
WorkloadResult  65: 5 op, 915232083.00 ns, 183.0464 ms/op
WorkloadResult  66: 5 op, 902859375.00 ns, 180.5719 ms/op
WorkloadResult  67: 5 op, 901534250.00 ns, 180.3068 ms/op
WorkloadResult  68: 5 op, 902422792.00 ns, 180.4846 ms/op
WorkloadResult  69: 5 op, 908618292.00 ns, 181.7237 ms/op
WorkloadResult  70: 5 op, 900478209.00 ns, 180.0956 ms/op
WorkloadResult  71: 5 op, 898817375.00 ns, 179.7635 ms/op
WorkloadResult  72: 5 op, 899665584.00 ns, 179.9331 ms/op
WorkloadResult  73: 5 op, 903106917.00 ns, 180.6214 ms/op
WorkloadResult  74: 5 op, 904601417.00 ns, 180.9203 ms/op
WorkloadResult  75: 5 op, 905665625.00 ns, 181.1331 ms/op
WorkloadResult  76: 5 op, 901531291.00 ns, 180.3063 ms/op
WorkloadResult  77: 5 op, 897649625.00 ns, 179.5299 ms/op
WorkloadResult  78: 5 op, 898906416.00 ns, 179.7813 ms/op
WorkloadResult  79: 5 op, 905186417.00 ns, 181.0373 ms/op
WorkloadResult  80: 5 op, 901389333.00 ns, 180.2779 ms/op
WorkloadResult  81: 5 op, 901520042.00 ns, 180.3040 ms/op
WorkloadResult  82: 5 op, 899365375.00 ns, 179.8731 ms/op
// GC:  5 3 1 47497904 5
// Threading:  0 0 5

// AfterAll
// Benchmark Process 9959 has exited with code 0.

Mean = 180.421 ms, StdErr = 1.527 ms (0.85%), N = 82, StdDev = 13.830 ms
Min = 110.925 ms, Q1 = 181.112 ms, Median = 182.713 ms, Q3 = 184.031 ms, Max = 192.665 ms
IQR = 2.919 ms, LowerFence = 176.733 ms, UpperFence = 188.409 ms
ConfidenceInterval = [175.205 ms; 185.636 ms] (CI 99.9%), Margin = 5.215 ms (2.89% of Mean)
Skewness = -4.36, Kurtosis = 21.61, MValue = 2

// ** Remained 12 (33,3 %) benchmark(s) to run. Estimated finish 2026-03-26 11:58 (0h 9m from now) **
// **************************
// Benchmark: PhysicsBakeBenchmark.SteadyState: DefaultJob [ObstacleCount=60, AgentCount=3, RegionCount=0]
// *** Execute ***
// Launch: 1 / 1
// Execute: dotnet 4601f3fe-6af5-4365-a3e6-5c0da9f493f5.dll --anonymousPipes 120 121 --benchmarkName "Deterministic.GameFramework.Navigation.Benchmarks.PhysicsBakeBenchmark.SteadyState(ObstacleCount: 60, AgentCount: 3, RegionCount: 0)" --job Default --benchmarkId 24 in /Users/a1/Documents/GitHub/PizzaJam2026/Server/Framework/Benchmarks/Deterministic.GameFramework.Navigation.Benchmarks/bin/Release/net8.0/4601f3fe-6af5-4365-a3e6-5c0da9f493f5/bin/Release/net8.0
// Failed to set up high priority (Permission denied). In order to run benchmarks with high priority, make sure you have the right permissions.
// BeforeAnythingElse

// Benchmark Process Environment Information:
// BenchmarkDotNet v0.13.12
// Runtime=.NET 8.0.19 (8.0.1925.36514), Arm64 RyuJIT AdvSIMD
// GC=Concurrent Workstation
// HardwareIntrinsics=AdvSIMD,AES,CRC32,DP,RDM,SHA1,SHA256 VectorSize=128
// Job: DefaultJob

[ComponentId] Registered World -> Local(0) Stable(Stable(00000000-0000-0000-0000-000072b3622d))
[ComponentId] Registered Transform2D -> Local(1) Stable(Stable(aafea77a-2300-4eef-9ffc-071170bb9a26))
[ComponentId] Registered NavigationRegion2D -> Local(2) Stable(Stable(b7e2a1c3-4d56-4f89-a012-3e4f5a6b7c8d))
[ComponentId] Registered NavigationAgent2D -> Local(3) Stable(Stable(c8f3b2d4-5e67-4a90-b123-4f5a6b7c8d9e))
[ComponentId] Registered NavigationObstacle2D -> Local(4) Stable(Stable(d9a4c3e5-6f78-4b01-c234-5a6b7c8d9e0f))
[ComponentId] Registered NavigationWorld2D -> Local(5) Stable(Stable(ea5b4d6c-7f89-4012-d345-6a7b8c9d0e1f))
[ComponentId] Registered CharacterBody2D -> Local(6) Stable(Stable(1f3b7788-2947-4d66-9d33-1275d2757278))
[ComponentId] Registered Area2D -> Local(7) Stable(Stable(42ac8ac3-53d6-40ca-9f7e-5daee2548ba6))
[ComponentId] Registered StaticBody2D -> Local(8) Stable(Stable(56221147-3807-449e-8c88-e92544a47833))
[ComponentId] Registered RigidBody2D -> Local(9) Stable(Stable(8014592a-3375-4c07-ae29-598114227003))
[ComponentId] Registered CollisionShape2D -> Local(10) Stable(Stable(c9075775-7634-45e0-a006-037000784226))
[ComponentId] Registered PhysicsWorldState -> Local(11) Stable(Stable(fb4fe7e4-2244-48ea-9ec5-0a972a3861d4))
OverheadJitting  1: 1 op, 1042375.00 ns, 1.0424 ms/op
WorkloadJitting  1: 1 op, 405959.00 ns, 405.9590 us/op

OverheadJitting  2: 16 op, 152875.00 ns, 9.5547 us/op
WorkloadJitting  2: 16 op, 3224041.00 ns, 201.5026 us/op

WorkloadPilot    1: 16 op, 3074708.00 ns, 192.1693 us/op
WorkloadPilot    2: 32 op, 6169792.00 ns, 192.8060 us/op
WorkloadPilot    3: 64 op, 12171708.00 ns, 190.1829 us/op
WorkloadPilot    4: 128 op, 24506000.00 ns, 191.4531 us/op
WorkloadPilot    5: 256 op, 48189041.00 ns, 188.2384 us/op
WorkloadPilot    6: 512 op, 94964666.00 ns, 185.4779 us/op
WorkloadPilot    7: 1024 op, 126792000.00 ns, 123.8203 us/op
WorkloadPilot    8: 2048 op, 71454334.00 ns, 34.8898 us/op
WorkloadPilot    9: 4096 op, 105460291.00 ns, 25.7471 us/op
WorkloadPilot   10: 8192 op, 192633542.00 ns, 23.5148 us/op
WorkloadPilot   11: 16384 op, 388077208.00 ns, 23.6864 us/op
WorkloadPilot   12: 32768 op, 771703459.00 ns, 23.5505 us/op

OverheadWarmup   1: 32768 op, 65334.00 ns, 1.9938 ns/op
OverheadWarmup   2: 32768 op, 71959.00 ns, 2.1960 ns/op
OverheadWarmup   3: 32768 op, 66333.00 ns, 2.0243 ns/op
OverheadWarmup   4: 32768 op, 63500.00 ns, 1.9379 ns/op
OverheadWarmup   5: 32768 op, 64833.00 ns, 1.9785 ns/op
OverheadWarmup   6: 32768 op, 67541.00 ns, 2.0612 ns/op
OverheadWarmup   7: 32768 op, 64500.00 ns, 1.9684 ns/op

OverheadActual   1: 32768 op, 63125.00 ns, 1.9264 ns/op
OverheadActual   2: 32768 op, 71541.00 ns, 2.1833 ns/op
OverheadActual   3: 32768 op, 66500.00 ns, 2.0294 ns/op
OverheadActual   4: 32768 op, 63167.00 ns, 1.9277 ns/op
OverheadActual   5: 32768 op, 63792.00 ns, 1.9468 ns/op
OverheadActual   6: 32768 op, 66834.00 ns, 2.0396 ns/op
OverheadActual   7: 32768 op, 71583.00 ns, 2.1845 ns/op
OverheadActual   8: 32768 op, 64000.00 ns, 1.9531 ns/op
OverheadActual   9: 32768 op, 82000.00 ns, 2.5024 ns/op
OverheadActual  10: 32768 op, 69625.00 ns, 2.1248 ns/op
OverheadActual  11: 32768 op, 73209.00 ns, 2.2342 ns/op
OverheadActual  12: 32768 op, 74125.00 ns, 2.2621 ns/op
OverheadActual  13: 32768 op, 70541.00 ns, 2.1527 ns/op
OverheadActual  14: 32768 op, 70708.00 ns, 2.1578 ns/op
OverheadActual  15: 32768 op, 64000.00 ns, 1.9531 ns/op
OverheadActual  16: 32768 op, 69333.00 ns, 2.1159 ns/op
OverheadActual  17: 32768 op, 71125.00 ns, 2.1706 ns/op
OverheadActual  18: 32768 op, 69209.00 ns, 2.1121 ns/op
OverheadActual  19: 32768 op, 64042.00 ns, 1.9544 ns/op
OverheadActual  20: 32768 op, 66250.00 ns, 2.0218 ns/op

WorkloadWarmup   1: 32768 op, 771425792.00 ns, 23.5420 us/op
WorkloadWarmup   2: 32768 op, 772084958.00 ns, 23.5622 us/op
WorkloadWarmup   3: 32768 op, 771332500.00 ns, 23.5392 us/op
WorkloadWarmup   4: 32768 op, 771095583.00 ns, 23.5320 us/op
WorkloadWarmup   5: 32768 op, 772622875.00 ns, 23.5786 us/op
WorkloadWarmup   6: 32768 op, 776466125.00 ns, 23.6959 us/op
WorkloadWarmup   7: 32768 op, 775110166.00 ns, 23.6545 us/op

// BeforeActualRun
WorkloadActual   1: 32768 op, 769681458.00 ns, 23.4888 us/op
WorkloadActual   2: 32768 op, 771830250.00 ns, 23.5544 us/op
WorkloadActual   3: 32768 op, 769114166.00 ns, 23.4715 us/op
WorkloadActual   4: 32768 op, 768721958.00 ns, 23.4595 us/op
WorkloadActual   5: 32768 op, 771041708.00 ns, 23.5303 us/op
WorkloadActual   6: 32768 op, 766676416.00 ns, 23.3971 us/op
WorkloadActual   7: 32768 op, 768489750.00 ns, 23.4524 us/op
WorkloadActual   8: 32768 op, 789108166.00 ns, 24.0817 us/op
WorkloadActual   9: 32768 op, 831001000.00 ns, 25.3601 us/op
WorkloadActual  10: 32768 op, 926325959.00 ns, 28.2692 us/op
WorkloadActual  11: 32768 op, 902715750.00 ns, 27.5487 us/op
WorkloadActual  12: 32768 op, 968436916.00 ns, 29.5543 us/op
WorkloadActual  13: 32768 op, 818111709.00 ns, 24.9668 us/op
WorkloadActual  14: 32768 op, 771693833.00 ns, 23.5502 us/op
WorkloadActual  15: 32768 op, 770615042.00 ns, 23.5173 us/op
WorkloadActual  16: 32768 op, 771671667.00 ns, 23.5496 us/op
WorkloadActual  17: 32768 op, 770818584.00 ns, 23.5235 us/op
WorkloadActual  18: 32768 op, 774686083.00 ns, 23.6415 us/op
WorkloadActual  19: 32768 op, 781352709.00 ns, 23.8450 us/op
WorkloadActual  20: 32768 op, 772355542.00 ns, 23.5704 us/op
WorkloadActual  21: 32768 op, 768693708.00 ns, 23.4587 us/op

// AfterActualRun
WorkloadResult   1: 32768 op, 769612187.00 ns, 23.4867 us/op
WorkloadResult   2: 32768 op, 771760979.00 ns, 23.5523 us/op
WorkloadResult   3: 32768 op, 769044895.00 ns, 23.4694 us/op
WorkloadResult   4: 32768 op, 768652687.00 ns, 23.4574 us/op
WorkloadResult   5: 32768 op, 770972437.00 ns, 23.5282 us/op
WorkloadResult   6: 32768 op, 766607145.00 ns, 23.3950 us/op
WorkloadResult   7: 32768 op, 768420479.00 ns, 23.4503 us/op
WorkloadResult   8: 32768 op, 789038895.00 ns, 24.0796 us/op
WorkloadResult   9: 32768 op, 818042438.00 ns, 24.9647 us/op
WorkloadResult  10: 32768 op, 771624562.00 ns, 23.5481 us/op
WorkloadResult  11: 32768 op, 770545771.00 ns, 23.5152 us/op
WorkloadResult  12: 32768 op, 771602396.00 ns, 23.5474 us/op
WorkloadResult  13: 32768 op, 770749313.00 ns, 23.5214 us/op
WorkloadResult  14: 32768 op, 774616812.00 ns, 23.6394 us/op
WorkloadResult  15: 32768 op, 781283438.00 ns, 23.8429 us/op
WorkloadResult  16: 32768 op, 772286271.00 ns, 23.5683 us/op
WorkloadResult  17: 32768 op, 768624437.00 ns, 23.4566 us/op
// GC:  1 0 0 12059360 32768
// Threading:  0 0 32768

// AfterAll
// Benchmark Process 16810 has exited with code 0.

Mean = 23.648 μs, StdErr = 0.091 μs (0.39%), N = 17, StdDev = 0.377 μs
Min = 23.395 μs, Q1 = 23.469 μs, Median = 23.528 μs, Q3 = 23.568 μs, Max = 24.965 μs
IQR = 0.099 μs, LowerFence = 23.321 μs, UpperFence = 23.717 μs
ConfidenceInterval = [23.281 μs; 24.016 μs] (CI 99.9%), Margin = 0.367 μs (1.55% of Mean)
Skewness = 2.53, Kurtosis = 8.87, MValue = 2

// ** Remained 11 (30,6 %) benchmark(s) to run. Estimated finish 2026-03-26 11:58 (0h 8m from now) **
// **************************
// Benchmark: PhysicsBakeBenchmark.PhysicsRebake: DefaultJob [ObstacleCount=60, AgentCount=3, RegionCount=0]
// *** Execute ***
// Launch: 1 / 1
// Execute: dotnet 4601f3fe-6af5-4365-a3e6-5c0da9f493f5.dll --anonymousPipes 120 121 --benchmarkName "Deterministic.GameFramework.Navigation.Benchmarks.PhysicsBakeBenchmark.PhysicsRebake(ObstacleCount: 60, AgentCount: 3, RegionCount: 0)" --job Default --benchmarkId 25 in /Users/a1/Documents/GitHub/PizzaJam2026/Server/Framework/Benchmarks/Deterministic.GameFramework.Navigation.Benchmarks/bin/Release/net8.0/4601f3fe-6af5-4365-a3e6-5c0da9f493f5/bin/Release/net8.0
// Failed to set up high priority (Permission denied). In order to run benchmarks with high priority, make sure you have the right permissions.
// BeforeAnythingElse

// Benchmark Process Environment Information:
// BenchmarkDotNet v0.13.12
// Runtime=.NET 8.0.19 (8.0.1925.36514), Arm64 RyuJIT AdvSIMD
// GC=Concurrent Workstation
// HardwareIntrinsics=AdvSIMD,AES,CRC32,DP,RDM,SHA1,SHA256 VectorSize=128
// Job: DefaultJob

[ComponentId] Registered World -> Local(0) Stable(Stable(00000000-0000-0000-0000-000072b3622d))
[ComponentId] Registered Transform2D -> Local(1) Stable(Stable(aafea77a-2300-4eef-9ffc-071170bb9a26))
[ComponentId] Registered NavigationRegion2D -> Local(2) Stable(Stable(b7e2a1c3-4d56-4f89-a012-3e4f5a6b7c8d))
[ComponentId] Registered NavigationAgent2D -> Local(3) Stable(Stable(c8f3b2d4-5e67-4a90-b123-4f5a6b7c8d9e))
[ComponentId] Registered NavigationObstacle2D -> Local(4) Stable(Stable(d9a4c3e5-6f78-4b01-c234-5a6b7c8d9e0f))
[ComponentId] Registered NavigationWorld2D -> Local(5) Stable(Stable(ea5b4d6c-7f89-4012-d345-6a7b8c9d0e1f))
[ComponentId] Registered CharacterBody2D -> Local(6) Stable(Stable(1f3b7788-2947-4d66-9d33-1275d2757278))
[ComponentId] Registered Area2D -> Local(7) Stable(Stable(42ac8ac3-53d6-40ca-9f7e-5daee2548ba6))
[ComponentId] Registered StaticBody2D -> Local(8) Stable(Stable(56221147-3807-449e-8c88-e92544a47833))
[ComponentId] Registered RigidBody2D -> Local(9) Stable(Stable(8014592a-3375-4c07-ae29-598114227003))
[ComponentId] Registered CollisionShape2D -> Local(10) Stable(Stable(c9075775-7634-45e0-a006-037000784226))
[ComponentId] Registered PhysicsWorldState -> Local(11) Stable(Stable(fb4fe7e4-2244-48ea-9ec5-0a972a3861d4))
OverheadJitting  1: 1 op, 131750.00 ns, 131.7500 us/op
WorkloadJitting  1: 1 op, 27043334.00 ns, 27.0433 ms/op

OverheadJitting  2: 16 op, 221375.00 ns, 13.8359 us/op
WorkloadJitting  2: 16 op, 329844792.00 ns, 20.6153 ms/op

WorkloadPilot    1: 16 op, 78020958.00 ns, 4.8763 ms/op
WorkloadPilot    2: 32 op, 155939500.00 ns, 4.8731 ms/op
WorkloadPilot    3: 64 op, 312381042.00 ns, 4.8810 ms/op
WorkloadPilot    4: 128 op, 587991667.00 ns, 4.5937 ms/op

OverheadWarmup   1: 128 op, 1791.00 ns, 13.9922 ns/op
OverheadWarmup   2: 128 op, 667.00 ns, 5.2109 ns/op
OverheadWarmup   3: 128 op, 334.00 ns, 2.6094 ns/op
OverheadWarmup   4: 128 op, 750.00 ns, 5.8594 ns/op
OverheadWarmup   5: 128 op, 375.00 ns, 2.9297 ns/op
OverheadWarmup   6: 128 op, 375.00 ns, 2.9297 ns/op
OverheadWarmup   7: 128 op, 334.00 ns, 2.6094 ns/op

OverheadActual   1: 128 op, 583.00 ns, 4.5547 ns/op
OverheadActual   2: 128 op, 458.00 ns, 3.5781 ns/op
OverheadActual   3: 128 op, 500.00 ns, 3.9062 ns/op
OverheadActual   4: 128 op, 541.00 ns, 4.2266 ns/op
OverheadActual   5: 128 op, 709.00 ns, 5.5391 ns/op
OverheadActual   6: 128 op, 333.00 ns, 2.6016 ns/op
OverheadActual   7: 128 op, 375.00 ns, 2.9297 ns/op
OverheadActual   8: 128 op, 542.00 ns, 4.2344 ns/op
OverheadActual   9: 128 op, 625.00 ns, 4.8828 ns/op
OverheadActual  10: 128 op, 333.00 ns, 2.6016 ns/op
OverheadActual  11: 128 op, 417.00 ns, 3.2578 ns/op
OverheadActual  12: 128 op, 500.00 ns, 3.9062 ns/op
OverheadActual  13: 128 op, 625.00 ns, 4.8828 ns/op
OverheadActual  14: 128 op, 375.00 ns, 2.9297 ns/op
OverheadActual  15: 128 op, 500.00 ns, 3.9062 ns/op
OverheadActual  16: 128 op, 500.00 ns, 3.9062 ns/op
OverheadActual  17: 128 op, 334.00 ns, 2.6094 ns/op
OverheadActual  18: 128 op, 2625.00 ns, 20.5078 ns/op
OverheadActual  19: 128 op, 792.00 ns, 6.1875 ns/op
OverheadActual  20: 128 op, 375.00 ns, 2.9297 ns/op

WorkloadWarmup   1: 128 op, 586008375.00 ns, 4.5782 ms/op
WorkloadWarmup   2: 128 op, 585082625.00 ns, 4.5710 ms/op
WorkloadWarmup   3: 128 op, 586280167.00 ns, 4.5803 ms/op
WorkloadWarmup   4: 128 op, 587180875.00 ns, 4.5874 ms/op
WorkloadWarmup   5: 128 op, 588132292.00 ns, 4.5948 ms/op
WorkloadWarmup   6: 128 op, 584665834.00 ns, 4.5677 ms/op
WorkloadWarmup   7: 128 op, 585376875.00 ns, 4.5733 ms/op
WorkloadWarmup   8: 128 op, 587420834.00 ns, 4.5892 ms/op
WorkloadWarmup   9: 128 op, 583680792.00 ns, 4.5600 ms/op

// BeforeActualRun
WorkloadActual   1: 128 op, 584503167.00 ns, 4.5664 ms/op
WorkloadActual   2: 128 op, 588612125.00 ns, 4.5985 ms/op
WorkloadActual   3: 128 op, 584183709.00 ns, 4.5639 ms/op
WorkloadActual   4: 128 op, 587087500.00 ns, 4.5866 ms/op
WorkloadActual   5: 128 op, 583601292.00 ns, 4.5594 ms/op
WorkloadActual   6: 128 op, 584061667.00 ns, 4.5630 ms/op
WorkloadActual   7: 128 op, 586242791.00 ns, 4.5800 ms/op
WorkloadActual   8: 128 op, 585868125.00 ns, 4.5771 ms/op
WorkloadActual   9: 128 op, 584170125.00 ns, 4.5638 ms/op
WorkloadActual  10: 128 op, 584463750.00 ns, 4.5661 ms/op
WorkloadActual  11: 128 op, 583049833.00 ns, 4.5551 ms/op
WorkloadActual  12: 128 op, 587749666.00 ns, 4.5918 ms/op
WorkloadActual  13: 128 op, 586183500.00 ns, 4.5796 ms/op
WorkloadActual  14: 128 op, 585676333.00 ns, 4.5756 ms/op
WorkloadActual  15: 128 op, 584569709.00 ns, 4.5670 ms/op

// AfterActualRun
WorkloadResult   1: 128 op, 584502667.00 ns, 4.5664 ms/op
WorkloadResult   2: 128 op, 588611625.00 ns, 4.5985 ms/op
WorkloadResult   3: 128 op, 584183209.00 ns, 4.5639 ms/op
WorkloadResult   4: 128 op, 587087000.00 ns, 4.5866 ms/op
WorkloadResult   5: 128 op, 583600792.00 ns, 4.5594 ms/op
WorkloadResult   6: 128 op, 584061167.00 ns, 4.5630 ms/op
WorkloadResult   7: 128 op, 586242291.00 ns, 4.5800 ms/op
WorkloadResult   8: 128 op, 585867625.00 ns, 4.5771 ms/op
WorkloadResult   9: 128 op, 584169625.00 ns, 4.5638 ms/op
WorkloadResult  10: 128 op, 584463250.00 ns, 4.5661 ms/op
WorkloadResult  11: 128 op, 583049333.00 ns, 4.5551 ms/op
WorkloadResult  12: 128 op, 587749166.00 ns, 4.5918 ms/op
WorkloadResult  13: 128 op, 586183000.00 ns, 4.5796 ms/op
WorkloadResult  14: 128 op, 585675833.00 ns, 4.5756 ms/op
WorkloadResult  15: 128 op, 584569209.00 ns, 4.5669 ms/op
// GC:  88 44 0 741451488 128
// Threading:  0 0 128

// AfterAll
// Benchmark Process 16845 has exited with code 0.

Mean = 4.573 ms, StdErr = 0.003 ms (0.07%), N = 15, StdDev = 0.013 ms
Min = 4.555 ms, Q1 = 4.564 ms, Median = 4.567 ms, Q3 = 4.580 ms, Max = 4.599 ms
IQR = 0.016 ms, LowerFence = 4.540 ms, UpperFence = 4.604 ms
ConfidenceInterval = [4.560 ms; 4.586 ms] (CI 99.9%), Margin = 0.013 ms (0.29% of Mean)
Skewness = 0.52, Kurtosis = 2.04, MValue = 2

// ** Remained 10 (27,8 %) benchmark(s) to run. Estimated finish 2026-03-26 11:57 (0h 7m from now) **
// **************************
// Benchmark: PhysicsBakeBenchmark.PhysicsRebake_WithRegions: DefaultJob [ObstacleCount=60, AgentCount=3, RegionCount=0]
// *** Execute ***
// Launch: 1 / 1
// Execute: dotnet 4601f3fe-6af5-4365-a3e6-5c0da9f493f5.dll --anonymousPipes 120 121 --benchmarkName "Deterministic.GameFramework.Navigation.Benchmarks.PhysicsBakeBenchmark.PhysicsRebake_WithRegions(ObstacleCount: 60, AgentCount: 3, RegionCount: 0)" --job Default --benchmarkId 26 in /Users/a1/Documents/GitHub/PizzaJam2026/Server/Framework/Benchmarks/Deterministic.GameFramework.Navigation.Benchmarks/bin/Release/net8.0/4601f3fe-6af5-4365-a3e6-5c0da9f493f5/bin/Release/net8.0
// Failed to set up high priority (Permission denied). In order to run benchmarks with high priority, make sure you have the right permissions.
// BeforeAnythingElse

// Benchmark Process Environment Information:
// BenchmarkDotNet v0.13.12
// Runtime=.NET 8.0.19 (8.0.1925.36514), Arm64 RyuJIT AdvSIMD
// GC=Concurrent Workstation
// HardwareIntrinsics=AdvSIMD,AES,CRC32,DP,RDM,SHA1,SHA256 VectorSize=128
// Job: DefaultJob

[ComponentId] Registered World -> Local(0) Stable(Stable(00000000-0000-0000-0000-000072b3622d))
[ComponentId] Registered Transform2D -> Local(1) Stable(Stable(aafea77a-2300-4eef-9ffc-071170bb9a26))
[ComponentId] Registered NavigationRegion2D -> Local(2) Stable(Stable(b7e2a1c3-4d56-4f89-a012-3e4f5a6b7c8d))
[ComponentId] Registered NavigationAgent2D -> Local(3) Stable(Stable(c8f3b2d4-5e67-4a90-b123-4f5a6b7c8d9e))
[ComponentId] Registered NavigationObstacle2D -> Local(4) Stable(Stable(d9a4c3e5-6f78-4b01-c234-5a6b7c8d9e0f))
[ComponentId] Registered NavigationWorld2D -> Local(5) Stable(Stable(ea5b4d6c-7f89-4012-d345-6a7b8c9d0e1f))
[ComponentId] Registered CharacterBody2D -> Local(6) Stable(Stable(1f3b7788-2947-4d66-9d33-1275d2757278))
[ComponentId] Registered Area2D -> Local(7) Stable(Stable(42ac8ac3-53d6-40ca-9f7e-5daee2548ba6))
[ComponentId] Registered StaticBody2D -> Local(8) Stable(Stable(56221147-3807-449e-8c88-e92544a47833))
[ComponentId] Registered RigidBody2D -> Local(9) Stable(Stable(8014592a-3375-4c07-ae29-598114227003))
[ComponentId] Registered CollisionShape2D -> Local(10) Stable(Stable(c9075775-7634-45e0-a006-037000784226))
[ComponentId] Registered PhysicsWorldState -> Local(11) Stable(Stable(fb4fe7e4-2244-48ea-9ec5-0a972a3861d4))
OverheadJitting  1: 1 op, 102208.00 ns, 102.2080 us/op
WorkloadJitting  1: 1 op, 221542.00 ns, 221.5420 us/op

OverheadJitting  2: 16 op, 227125.00 ns, 14.1953 us/op
WorkloadJitting  2: 16 op, 142709.00 ns, 8.9193 us/op

WorkloadPilot    1: 16 op, 583.00 ns, 36.4375 ns/op
WorkloadPilot    2: 32 op, 791.00 ns, 24.7188 ns/op
WorkloadPilot    3: 64 op, 791.00 ns, 12.3594 ns/op
WorkloadPilot    4: 128 op, 1333.00 ns, 10.4141 ns/op
WorkloadPilot    5: 256 op, 2708.00 ns, 10.5781 ns/op
WorkloadPilot    6: 512 op, 5167.00 ns, 10.0918 ns/op
WorkloadPilot    7: 1024 op, 13708.00 ns, 13.3867 ns/op
WorkloadPilot    8: 2048 op, 15375.00 ns, 7.5073 ns/op
WorkloadPilot    9: 4096 op, 36583.00 ns, 8.9314 ns/op
WorkloadPilot   10: 8192 op, 68959.00 ns, 8.4178 ns/op
WorkloadPilot   11: 16384 op, 107917.00 ns, 6.5867 ns/op
WorkloadPilot   12: 32768 op, 182458.00 ns, 5.5682 ns/op
WorkloadPilot   13: 65536 op, 288042.00 ns, 4.3952 ns/op
WorkloadPilot   14: 131072 op, 519834.00 ns, 3.9660 ns/op
WorkloadPilot   15: 262144 op, 1049125.00 ns, 4.0021 ns/op
WorkloadPilot   16: 524288 op, 1911625.00 ns, 3.6461 ns/op
WorkloadPilot   17: 1048576 op, 3986000.00 ns, 3.8013 ns/op
WorkloadPilot   18: 2097152 op, 7620792.00 ns, 3.6339 ns/op
WorkloadPilot   19: 4194304 op, 15253958.00 ns, 3.6368 ns/op
WorkloadPilot   20: 8388608 op, 30862750.00 ns, 3.6791 ns/op
WorkloadPilot   21: 16777216 op, 31969291.00 ns, 1.9055 ns/op
WorkloadPilot   22: 33554432 op, 55664333.00 ns, 1.6589 ns/op
WorkloadPilot   23: 67108864 op, 112010000.00 ns, 1.6691 ns/op
WorkloadPilot   24: 134217728 op, 223079167.00 ns, 1.6621 ns/op
WorkloadPilot   25: 268435456 op, 445924708.00 ns, 1.6612 ns/op
WorkloadPilot   26: 536870912 op, 893837958.00 ns, 1.6649 ns/op

OverheadWarmup   1: 536870912 op, 671440334.00 ns, 1.2507 ns/op
OverheadWarmup   2: 536870912 op, 576344833.00 ns, 1.0735 ns/op
OverheadWarmup   3: 536870912 op, 579522292.00 ns, 1.0794 ns/op
OverheadWarmup   4: 536870912 op, 574226000.00 ns, 1.0696 ns/op
OverheadWarmup   5: 536870912 op, 574839250.00 ns, 1.0707 ns/op
OverheadWarmup   6: 536870912 op, 582227875.00 ns, 1.0845 ns/op
OverheadWarmup   7: 536870912 op, 575952333.00 ns, 1.0728 ns/op

OverheadActual   1: 536870912 op, 607111666.00 ns, 1.1308 ns/op
OverheadActual   2: 536870912 op, 573060792.00 ns, 1.0674 ns/op
OverheadActual   3: 536870912 op, 572310417.00 ns, 1.0660 ns/op
OverheadActual   4: 536870912 op, 573091000.00 ns, 1.0675 ns/op
OverheadActual   5: 536870912 op, 572660792.00 ns, 1.0667 ns/op
OverheadActual   6: 536870912 op, 573295000.00 ns, 1.0678 ns/op
OverheadActual   7: 536870912 op, 574455542.00 ns, 1.0700 ns/op
OverheadActual   8: 536870912 op, 573422167.00 ns, 1.0681 ns/op
OverheadActual   9: 536870912 op, 573721792.00 ns, 1.0686 ns/op
OverheadActual  10: 536870912 op, 572056666.00 ns, 1.0655 ns/op
OverheadActual  11: 536870912 op, 573130792.00 ns, 1.0675 ns/op
OverheadActual  12: 536870912 op, 574128167.00 ns, 1.0694 ns/op
OverheadActual  13: 536870912 op, 580024417.00 ns, 1.0804 ns/op
OverheadActual  14: 536870912 op, 571833375.00 ns, 1.0651 ns/op
OverheadActual  15: 536870912 op, 573550125.00 ns, 1.0683 ns/op

WorkloadWarmup   1: 536870912 op, 898775041.00 ns, 1.6741 ns/op
WorkloadWarmup   2: 536870912 op, 898459333.00 ns, 1.6735 ns/op
WorkloadWarmup   3: 536870912 op, 897559625.00 ns, 1.6718 ns/op
WorkloadWarmup   4: 536870912 op, 898356958.00 ns, 1.6733 ns/op
WorkloadWarmup   5: 536870912 op, 898003625.00 ns, 1.6727 ns/op
WorkloadWarmup   6: 536870912 op, 902102625.00 ns, 1.6803 ns/op
WorkloadWarmup   7: 536870912 op, 899059958.00 ns, 1.6746 ns/op

// BeforeActualRun
WorkloadActual   1: 536870912 op, 898185375.00 ns, 1.6730 ns/op
WorkloadActual   2: 536870912 op, 895836167.00 ns, 1.6686 ns/op
WorkloadActual   3: 536870912 op, 897804833.00 ns, 1.6723 ns/op
WorkloadActual   4: 536870912 op, 898251167.00 ns, 1.6731 ns/op
WorkloadActual   5: 536870912 op, 896918250.00 ns, 1.6706 ns/op
WorkloadActual   6: 536870912 op, 898471167.00 ns, 1.6735 ns/op
WorkloadActual   7: 536870912 op, 897567458.00 ns, 1.6718 ns/op
WorkloadActual   8: 536870912 op, 897336208.00 ns, 1.6714 ns/op
WorkloadActual   9: 536870912 op, 900763583.00 ns, 1.6778 ns/op
WorkloadActual  10: 536870912 op, 898569000.00 ns, 1.6737 ns/op
WorkloadActual  11: 536870912 op, 900595459.00 ns, 1.6775 ns/op
WorkloadActual  12: 536870912 op, 902551792.00 ns, 1.6811 ns/op
WorkloadActual  13: 536870912 op, 898444292.00 ns, 1.6735 ns/op
WorkloadActual  14: 536870912 op, 897636584.00 ns, 1.6720 ns/op
WorkloadActual  15: 536870912 op, 901235375.00 ns, 1.6787 ns/op

// AfterActualRun
WorkloadResult   1: 536870912 op, 324890375.00 ns, 0.6052 ns/op
WorkloadResult   2: 536870912 op, 322541167.00 ns, 0.6008 ns/op
WorkloadResult   3: 536870912 op, 324509833.00 ns, 0.6044 ns/op
WorkloadResult   4: 536870912 op, 324956167.00 ns, 0.6053 ns/op
WorkloadResult   5: 536870912 op, 323623250.00 ns, 0.6028 ns/op
WorkloadResult   6: 536870912 op, 325176167.00 ns, 0.6057 ns/op
WorkloadResult   7: 536870912 op, 324272458.00 ns, 0.6040 ns/op
WorkloadResult   8: 536870912 op, 324041208.00 ns, 0.6036 ns/op
WorkloadResult   9: 536870912 op, 327468583.00 ns, 0.6100 ns/op
WorkloadResult  10: 536870912 op, 325274000.00 ns, 0.6059 ns/op
WorkloadResult  11: 536870912 op, 327300459.00 ns, 0.6096 ns/op
WorkloadResult  12: 536870912 op, 329256792.00 ns, 0.6133 ns/op
WorkloadResult  13: 536870912 op, 325149292.00 ns, 0.6056 ns/op
WorkloadResult  14: 536870912 op, 324341584.00 ns, 0.6041 ns/op
WorkloadResult  15: 536870912 op, 327940375.00 ns, 0.6108 ns/op
// GC:  0 0 0 736 536870912
// Threading:  0 0 536870912

// AfterAll
// Benchmark Process 16846 has exited with code 0.

Mean = 0.606 ns, StdErr = 0.001 ns (0.14%), N = 15, StdDev = 0.003 ns
Min = 0.601 ns, Q1 = 0.604 ns, Median = 0.605 ns, Q3 = 0.608 ns, Max = 0.613 ns
IQR = 0.004 ns, LowerFence = 0.599 ns, UpperFence = 0.613 ns
ConfidenceInterval = [0.602 ns; 0.610 ns] (CI 99.9%), Margin = 0.004 ns (0.60% of Mean)
Skewness = 0.63, Kurtosis = 2.34, MValue = 2

// ** Remained 9 (25,0 %) benchmark(s) to run. Estimated finish 2026-03-26 11:57 (0h 6m from now) **
// **************************
// Benchmark: PhysicsBakeBenchmark.SteadyState: DefaultJob [ObstacleCount=60, AgentCount=3, RegionCount=4]
// *** Execute ***
// Launch: 1 / 1
// Execute: dotnet 4601f3fe-6af5-4365-a3e6-5c0da9f493f5.dll --anonymousPipes 120 121 --benchmarkName "Deterministic.GameFramework.Navigation.Benchmarks.PhysicsBakeBenchmark.SteadyState(ObstacleCount: 60, AgentCount: 3, RegionCount: 4)" --job Default --benchmarkId 27 in /Users/a1/Documents/GitHub/PizzaJam2026/Server/Framework/Benchmarks/Deterministic.GameFramework.Navigation.Benchmarks/bin/Release/net8.0/4601f3fe-6af5-4365-a3e6-5c0da9f493f5/bin/Release/net8.0
// Failed to set up high priority (Permission denied). In order to run benchmarks with high priority, make sure you have the right permissions.
// BeforeAnythingElse

// Benchmark Process Environment Information:
// BenchmarkDotNet v0.13.12
// Runtime=.NET 8.0.19 (8.0.1925.36514), Arm64 RyuJIT AdvSIMD
// GC=Concurrent Workstation
// HardwareIntrinsics=AdvSIMD,AES,CRC32,DP,RDM,SHA1,SHA256 VectorSize=128
// Job: DefaultJob

[ComponentId] Registered World -> Local(0) Stable(Stable(00000000-0000-0000-0000-000072b3622d))
[ComponentId] Registered Transform2D -> Local(1) Stable(Stable(aafea77a-2300-4eef-9ffc-071170bb9a26))
[ComponentId] Registered NavigationRegion2D -> Local(2) Stable(Stable(b7e2a1c3-4d56-4f89-a012-3e4f5a6b7c8d))
[ComponentId] Registered NavigationAgent2D -> Local(3) Stable(Stable(c8f3b2d4-5e67-4a90-b123-4f5a6b7c8d9e))
[ComponentId] Registered NavigationObstacle2D -> Local(4) Stable(Stable(d9a4c3e5-6f78-4b01-c234-5a6b7c8d9e0f))
[ComponentId] Registered NavigationWorld2D -> Local(5) Stable(Stable(ea5b4d6c-7f89-4012-d345-6a7b8c9d0e1f))
[ComponentId] Registered CharacterBody2D -> Local(6) Stable(Stable(1f3b7788-2947-4d66-9d33-1275d2757278))
[ComponentId] Registered Area2D -> Local(7) Stable(Stable(42ac8ac3-53d6-40ca-9f7e-5daee2548ba6))
[ComponentId] Registered StaticBody2D -> Local(8) Stable(Stable(56221147-3807-449e-8c88-e92544a47833))
[ComponentId] Registered RigidBody2D -> Local(9) Stable(Stable(8014592a-3375-4c07-ae29-598114227003))
[ComponentId] Registered CollisionShape2D -> Local(10) Stable(Stable(c9075775-7634-45e0-a006-037000784226))
[ComponentId] Registered PhysicsWorldState -> Local(11) Stable(Stable(fb4fe7e4-2244-48ea-9ec5-0a972a3861d4))
OverheadJitting  1: 1 op, 122583.00 ns, 122.5830 us/op
WorkloadJitting  1: 1 op, 437666.00 ns, 437.6660 us/op

OverheadJitting  2: 16 op, 124042.00 ns, 7.7526 us/op
WorkloadJitting  2: 16 op, 3195583.00 ns, 199.7239 us/op

WorkloadPilot    1: 16 op, 3171125.00 ns, 198.1953 us/op
WorkloadPilot    2: 32 op, 6154667.00 ns, 192.3333 us/op
WorkloadPilot    3: 64 op, 12134209.00 ns, 189.5970 us/op
WorkloadPilot    4: 128 op, 24380875.00 ns, 190.4756 us/op
WorkloadPilot    5: 256 op, 48099208.00 ns, 187.8875 us/op
WorkloadPilot    6: 512 op, 95663958.00 ns, 186.8437 us/op
WorkloadPilot    7: 1024 op, 105791833.00 ns, 103.3123 us/op
WorkloadPilot    8: 2048 op, 73566125.00 ns, 35.9210 us/op
WorkloadPilot    9: 4096 op, 141529083.00 ns, 34.5530 us/op
WorkloadPilot   10: 8192 op, 195227000.00 ns, 23.8314 us/op
WorkloadPilot   11: 16384 op, 390579541.00 ns, 23.8391 us/op
WorkloadPilot   12: 32768 op, 777769667.00 ns, 23.7356 us/op

OverheadWarmup   1: 32768 op, 69417.00 ns, 2.1184 ns/op
OverheadWarmup   2: 32768 op, 70917.00 ns, 2.1642 ns/op
OverheadWarmup   3: 32768 op, 71208.00 ns, 2.1731 ns/op
OverheadWarmup   4: 32768 op, 71000.00 ns, 2.1667 ns/op
OverheadWarmup   5: 32768 op, 64875.00 ns, 1.9798 ns/op
OverheadWarmup   6: 32768 op, 68375.00 ns, 2.0866 ns/op
OverheadWarmup   7: 32768 op, 69334.00 ns, 2.1159 ns/op
OverheadWarmup   8: 32768 op, 74375.00 ns, 2.2697 ns/op
OverheadWarmup   9: 32768 op, 68625.00 ns, 2.0943 ns/op

OverheadActual   1: 32768 op, 65458.00 ns, 1.9976 ns/op
OverheadActual   2: 32768 op, 72750.00 ns, 2.2202 ns/op
OverheadActual   3: 32768 op, 70292.00 ns, 2.1451 ns/op
OverheadActual   4: 32768 op, 65125.00 ns, 1.9875 ns/op
OverheadActual   5: 32768 op, 65250.00 ns, 1.9913 ns/op
OverheadActual   6: 32768 op, 78334.00 ns, 2.3906 ns/op
OverheadActual   7: 32768 op, 76833.00 ns, 2.3448 ns/op
OverheadActual   8: 32768 op, 66875.00 ns, 2.0409 ns/op
OverheadActual   9: 32768 op, 70458.00 ns, 2.1502 ns/op
OverheadActual  10: 32768 op, 79750.00 ns, 2.4338 ns/op
OverheadActual  11: 32768 op, 72625.00 ns, 2.2163 ns/op
OverheadActual  12: 32768 op, 70792.00 ns, 2.1604 ns/op
OverheadActual  13: 32768 op, 65125.00 ns, 1.9875 ns/op
OverheadActual  14: 32768 op, 65292.00 ns, 1.9926 ns/op
OverheadActual  15: 32768 op, 64125.00 ns, 1.9569 ns/op
OverheadActual  16: 32768 op, 63958.00 ns, 1.9518 ns/op
OverheadActual  17: 32768 op, 64000.00 ns, 1.9531 ns/op
OverheadActual  18: 32768 op, 70833.00 ns, 2.1617 ns/op
OverheadActual  19: 32768 op, 69208.00 ns, 2.1121 ns/op
OverheadActual  20: 32768 op, 69334.00 ns, 2.1159 ns/op

WorkloadWarmup   1: 32768 op, 779601916.00 ns, 23.7916 us/op
WorkloadWarmup   2: 32768 op, 778745458.00 ns, 23.7654 us/op
WorkloadWarmup   3: 32768 op, 780871000.00 ns, 23.8303 us/op
WorkloadWarmup   4: 32768 op, 781067375.00 ns, 23.8363 us/op
WorkloadWarmup   5: 32768 op, 777191042.00 ns, 23.7180 us/op
WorkloadWarmup   6: 32768 op, 777732500.00 ns, 23.7345 us/op
WorkloadWarmup   7: 32768 op, 778154083.00 ns, 23.7474 us/op
WorkloadWarmup   8: 32768 op, 779515875.00 ns, 23.7889 us/op
WorkloadWarmup   9: 32768 op, 777624750.00 ns, 23.7312 us/op

// BeforeActualRun
WorkloadActual   1: 32768 op, 777697708.00 ns, 23.7335 us/op
WorkloadActual   2: 32768 op, 780337458.00 ns, 23.8140 us/op
WorkloadActual   3: 32768 op, 779278833.00 ns, 23.7817 us/op
WorkloadActual   4: 32768 op, 778909417.00 ns, 23.7704 us/op
WorkloadActual   5: 32768 op, 778734541.00 ns, 23.7651 us/op
WorkloadActual   6: 32768 op, 779581750.00 ns, 23.7909 us/op
WorkloadActual   7: 32768 op, 779720333.00 ns, 23.7952 us/op
WorkloadActual   8: 32768 op, 781054667.00 ns, 23.8359 us/op
WorkloadActual   9: 32768 op, 778416417.00 ns, 23.7554 us/op
WorkloadActual  10: 32768 op, 780300916.00 ns, 23.8129 us/op
WorkloadActual  11: 32768 op, 777962000.00 ns, 23.7415 us/op
WorkloadActual  12: 32768 op, 778144041.00 ns, 23.7471 us/op
WorkloadActual  13: 32768 op, 779084958.00 ns, 23.7758 us/op
WorkloadActual  14: 32768 op, 776758958.00 ns, 23.7048 us/op
WorkloadActual  15: 32768 op, 780175875.00 ns, 23.8091 us/op

// AfterActualRun
WorkloadResult   1: 32768 op, 777628437.00 ns, 23.7313 us/op
WorkloadResult   2: 32768 op, 780268187.00 ns, 23.8119 us/op
WorkloadResult   3: 32768 op, 779209562.00 ns, 23.7796 us/op
WorkloadResult   4: 32768 op, 778840146.00 ns, 23.7683 us/op
WorkloadResult   5: 32768 op, 778665270.00 ns, 23.7630 us/op
WorkloadResult   6: 32768 op, 779512479.00 ns, 23.7888 us/op
WorkloadResult   7: 32768 op, 779651062.00 ns, 23.7931 us/op
WorkloadResult   8: 32768 op, 780985396.00 ns, 23.8338 us/op
WorkloadResult   9: 32768 op, 778347146.00 ns, 23.7533 us/op
WorkloadResult  10: 32768 op, 780231645.00 ns, 23.8108 us/op
WorkloadResult  11: 32768 op, 777892729.00 ns, 23.7394 us/op
WorkloadResult  12: 32768 op, 778074770.00 ns, 23.7450 us/op
WorkloadResult  13: 32768 op, 779015687.00 ns, 23.7737 us/op
WorkloadResult  14: 32768 op, 776689687.00 ns, 23.7027 us/op
WorkloadResult  15: 32768 op, 780106604.00 ns, 23.8070 us/op
// GC:  2 0 0 17564384 32768
// Threading:  0 0 32768

// AfterAll
// Benchmark Process 16890 has exited with code 0.

Mean = 23.773 μs, StdErr = 0.009 μs (0.04%), N = 15, StdDev = 0.035 μs
Min = 23.703 μs, Q1 = 23.749 μs, Median = 23.774 μs, Q3 = 23.800 μs, Max = 23.834 μs
IQR = 0.051 μs, LowerFence = 23.673 μs, UpperFence = 23.876 μs
ConfidenceInterval = [23.736 μs; 23.811 μs] (CI 99.9%), Margin = 0.038 μs (0.16% of Mean)
Skewness = -0.18, Kurtosis = 2.08, MValue = 2

// ** Remained 8 (22,2 %) benchmark(s) to run. Estimated finish 2026-03-26 11:57 (0h 5m from now) **
// **************************
// Benchmark: PhysicsBakeBenchmark.PhysicsRebake: DefaultJob [ObstacleCount=60, AgentCount=3, RegionCount=4]
// *** Execute ***
// Launch: 1 / 1
// Execute: dotnet 4601f3fe-6af5-4365-a3e6-5c0da9f493f5.dll --anonymousPipes 120 121 --benchmarkName "Deterministic.GameFramework.Navigation.Benchmarks.PhysicsBakeBenchmark.PhysicsRebake(ObstacleCount: 60, AgentCount: 3, RegionCount: 4)" --job Default --benchmarkId 28 in /Users/a1/Documents/GitHub/PizzaJam2026/Server/Framework/Benchmarks/Deterministic.GameFramework.Navigation.Benchmarks/bin/Release/net8.0/4601f3fe-6af5-4365-a3e6-5c0da9f493f5/bin/Release/net8.0
// Failed to set up high priority (Permission denied). In order to run benchmarks with high priority, make sure you have the right permissions.
// BeforeAnythingElse

// Benchmark Process Environment Information:
// BenchmarkDotNet v0.13.12
// Runtime=.NET 8.0.19 (8.0.1925.36514), Arm64 RyuJIT AdvSIMD
// GC=Concurrent Workstation
// HardwareIntrinsics=AdvSIMD,AES,CRC32,DP,RDM,SHA1,SHA256 VectorSize=128
// Job: DefaultJob

[ComponentId] Registered World -> Local(0) Stable(Stable(00000000-0000-0000-0000-000072b3622d))
[ComponentId] Registered Transform2D -> Local(1) Stable(Stable(aafea77a-2300-4eef-9ffc-071170bb9a26))
[ComponentId] Registered NavigationRegion2D -> Local(2) Stable(Stable(b7e2a1c3-4d56-4f89-a012-3e4f5a6b7c8d))
[ComponentId] Registered NavigationAgent2D -> Local(3) Stable(Stable(c8f3b2d4-5e67-4a90-b123-4f5a6b7c8d9e))
[ComponentId] Registered NavigationObstacle2D -> Local(4) Stable(Stable(d9a4c3e5-6f78-4b01-c234-5a6b7c8d9e0f))
[ComponentId] Registered NavigationWorld2D -> Local(5) Stable(Stable(ea5b4d6c-7f89-4012-d345-6a7b8c9d0e1f))
[ComponentId] Registered CharacterBody2D -> Local(6) Stable(Stable(1f3b7788-2947-4d66-9d33-1275d2757278))
[ComponentId] Registered Area2D -> Local(7) Stable(Stable(42ac8ac3-53d6-40ca-9f7e-5daee2548ba6))
[ComponentId] Registered StaticBody2D -> Local(8) Stable(Stable(56221147-3807-449e-8c88-e92544a47833))
[ComponentId] Registered RigidBody2D -> Local(9) Stable(Stable(8014592a-3375-4c07-ae29-598114227003))
[ComponentId] Registered CollisionShape2D -> Local(10) Stable(Stable(c9075775-7634-45e0-a006-037000784226))
[ComponentId] Registered PhysicsWorldState -> Local(11) Stable(Stable(fb4fe7e4-2244-48ea-9ec5-0a972a3861d4))
OverheadJitting  1: 1 op, 978500.00 ns, 978.5000 us/op
WorkloadJitting  1: 1 op, 169118625.00 ns, 169.1186 ms/op

WorkloadPilot    1: 2 op, 302515791.00 ns, 151.2579 ms/op
WorkloadPilot    2: 3 op, 335227375.00 ns, 111.7425 ms/op
WorkloadPilot    3: 4 op, 379140084.00 ns, 94.7850 ms/op
WorkloadPilot    4: 5 op, 474049667.00 ns, 94.8099 ms/op
WorkloadPilot    5: 6 op, 569829334.00 ns, 94.9716 ms/op

WorkloadWarmup   1: 6 op, 572200000.00 ns, 95.3667 ms/op
WorkloadWarmup   2: 6 op, 573114042.00 ns, 95.5190 ms/op
WorkloadWarmup   3: 6 op, 569815417.00 ns, 94.9692 ms/op
WorkloadWarmup   4: 6 op, 569407375.00 ns, 94.9012 ms/op
WorkloadWarmup   5: 6 op, 570440250.00 ns, 95.0734 ms/op
WorkloadWarmup   6: 6 op, 569319125.00 ns, 94.8865 ms/op

// BeforeActualRun
WorkloadActual   1: 6 op, 627262000.00 ns, 104.5437 ms/op
WorkloadActual   2: 6 op, 919345416.00 ns, 153.2242 ms/op
WorkloadActual   3: 6 op, 922854375.00 ns, 153.8091 ms/op
WorkloadActual   4: 6 op, 922052250.00 ns, 153.6754 ms/op
WorkloadActual   5: 6 op, 919730084.00 ns, 153.2883 ms/op
WorkloadActual   6: 6 op, 919170292.00 ns, 153.1950 ms/op
WorkloadActual   7: 6 op, 920064125.00 ns, 153.3440 ms/op
WorkloadActual   8: 6 op, 922311625.00 ns, 153.7186 ms/op
WorkloadActual   9: 6 op, 923975667.00 ns, 153.9959 ms/op
WorkloadActual  10: 6 op, 919589750.00 ns, 153.2650 ms/op
WorkloadActual  11: 6 op, 919143000.00 ns, 153.1905 ms/op
WorkloadActual  12: 6 op, 919345542.00 ns, 153.2243 ms/op
WorkloadActual  13: 6 op, 919632250.00 ns, 153.2720 ms/op
WorkloadActual  14: 6 op, 919770125.00 ns, 153.2950 ms/op
WorkloadActual  15: 6 op, 918971542.00 ns, 153.1619 ms/op
WorkloadActual  16: 6 op, 917517167.00 ns, 152.9195 ms/op
WorkloadActual  17: 6 op, 920407458.00 ns, 153.4012 ms/op
WorkloadActual  18: 6 op, 918822458.00 ns, 153.1371 ms/op
WorkloadActual  19: 6 op, 919609416.00 ns, 153.2682 ms/op
WorkloadActual  20: 6 op, 919943791.00 ns, 153.3240 ms/op
WorkloadActual  21: 6 op, 920216709.00 ns, 153.3695 ms/op
WorkloadActual  22: 6 op, 918545958.00 ns, 153.0910 ms/op
WorkloadActual  23: 6 op, 920115708.00 ns, 153.3526 ms/op
WorkloadActual  24: 6 op, 919319542.00 ns, 153.2199 ms/op
WorkloadActual  25: 6 op, 916462000.00 ns, 152.7437 ms/op
WorkloadActual  26: 6 op, 918727875.00 ns, 153.1213 ms/op
WorkloadActual  27: 6 op, 917206709.00 ns, 152.8678 ms/op
WorkloadActual  28: 6 op, 918447500.00 ns, 153.0746 ms/op
WorkloadActual  29: 6 op, 920228333.00 ns, 153.3714 ms/op
WorkloadActual  30: 6 op, 920504791.00 ns, 153.4175 ms/op
WorkloadActual  31: 6 op, 918422541.00 ns, 153.0704 ms/op
WorkloadActual  32: 6 op, 919576625.00 ns, 153.2628 ms/op
WorkloadActual  33: 6 op, 918383250.00 ns, 153.0639 ms/op
WorkloadActual  34: 6 op, 916806333.00 ns, 152.8011 ms/op
WorkloadActual  35: 6 op, 917568500.00 ns, 152.9281 ms/op
WorkloadActual  36: 6 op, 919129208.00 ns, 153.1882 ms/op
WorkloadActual  37: 6 op, 917891125.00 ns, 152.9819 ms/op
WorkloadActual  38: 6 op, 919204875.00 ns, 153.2008 ms/op
WorkloadActual  39: 6 op, 917939250.00 ns, 152.9899 ms/op
WorkloadActual  40: 6 op, 916851416.00 ns, 152.8086 ms/op
WorkloadActual  41: 6 op, 916879917.00 ns, 152.8133 ms/op
WorkloadActual  42: 6 op, 920724667.00 ns, 153.4541 ms/op
WorkloadActual  43: 6 op, 916745708.00 ns, 152.7910 ms/op
WorkloadActual  44: 6 op, 918311292.00 ns, 153.0519 ms/op
WorkloadActual  45: 6 op, 918208459.00 ns, 153.0347 ms/op
WorkloadActual  46: 6 op, 915699500.00 ns, 152.6166 ms/op
WorkloadActual  47: 6 op, 917534375.00 ns, 152.9224 ms/op
WorkloadActual  48: 6 op, 917453375.00 ns, 152.9089 ms/op
WorkloadActual  49: 6 op, 919010000.00 ns, 153.1683 ms/op
WorkloadActual  50: 6 op, 917199167.00 ns, 152.8665 ms/op
WorkloadActual  51: 6 op, 918582666.00 ns, 153.0971 ms/op
WorkloadActual  52: 6 op, 918446416.00 ns, 153.0744 ms/op
WorkloadActual  53: 6 op, 919285708.00 ns, 153.2143 ms/op
WorkloadActual  54: 6 op, 917242708.00 ns, 152.8738 ms/op
WorkloadActual  55: 6 op, 926370292.00 ns, 154.3950 ms/op
WorkloadActual  56: 6 op, 918682917.00 ns, 153.1138 ms/op
WorkloadActual  57: 6 op, 917007458.00 ns, 152.8346 ms/op
WorkloadActual  58: 6 op, 929013500.00 ns, 154.8356 ms/op
WorkloadActual  59: 6 op, 917908250.00 ns, 152.9847 ms/op

// AfterActualRun
WorkloadResult   1: 6 op, 627262000.00 ns, 104.5437 ms/op
WorkloadResult   2: 6 op, 919345416.00 ns, 153.2242 ms/op
WorkloadResult   3: 6 op, 922052250.00 ns, 153.6754 ms/op
WorkloadResult   4: 6 op, 919730084.00 ns, 153.2883 ms/op
WorkloadResult   5: 6 op, 919170292.00 ns, 153.1950 ms/op
WorkloadResult   6: 6 op, 920064125.00 ns, 153.3440 ms/op
WorkloadResult   7: 6 op, 922311625.00 ns, 153.7186 ms/op
WorkloadResult   8: 6 op, 919589750.00 ns, 153.2650 ms/op
WorkloadResult   9: 6 op, 919143000.00 ns, 153.1905 ms/op
WorkloadResult  10: 6 op, 919345542.00 ns, 153.2243 ms/op
WorkloadResult  11: 6 op, 919632250.00 ns, 153.2720 ms/op
WorkloadResult  12: 6 op, 919770125.00 ns, 153.2950 ms/op
WorkloadResult  13: 6 op, 918971542.00 ns, 153.1619 ms/op
WorkloadResult  14: 6 op, 917517167.00 ns, 152.9195 ms/op
WorkloadResult  15: 6 op, 920407458.00 ns, 153.4012 ms/op
WorkloadResult  16: 6 op, 918822458.00 ns, 153.1371 ms/op
WorkloadResult  17: 6 op, 919609416.00 ns, 153.2682 ms/op
WorkloadResult  18: 6 op, 919943791.00 ns, 153.3240 ms/op
WorkloadResult  19: 6 op, 920216709.00 ns, 153.3695 ms/op
WorkloadResult  20: 6 op, 918545958.00 ns, 153.0910 ms/op
WorkloadResult  21: 6 op, 920115708.00 ns, 153.3526 ms/op
WorkloadResult  22: 6 op, 919319542.00 ns, 153.2199 ms/op
WorkloadResult  23: 6 op, 916462000.00 ns, 152.7437 ms/op
WorkloadResult  24: 6 op, 918727875.00 ns, 153.1213 ms/op
WorkloadResult  25: 6 op, 917206709.00 ns, 152.8678 ms/op
WorkloadResult  26: 6 op, 918447500.00 ns, 153.0746 ms/op
WorkloadResult  27: 6 op, 920228333.00 ns, 153.3714 ms/op
WorkloadResult  28: 6 op, 920504791.00 ns, 153.4175 ms/op
WorkloadResult  29: 6 op, 918422541.00 ns, 153.0704 ms/op
WorkloadResult  30: 6 op, 919576625.00 ns, 153.2628 ms/op
WorkloadResult  31: 6 op, 918383250.00 ns, 153.0639 ms/op
WorkloadResult  32: 6 op, 916806333.00 ns, 152.8011 ms/op
WorkloadResult  33: 6 op, 917568500.00 ns, 152.9281 ms/op
WorkloadResult  34: 6 op, 919129208.00 ns, 153.1882 ms/op
WorkloadResult  35: 6 op, 917891125.00 ns, 152.9819 ms/op
WorkloadResult  36: 6 op, 919204875.00 ns, 153.2008 ms/op
WorkloadResult  37: 6 op, 917939250.00 ns, 152.9899 ms/op
WorkloadResult  38: 6 op, 916851416.00 ns, 152.8086 ms/op
WorkloadResult  39: 6 op, 916879917.00 ns, 152.8133 ms/op
WorkloadResult  40: 6 op, 920724667.00 ns, 153.4541 ms/op
WorkloadResult  41: 6 op, 916745708.00 ns, 152.7910 ms/op
WorkloadResult  42: 6 op, 918311292.00 ns, 153.0519 ms/op
WorkloadResult  43: 6 op, 918208459.00 ns, 153.0347 ms/op
WorkloadResult  44: 6 op, 915699500.00 ns, 152.6166 ms/op
WorkloadResult  45: 6 op, 917534375.00 ns, 152.9224 ms/op
WorkloadResult  46: 6 op, 917453375.00 ns, 152.9089 ms/op
WorkloadResult  47: 6 op, 919010000.00 ns, 153.1683 ms/op
WorkloadResult  48: 6 op, 917199167.00 ns, 152.8665 ms/op
WorkloadResult  49: 6 op, 918582666.00 ns, 153.0971 ms/op
WorkloadResult  50: 6 op, 918446416.00 ns, 153.0744 ms/op
WorkloadResult  51: 6 op, 919285708.00 ns, 153.2143 ms/op
WorkloadResult  52: 6 op, 917242708.00 ns, 152.8738 ms/op
WorkloadResult  53: 6 op, 918682917.00 ns, 153.1138 ms/op
WorkloadResult  54: 6 op, 917007458.00 ns, 152.8346 ms/op
WorkloadResult  55: 6 op, 917908250.00 ns, 152.9847 ms/op
// GC:  5 3 2 52220008 6
// Threading:  0 0 6

// AfterAll
// Benchmark Process 16892 has exited with code 0.

Mean = 152.240 ms, StdErr = 0.884 ms (0.58%), N = 55, StdDev = 6.554 ms
Min = 104.544 ms, Q1 = 152.925 ms, Median = 153.121 ms, Q3 = 153.267 ms, Max = 153.719 ms
IQR = 0.341 ms, LowerFence = 152.413 ms, UpperFence = 153.779 ms
ConfidenceInterval = [149.164 ms; 155.315 ms] (CI 99.9%), Margin = 3.076 ms (2.02% of Mean)
Skewness = -7, Kurtosis = 50.99, MValue = 2

// ** Remained 7 (19,4 %) benchmark(s) to run. Estimated finish 2026-03-26 11:57 (0h 5m from now) **
// **************************
// Benchmark: PhysicsBakeBenchmark.PhysicsRebake_WithRegions: DefaultJob [ObstacleCount=60, AgentCount=3, RegionCount=4]
// *** Execute ***
// Launch: 1 / 1
// Execute: dotnet 4601f3fe-6af5-4365-a3e6-5c0da9f493f5.dll --anonymousPipes 120 121 --benchmarkName "Deterministic.GameFramework.Navigation.Benchmarks.PhysicsBakeBenchmark.PhysicsRebake_WithRegions(ObstacleCount: 60, AgentCount: 3, RegionCount: 4)" --job Default --benchmarkId 29 in /Users/a1/Documents/GitHub/PizzaJam2026/Server/Framework/Benchmarks/Deterministic.GameFramework.Navigation.Benchmarks/bin/Release/net8.0/4601f3fe-6af5-4365-a3e6-5c0da9f493f5/bin/Release/net8.0
// Failed to set up high priority (Permission denied). In order to run benchmarks with high priority, make sure you have the right permissions.
// BeforeAnythingElse

// Benchmark Process Environment Information:
// BenchmarkDotNet v0.13.12
// Runtime=.NET 8.0.19 (8.0.1925.36514), Arm64 RyuJIT AdvSIMD
// GC=Concurrent Workstation
// HardwareIntrinsics=AdvSIMD,AES,CRC32,DP,RDM,SHA1,SHA256 VectorSize=128
// Job: DefaultJob

[ComponentId] Registered World -> Local(0) Stable(Stable(00000000-0000-0000-0000-000072b3622d))
[ComponentId] Registered Transform2D -> Local(1) Stable(Stable(aafea77a-2300-4eef-9ffc-071170bb9a26))
[ComponentId] Registered NavigationRegion2D -> Local(2) Stable(Stable(b7e2a1c3-4d56-4f89-a012-3e4f5a6b7c8d))
[ComponentId] Registered NavigationAgent2D -> Local(3) Stable(Stable(c8f3b2d4-5e67-4a90-b123-4f5a6b7c8d9e))
[ComponentId] Registered NavigationObstacle2D -> Local(4) Stable(Stable(d9a4c3e5-6f78-4b01-c234-5a6b7c8d9e0f))
[ComponentId] Registered NavigationWorld2D -> Local(5) Stable(Stable(ea5b4d6c-7f89-4012-d345-6a7b8c9d0e1f))
[ComponentId] Registered CharacterBody2D -> Local(6) Stable(Stable(1f3b7788-2947-4d66-9d33-1275d2757278))
[ComponentId] Registered Area2D -> Local(7) Stable(Stable(42ac8ac3-53d6-40ca-9f7e-5daee2548ba6))
[ComponentId] Registered StaticBody2D -> Local(8) Stable(Stable(56221147-3807-449e-8c88-e92544a47833))
[ComponentId] Registered RigidBody2D -> Local(9) Stable(Stable(8014592a-3375-4c07-ae29-598114227003))
[ComponentId] Registered CollisionShape2D -> Local(10) Stable(Stable(c9075775-7634-45e0-a006-037000784226))
[ComponentId] Registered PhysicsWorldState -> Local(11) Stable(Stable(fb4fe7e4-2244-48ea-9ec5-0a972a3861d4))
OverheadJitting  1: 1 op, 146209.00 ns, 146.2090 us/op
WorkloadJitting  1: 1 op, 169280333.00 ns, 169.2803 ms/op

WorkloadPilot    1: 2 op, 304864041.00 ns, 152.4320 ms/op
WorkloadPilot    2: 3 op, 322342417.00 ns, 107.4475 ms/op
WorkloadPilot    3: 4 op, 378086666.00 ns, 94.5217 ms/op
WorkloadPilot    4: 5 op, 474493458.00 ns, 94.8987 ms/op
WorkloadPilot    5: 6 op, 568396792.00 ns, 94.7328 ms/op

WorkloadWarmup   1: 6 op, 565838833.00 ns, 94.3065 ms/op
WorkloadWarmup   2: 6 op, 572330208.00 ns, 95.3884 ms/op
WorkloadWarmup   3: 6 op, 568613916.00 ns, 94.7690 ms/op
WorkloadWarmup   4: 6 op, 568320792.00 ns, 94.7201 ms/op
WorkloadWarmup   5: 6 op, 565055667.00 ns, 94.1759 ms/op
WorkloadWarmup   6: 6 op, 567894375.00 ns, 94.6491 ms/op
WorkloadWarmup   7: 6 op, 626550375.00 ns, 104.4251 ms/op
WorkloadWarmup   8: 6 op, 916411041.00 ns, 152.7352 ms/op
WorkloadWarmup   9: 6 op, 917759917.00 ns, 152.9600 ms/op
WorkloadWarmup  10: 6 op, 918667667.00 ns, 153.1113 ms/op
WorkloadWarmup  11: 6 op, 917547542.00 ns, 152.9246 ms/op

// BeforeActualRun
WorkloadActual   1: 6 op, 917403291.00 ns, 152.9005 ms/op
WorkloadActual   2: 6 op, 917138708.00 ns, 152.8565 ms/op
WorkloadActual   3: 6 op, 918159333.00 ns, 153.0266 ms/op
WorkloadActual   4: 6 op, 919891542.00 ns, 153.3153 ms/op
WorkloadActual   5: 6 op, 918876083.00 ns, 153.1460 ms/op
WorkloadActual   6: 6 op, 918283917.00 ns, 153.0473 ms/op
WorkloadActual   7: 6 op, 914338583.00 ns, 152.3898 ms/op
WorkloadActual   8: 6 op, 918686916.00 ns, 153.1145 ms/op
WorkloadActual   9: 6 op, 919060125.00 ns, 153.1767 ms/op
WorkloadActual  10: 6 op, 917804041.00 ns, 152.9673 ms/op
WorkloadActual  11: 6 op, 916339666.00 ns, 152.7233 ms/op
WorkloadActual  12: 6 op, 919261875.00 ns, 153.2103 ms/op
WorkloadActual  13: 6 op, 917655000.00 ns, 152.9425 ms/op
WorkloadActual  14: 6 op, 919513125.00 ns, 153.2522 ms/op
WorkloadActual  15: 6 op, 922109750.00 ns, 153.6850 ms/op

// AfterActualRun
WorkloadResult   1: 6 op, 917403291.00 ns, 152.9005 ms/op
WorkloadResult   2: 6 op, 917138708.00 ns, 152.8565 ms/op
WorkloadResult   3: 6 op, 918159333.00 ns, 153.0266 ms/op
WorkloadResult   4: 6 op, 919891542.00 ns, 153.3153 ms/op
WorkloadResult   5: 6 op, 918876083.00 ns, 153.1460 ms/op
WorkloadResult   6: 6 op, 918283917.00 ns, 153.0473 ms/op
WorkloadResult   7: 6 op, 914338583.00 ns, 152.3898 ms/op
WorkloadResult   8: 6 op, 918686916.00 ns, 153.1145 ms/op
WorkloadResult   9: 6 op, 919060125.00 ns, 153.1767 ms/op
WorkloadResult  10: 6 op, 917804041.00 ns, 152.9673 ms/op
WorkloadResult  11: 6 op, 916339666.00 ns, 152.7233 ms/op
WorkloadResult  12: 6 op, 919261875.00 ns, 153.2103 ms/op
WorkloadResult  13: 6 op, 917655000.00 ns, 152.9425 ms/op
WorkloadResult  14: 6 op, 919513125.00 ns, 153.2522 ms/op
// GC:  5 3 2 52220344 6
// Threading:  0 0 6

// AfterAll
// Benchmark Process 16896 has exited with code 0.

Mean = 153.005 ms, StdErr = 0.065 ms (0.04%), N = 14, StdDev = 0.242 ms
Min = 152.390 ms, Q1 = 152.911 ms, Median = 153.037 ms, Q3 = 153.169 ms, Max = 153.315 ms
IQR = 0.258 ms, LowerFence = 152.524 ms, UpperFence = 153.556 ms
ConfidenceInterval = [152.732 ms; 153.278 ms] (CI 99.9%), Margin = 0.273 ms (0.18% of Mean)
Skewness = -1, Kurtosis = 3.48, MValue = 2

// ** Remained 6 (16,7 %) benchmark(s) to run. Estimated finish 2026-03-26 11:57 (0h 4m from now) **
// **************************
// Benchmark: PhysicsBakeBenchmark.SteadyState: DefaultJob [ObstacleCount=60, AgentCount=10, RegionCount=0]
// *** Execute ***
// Launch: 1 / 1
// Execute: dotnet 4601f3fe-6af5-4365-a3e6-5c0da9f493f5.dll --anonymousPipes 120 121 --benchmarkName "Deterministic.GameFramework.Navigation.Benchmarks.PhysicsBakeBenchmark.SteadyState(ObstacleCount: 60, AgentCount: 10, RegionCount: 0)" --job Default --benchmarkId 30 in /Users/a1/Documents/GitHub/PizzaJam2026/Server/Framework/Benchmarks/Deterministic.GameFramework.Navigation.Benchmarks/bin/Release/net8.0/4601f3fe-6af5-4365-a3e6-5c0da9f493f5/bin/Release/net8.0
// Failed to set up high priority (Permission denied). In order to run benchmarks with high priority, make sure you have the right permissions.
// BeforeAnythingElse

// Benchmark Process Environment Information:
// BenchmarkDotNet v0.13.12
// Runtime=.NET 8.0.19 (8.0.1925.36514), Arm64 RyuJIT AdvSIMD
// GC=Concurrent Workstation
// HardwareIntrinsics=AdvSIMD,AES,CRC32,DP,RDM,SHA1,SHA256 VectorSize=128
// Job: DefaultJob

[ComponentId] Registered World -> Local(0) Stable(Stable(00000000-0000-0000-0000-000072b3622d))
[ComponentId] Registered Transform2D -> Local(1) Stable(Stable(aafea77a-2300-4eef-9ffc-071170bb9a26))
[ComponentId] Registered NavigationRegion2D -> Local(2) Stable(Stable(b7e2a1c3-4d56-4f89-a012-3e4f5a6b7c8d))
[ComponentId] Registered NavigationAgent2D -> Local(3) Stable(Stable(c8f3b2d4-5e67-4a90-b123-4f5a6b7c8d9e))
[ComponentId] Registered NavigationObstacle2D -> Local(4) Stable(Stable(d9a4c3e5-6f78-4b01-c234-5a6b7c8d9e0f))
[ComponentId] Registered NavigationWorld2D -> Local(5) Stable(Stable(ea5b4d6c-7f89-4012-d345-6a7b8c9d0e1f))
[ComponentId] Registered CharacterBody2D -> Local(6) Stable(Stable(1f3b7788-2947-4d66-9d33-1275d2757278))
[ComponentId] Registered Area2D -> Local(7) Stable(Stable(42ac8ac3-53d6-40ca-9f7e-5daee2548ba6))
[ComponentId] Registered StaticBody2D -> Local(8) Stable(Stable(56221147-3807-449e-8c88-e92544a47833))
[ComponentId] Registered RigidBody2D -> Local(9) Stable(Stable(8014592a-3375-4c07-ae29-598114227003))
[ComponentId] Registered CollisionShape2D -> Local(10) Stable(Stable(c9075775-7634-45e0-a006-037000784226))
[ComponentId] Registered PhysicsWorldState -> Local(11) Stable(Stable(fb4fe7e4-2244-48ea-9ec5-0a972a3861d4))
OverheadJitting  1: 1 op, 103500.00 ns, 103.5000 us/op
WorkloadJitting  1: 1 op, 313458.00 ns, 313.4580 us/op

OverheadJitting  2: 16 op, 123334.00 ns, 7.7084 us/op
WorkloadJitting  2: 16 op, 1996167.00 ns, 124.7604 us/op

WorkloadPilot    1: 16 op, 1761125.00 ns, 110.0703 us/op
WorkloadPilot    2: 32 op, 3640584.00 ns, 113.7682 us/op
WorkloadPilot    3: 64 op, 6899541.00 ns, 107.8053 us/op
WorkloadPilot    4: 128 op, 13898917.00 ns, 108.5853 us/op
WorkloadPilot    5: 256 op, 27111166.00 ns, 105.9030 us/op
WorkloadPilot    6: 512 op, 54758459.00 ns, 106.9501 us/op
WorkloadPilot    7: 1024 op, 106678416.00 ns, 104.1781 us/op
WorkloadPilot    8: 2048 op, 201157958.00 ns, 98.2217 us/op
WorkloadPilot    9: 4096 op, 272460792.00 ns, 66.5187 us/op
WorkloadPilot   10: 8192 op, 544038208.00 ns, 66.4109 us/op

OverheadWarmup   1: 8192 op, 20250.00 ns, 2.4719 ns/op
OverheadWarmup   2: 8192 op, 17250.00 ns, 2.1057 ns/op
OverheadWarmup   3: 8192 op, 16834.00 ns, 2.0549 ns/op
OverheadWarmup   4: 8192 op, 19292.00 ns, 2.3550 ns/op
OverheadWarmup   5: 8192 op, 20416.00 ns, 2.4922 ns/op
OverheadWarmup   6: 8192 op, 20625.00 ns, 2.5177 ns/op
OverheadWarmup   7: 8192 op, 20417.00 ns, 2.4923 ns/op
OverheadWarmup   8: 8192 op, 20791.00 ns, 2.5380 ns/op
OverheadWarmup   9: 8192 op, 21166.00 ns, 2.5837 ns/op
OverheadWarmup  10: 8192 op, 16291.00 ns, 1.9886 ns/op

OverheadActual   1: 8192 op, 20750.00 ns, 2.5330 ns/op
OverheadActual   2: 8192 op, 20625.00 ns, 2.5177 ns/op
OverheadActual   3: 8192 op, 19958.00 ns, 2.4363 ns/op
OverheadActual   4: 8192 op, 19917.00 ns, 2.4313 ns/op
OverheadActual   5: 8192 op, 19708.00 ns, 2.4058 ns/op
OverheadActual   6: 8192 op, 16500.00 ns, 2.0142 ns/op
OverheadActual   7: 8192 op, 21292.00 ns, 2.5991 ns/op
OverheadActual   8: 8192 op, 16125.00 ns, 1.9684 ns/op
OverheadActual   9: 8192 op, 16417.00 ns, 2.0040 ns/op
OverheadActual  10: 8192 op, 19833.00 ns, 2.4210 ns/op
OverheadActual  11: 8192 op, 19792.00 ns, 2.4160 ns/op
OverheadActual  12: 8192 op, 20375.00 ns, 2.4872 ns/op
OverheadActual  13: 8192 op, 19250.00 ns, 2.3499 ns/op
OverheadActual  14: 8192 op, 15959.00 ns, 1.9481 ns/op
OverheadActual  15: 8192 op, 17000.00 ns, 2.0752 ns/op
OverheadActual  16: 8192 op, 17417.00 ns, 2.1261 ns/op
OverheadActual  17: 8192 op, 20500.00 ns, 2.5024 ns/op
OverheadActual  18: 8192 op, 16792.00 ns, 2.0498 ns/op
OverheadActual  19: 8192 op, 20583.00 ns, 2.5126 ns/op
OverheadActual  20: 8192 op, 16625.00 ns, 2.0294 ns/op

WorkloadWarmup   1: 8192 op, 546193042.00 ns, 66.6740 us/op
WorkloadWarmup   2: 8192 op, 543995083.00 ns, 66.4056 us/op
WorkloadWarmup   3: 8192 op, 544159209.00 ns, 66.4257 us/op
WorkloadWarmup   4: 8192 op, 542621166.00 ns, 66.2379 us/op
WorkloadWarmup   5: 8192 op, 544573083.00 ns, 66.4762 us/op
WorkloadWarmup   6: 8192 op, 541802834.00 ns, 66.1380 us/op

// BeforeActualRun
WorkloadActual   1: 8192 op, 541815583.00 ns, 66.1396 us/op
WorkloadActual   2: 8192 op, 543282750.00 ns, 66.3187 us/op
WorkloadActual   3: 8192 op, 544279084.00 ns, 66.4403 us/op
WorkloadActual   4: 8192 op, 544051458.00 ns, 66.4125 us/op
WorkloadActual   5: 8192 op, 542957083.00 ns, 66.2789 us/op
WorkloadActual   6: 8192 op, 543563250.00 ns, 66.3529 us/op
WorkloadActual   7: 8192 op, 545251500.00 ns, 66.5590 us/op
WorkloadActual   8: 8192 op, 543012917.00 ns, 66.2858 us/op
WorkloadActual   9: 8192 op, 543711916.00 ns, 66.3711 us/op
WorkloadActual  10: 8192 op, 542198875.00 ns, 66.1864 us/op
WorkloadActual  11: 8192 op, 543567416.00 ns, 66.3534 us/op
WorkloadActual  12: 8192 op, 542747375.00 ns, 66.2533 us/op
WorkloadActual  13: 8192 op, 544145959.00 ns, 66.4241 us/op
WorkloadActual  14: 8192 op, 543678166.00 ns, 66.3670 us/op
WorkloadActual  15: 8192 op, 543077542.00 ns, 66.2936 us/op

// AfterActualRun
WorkloadResult   1: 8192 op, 541795833.00 ns, 66.1372 us/op
WorkloadResult   2: 8192 op, 543263000.00 ns, 66.3163 us/op
WorkloadResult   3: 8192 op, 544259334.00 ns, 66.4379 us/op
WorkloadResult   4: 8192 op, 544031708.00 ns, 66.4101 us/op
WorkloadResult   5: 8192 op, 542937333.00 ns, 66.2765 us/op
WorkloadResult   6: 8192 op, 543543500.00 ns, 66.3505 us/op
WorkloadResult   7: 8192 op, 542993167.00 ns, 66.2833 us/op
WorkloadResult   8: 8192 op, 543692166.00 ns, 66.3687 us/op
WorkloadResult   9: 8192 op, 542179125.00 ns, 66.1840 us/op
WorkloadResult  10: 8192 op, 543547666.00 ns, 66.3510 us/op
WorkloadResult  11: 8192 op, 542727625.00 ns, 66.2509 us/op
WorkloadResult  12: 8192 op, 544126209.00 ns, 66.4217 us/op
WorkloadResult  13: 8192 op, 543658416.00 ns, 66.3646 us/op
WorkloadResult  14: 8192 op, 543057792.00 ns, 66.2912 us/op
// GC:  0 0 0 3015392 8192
// Threading:  0 0 8192

// AfterAll
// Benchmark Process 16898 has exited with code 0.

Mean = 66.317 μs, StdErr = 0.023 μs (0.04%), N = 14, StdDev = 0.087 μs
Min = 66.137 μs, Q1 = 66.278 μs, Median = 66.333 μs, Q3 = 66.368 μs, Max = 66.438 μs
IQR = 0.089 μs, LowerFence = 66.144 μs, UpperFence = 66.502 μs
ConfidenceInterval = [66.219 μs; 66.416 μs] (CI 99.9%), Margin = 0.099 μs (0.15% of Mean)
Skewness = -0.5, Kurtosis = 2.22, MValue = 2

// ** Remained 5 (13,9 %) benchmark(s) to run. Estimated finish 2026-03-26 11:56 (0h 3m from now) **
// **************************
// Benchmark: PhysicsBakeBenchmark.PhysicsRebake: DefaultJob [ObstacleCount=60, AgentCount=10, RegionCount=0]
// *** Execute ***
// Launch: 1 / 1
// Execute: dotnet 4601f3fe-6af5-4365-a3e6-5c0da9f493f5.dll --anonymousPipes 120 121 --benchmarkName "Deterministic.GameFramework.Navigation.Benchmarks.PhysicsBakeBenchmark.PhysicsRebake(ObstacleCount: 60, AgentCount: 10, RegionCount: 0)" --job Default --benchmarkId 31 in /Users/a1/Documents/GitHub/PizzaJam2026/Server/Framework/Benchmarks/Deterministic.GameFramework.Navigation.Benchmarks/bin/Release/net8.0/4601f3fe-6af5-4365-a3e6-5c0da9f493f5/bin/Release/net8.0
// Failed to set up high priority (Permission denied). In order to run benchmarks with high priority, make sure you have the right permissions.
// BeforeAnythingElse

// Benchmark Process Environment Information:
// BenchmarkDotNet v0.13.12
// Runtime=.NET 8.0.19 (8.0.1925.36514), Arm64 RyuJIT AdvSIMD
// GC=Concurrent Workstation
// HardwareIntrinsics=AdvSIMD,AES,CRC32,DP,RDM,SHA1,SHA256 VectorSize=128
// Job: DefaultJob

[ComponentId] Registered World -> Local(0) Stable(Stable(00000000-0000-0000-0000-000072b3622d))
[ComponentId] Registered Transform2D -> Local(1) Stable(Stable(aafea77a-2300-4eef-9ffc-071170bb9a26))
[ComponentId] Registered NavigationRegion2D -> Local(2) Stable(Stable(b7e2a1c3-4d56-4f89-a012-3e4f5a6b7c8d))
[ComponentId] Registered NavigationAgent2D -> Local(3) Stable(Stable(c8f3b2d4-5e67-4a90-b123-4f5a6b7c8d9e))
[ComponentId] Registered NavigationObstacle2D -> Local(4) Stable(Stable(d9a4c3e5-6f78-4b01-c234-5a6b7c8d9e0f))
[ComponentId] Registered NavigationWorld2D -> Local(5) Stable(Stable(ea5b4d6c-7f89-4012-d345-6a7b8c9d0e1f))
[ComponentId] Registered CharacterBody2D -> Local(6) Stable(Stable(1f3b7788-2947-4d66-9d33-1275d2757278))
[ComponentId] Registered Area2D -> Local(7) Stable(Stable(42ac8ac3-53d6-40ca-9f7e-5daee2548ba6))
[ComponentId] Registered StaticBody2D -> Local(8) Stable(Stable(56221147-3807-449e-8c88-e92544a47833))
[ComponentId] Registered RigidBody2D -> Local(9) Stable(Stable(8014592a-3375-4c07-ae29-598114227003))
[ComponentId] Registered CollisionShape2D -> Local(10) Stable(Stable(c9075775-7634-45e0-a006-037000784226))
[ComponentId] Registered PhysicsWorldState -> Local(11) Stable(Stable(fb4fe7e4-2244-48ea-9ec5-0a972a3861d4))
OverheadJitting  1: 1 op, 100917.00 ns, 100.9170 us/op
WorkloadJitting  1: 1 op, 13602584.00 ns, 13.6026 ms/op

OverheadJitting  2: 16 op, 132208.00 ns, 8.2630 us/op
WorkloadJitting  2: 16 op, 227444084.00 ns, 14.2153 ms/op

WorkloadPilot    1: 16 op, 232004375.00 ns, 14.5003 ms/op
WorkloadPilot    2: 32 op, 221631000.00 ns, 6.9260 ms/op
WorkloadPilot    3: 64 op, 292564166.00 ns, 4.5713 ms/op
WorkloadPilot    4: 128 op, 581277000.00 ns, 4.5412 ms/op

OverheadWarmup   1: 128 op, 1667.00 ns, 13.0234 ns/op
OverheadWarmup   2: 128 op, 584.00 ns, 4.5625 ns/op
OverheadWarmup   3: 128 op, 416.00 ns, 3.2500 ns/op
OverheadWarmup   4: 128 op, 375.00 ns, 2.9297 ns/op
OverheadWarmup   5: 128 op, 500.00 ns, 3.9062 ns/op
OverheadWarmup   6: 128 op, 500.00 ns, 3.9062 ns/op
OverheadWarmup   7: 128 op, 375.00 ns, 2.9297 ns/op
OverheadWarmup   8: 128 op, 667.00 ns, 5.2109 ns/op

OverheadActual   1: 128 op, 500.00 ns, 3.9062 ns/op
OverheadActual   2: 128 op, 375.00 ns, 2.9297 ns/op
OverheadActual   3: 128 op, 667.00 ns, 5.2109 ns/op
OverheadActual   4: 128 op, 542.00 ns, 4.2344 ns/op
OverheadActual   5: 128 op, 500.00 ns, 3.9062 ns/op
OverheadActual   6: 128 op, 416.00 ns, 3.2500 ns/op
OverheadActual   7: 128 op, 417.00 ns, 3.2578 ns/op
OverheadActual   8: 128 op, 583.00 ns, 4.5547 ns/op
OverheadActual   9: 128 op, 375.00 ns, 2.9297 ns/op
OverheadActual  10: 128 op, 417.00 ns, 3.2578 ns/op
OverheadActual  11: 128 op, 292.00 ns, 2.2812 ns/op
OverheadActual  12: 128 op, 417.00 ns, 3.2578 ns/op
OverheadActual  13: 128 op, 416.00 ns, 3.2500 ns/op
OverheadActual  14: 128 op, 542.00 ns, 4.2344 ns/op
OverheadActual  15: 128 op, 500.00 ns, 3.9062 ns/op
OverheadActual  16: 128 op, 625.00 ns, 4.8828 ns/op
OverheadActual  17: 128 op, 1417.00 ns, 11.0703 ns/op
OverheadActual  18: 128 op, 583.00 ns, 4.5547 ns/op
OverheadActual  19: 128 op, 583.00 ns, 4.5547 ns/op
OverheadActual  20: 128 op, 416.00 ns, 3.2500 ns/op

WorkloadWarmup   1: 128 op, 581369000.00 ns, 4.5419 ms/op
WorkloadWarmup   2: 128 op, 579507250.00 ns, 4.5274 ms/op
WorkloadWarmup   3: 128 op, 579116792.00 ns, 4.5243 ms/op
WorkloadWarmup   4: 128 op, 581270291.00 ns, 4.5412 ms/op
WorkloadWarmup   5: 128 op, 579142833.00 ns, 4.5246 ms/op
WorkloadWarmup   6: 128 op, 581768250.00 ns, 4.5451 ms/op
WorkloadWarmup   7: 128 op, 581908250.00 ns, 4.5462 ms/op
WorkloadWarmup   8: 128 op, 581483500.00 ns, 4.5428 ms/op

// BeforeActualRun
WorkloadActual   1: 128 op, 580134583.00 ns, 4.5323 ms/op
WorkloadActual   2: 128 op, 580127500.00 ns, 4.5322 ms/op
WorkloadActual   3: 128 op, 582730125.00 ns, 4.5526 ms/op
WorkloadActual   4: 128 op, 580223667.00 ns, 4.5330 ms/op
WorkloadActual   5: 128 op, 578153834.00 ns, 4.5168 ms/op
WorkloadActual   6: 128 op, 581687500.00 ns, 4.5444 ms/op
WorkloadActual   7: 128 op, 579594917.00 ns, 4.5281 ms/op
WorkloadActual   8: 128 op, 584220792.00 ns, 4.5642 ms/op
WorkloadActual   9: 128 op, 582275125.00 ns, 4.5490 ms/op
WorkloadActual  10: 128 op, 581009834.00 ns, 4.5391 ms/op
WorkloadActual  11: 128 op, 583069959.00 ns, 4.5552 ms/op
WorkloadActual  12: 128 op, 579593166.00 ns, 4.5281 ms/op
WorkloadActual  13: 128 op, 579666750.00 ns, 4.5286 ms/op
WorkloadActual  14: 128 op, 579090209.00 ns, 4.5241 ms/op
WorkloadActual  15: 128 op, 580002208.00 ns, 4.5313 ms/op

// AfterActualRun
WorkloadResult   1: 128 op, 580134083.00 ns, 4.5323 ms/op
WorkloadResult   2: 128 op, 580127000.00 ns, 4.5322 ms/op
WorkloadResult   3: 128 op, 582729625.00 ns, 4.5526 ms/op
WorkloadResult   4: 128 op, 580223167.00 ns, 4.5330 ms/op
WorkloadResult   5: 128 op, 578153334.00 ns, 4.5168 ms/op
WorkloadResult   6: 128 op, 581687000.00 ns, 4.5444 ms/op
WorkloadResult   7: 128 op, 579594417.00 ns, 4.5281 ms/op
WorkloadResult   8: 128 op, 584220292.00 ns, 4.5642 ms/op
WorkloadResult   9: 128 op, 582274625.00 ns, 4.5490 ms/op
WorkloadResult  10: 128 op, 581009334.00 ns, 4.5391 ms/op
WorkloadResult  11: 128 op, 583069459.00 ns, 4.5552 ms/op
WorkloadResult  12: 128 op, 579592666.00 ns, 4.5281 ms/op
WorkloadResult  13: 128 op, 579666250.00 ns, 4.5286 ms/op
WorkloadResult  14: 128 op, 579089709.00 ns, 4.5241 ms/op
WorkloadResult  15: 128 op, 580001708.00 ns, 4.5313 ms/op
// GC:  88 42 0 742447840 128
// Threading:  0 0 128

// AfterAll
// Benchmark Process 16900 has exited with code 0.

Mean = 4.537 ms, StdErr = 0.003 ms (0.07%), N = 15, StdDev = 0.013 ms
Min = 4.517 ms, Q1 = 4.528 ms, Median = 4.532 ms, Q3 = 4.547 ms, Max = 4.564 ms
IQR = 0.018 ms, LowerFence = 4.501 ms, UpperFence = 4.574 ms
ConfidenceInterval = [4.523 ms; 4.551 ms] (CI 99.9%), Margin = 0.014 ms (0.31% of Mean)
Skewness = 0.51, Kurtosis = 2.1, MValue = 2

// ** Remained 4 (11,1 %) benchmark(s) to run. Estimated finish 2026-03-26 11:56 (0h 2m from now) **
// **************************
// Benchmark: PhysicsBakeBenchmark.PhysicsRebake_WithRegions: DefaultJob [ObstacleCount=60, AgentCount=10, RegionCount=0]
// *** Execute ***
// Launch: 1 / 1
// Execute: dotnet 4601f3fe-6af5-4365-a3e6-5c0da9f493f5.dll --anonymousPipes 120 121 --benchmarkName "Deterministic.GameFramework.Navigation.Benchmarks.PhysicsBakeBenchmark.PhysicsRebake_WithRegions(ObstacleCount: 60, AgentCount: 10, RegionCount: 0)" --job Default --benchmarkId 32 in /Users/a1/Documents/GitHub/PizzaJam2026/Server/Framework/Benchmarks/Deterministic.GameFramework.Navigation.Benchmarks/bin/Release/net8.0/4601f3fe-6af5-4365-a3e6-5c0da9f493f5/bin/Release/net8.0
// Failed to set up high priority (Permission denied). In order to run benchmarks with high priority, make sure you have the right permissions.
// BeforeAnythingElse

// Benchmark Process Environment Information:
// BenchmarkDotNet v0.13.12
// Runtime=.NET 8.0.19 (8.0.1925.36514), Arm64 RyuJIT AdvSIMD
// GC=Concurrent Workstation
// HardwareIntrinsics=AdvSIMD,AES,CRC32,DP,RDM,SHA1,SHA256 VectorSize=128
// Job: DefaultJob

[ComponentId] Registered World -> Local(0) Stable(Stable(00000000-0000-0000-0000-000072b3622d))
[ComponentId] Registered Transform2D -> Local(1) Stable(Stable(aafea77a-2300-4eef-9ffc-071170bb9a26))
[ComponentId] Registered NavigationRegion2D -> Local(2) Stable(Stable(b7e2a1c3-4d56-4f89-a012-3e4f5a6b7c8d))
[ComponentId] Registered NavigationAgent2D -> Local(3) Stable(Stable(c8f3b2d4-5e67-4a90-b123-4f5a6b7c8d9e))
[ComponentId] Registered NavigationObstacle2D -> Local(4) Stable(Stable(d9a4c3e5-6f78-4b01-c234-5a6b7c8d9e0f))
[ComponentId] Registered NavigationWorld2D -> Local(5) Stable(Stable(ea5b4d6c-7f89-4012-d345-6a7b8c9d0e1f))
[ComponentId] Registered CharacterBody2D -> Local(6) Stable(Stable(1f3b7788-2947-4d66-9d33-1275d2757278))
[ComponentId] Registered Area2D -> Local(7) Stable(Stable(42ac8ac3-53d6-40ca-9f7e-5daee2548ba6))
[ComponentId] Registered StaticBody2D -> Local(8) Stable(Stable(56221147-3807-449e-8c88-e92544a47833))
[ComponentId] Registered RigidBody2D -> Local(9) Stable(Stable(8014592a-3375-4c07-ae29-598114227003))
[ComponentId] Registered CollisionShape2D -> Local(10) Stable(Stable(c9075775-7634-45e0-a006-037000784226))
[ComponentId] Registered PhysicsWorldState -> Local(11) Stable(Stable(fb4fe7e4-2244-48ea-9ec5-0a972a3861d4))
OverheadJitting  1: 1 op, 104084.00 ns, 104.0840 us/op
WorkloadJitting  1: 1 op, 269875.00 ns, 269.8750 us/op

OverheadJitting  2: 16 op, 113375.00 ns, 7.0859 us/op
WorkloadJitting  2: 16 op, 112958.00 ns, 7.0599 us/op

WorkloadPilot    1: 16 op, 458.00 ns, 28.6250 ns/op
WorkloadPilot    2: 32 op, 500.00 ns, 15.6250 ns/op
WorkloadPilot    3: 64 op, 708.00 ns, 11.0625 ns/op
WorkloadPilot    4: 128 op, 1250.00 ns, 9.7656 ns/op
WorkloadPilot    5: 256 op, 2416.00 ns, 9.4375 ns/op
WorkloadPilot    6: 512 op, 5250.00 ns, 10.2539 ns/op
WorkloadPilot    7: 1024 op, 10000.00 ns, 9.7656 ns/op
WorkloadPilot    8: 2048 op, 18791.00 ns, 9.1753 ns/op
WorkloadPilot    9: 4096 op, 38625.00 ns, 9.4299 ns/op
WorkloadPilot   10: 8192 op, 64667.00 ns, 7.8939 ns/op
WorkloadPilot   11: 16384 op, 100792.00 ns, 6.1519 ns/op
WorkloadPilot   12: 32768 op, 162583.00 ns, 4.9616 ns/op
WorkloadPilot   13: 65536 op, 283208.00 ns, 4.3214 ns/op
WorkloadPilot   14: 131072 op, 520000.00 ns, 3.9673 ns/op
WorkloadPilot   15: 262144 op, 1047000.00 ns, 3.9940 ns/op
WorkloadPilot   16: 524288 op, 1952875.00 ns, 3.7248 ns/op
WorkloadPilot   17: 1048576 op, 3887958.00 ns, 3.7078 ns/op
WorkloadPilot   18: 2097152 op, 7660417.00 ns, 3.6528 ns/op
WorkloadPilot   19: 4194304 op, 15469167.00 ns, 3.6881 ns/op
WorkloadPilot   20: 8388608 op, 30939083.00 ns, 3.6882 ns/op
WorkloadPilot   21: 16777216 op, 62329667.00 ns, 3.7151 ns/op
WorkloadPilot   22: 33554432 op, 73032917.00 ns, 2.1766 ns/op
WorkloadPilot   23: 67108864 op, 112273250.00 ns, 1.6730 ns/op
WorkloadPilot   24: 134217728 op, 224620167.00 ns, 1.6736 ns/op
WorkloadPilot   25: 268435456 op, 449212042.00 ns, 1.6734 ns/op
WorkloadPilot   26: 536870912 op, 896716959.00 ns, 1.6703 ns/op

OverheadWarmup   1: 536870912 op, 667250125.00 ns, 1.2429 ns/op
OverheadWarmup   2: 536870912 op, 571311084.00 ns, 1.0641 ns/op
OverheadWarmup   3: 536870912 op, 571885500.00 ns, 1.0652 ns/op
OverheadWarmup   4: 536870912 op, 572485000.00 ns, 1.0663 ns/op
OverheadWarmup   5: 536870912 op, 570925167.00 ns, 1.0634 ns/op
OverheadWarmup   6: 536870912 op, 570407875.00 ns, 1.0625 ns/op
OverheadWarmup   7: 536870912 op, 571894000.00 ns, 1.0652 ns/op
OverheadWarmup   8: 536870912 op, 569809916.00 ns, 1.0614 ns/op

OverheadActual   1: 536870912 op, 570205000.00 ns, 1.0621 ns/op
OverheadActual   2: 536870912 op, 571597041.00 ns, 1.0647 ns/op
OverheadActual   3: 536870912 op, 572962417.00 ns, 1.0672 ns/op
OverheadActual   4: 536870912 op, 574713584.00 ns, 1.0705 ns/op
OverheadActual   5: 536870912 op, 571981000.00 ns, 1.0654 ns/op
OverheadActual   6: 536870912 op, 571735333.00 ns, 1.0649 ns/op
OverheadActual   7: 536870912 op, 570252375.00 ns, 1.0622 ns/op
OverheadActual   8: 536870912 op, 571627958.00 ns, 1.0647 ns/op
OverheadActual   9: 536870912 op, 570632375.00 ns, 1.0629 ns/op
OverheadActual  10: 536870912 op, 570512875.00 ns, 1.0627 ns/op
OverheadActual  11: 536870912 op, 572355583.00 ns, 1.0661 ns/op
OverheadActual  12: 536870912 op, 571613792.00 ns, 1.0647 ns/op
OverheadActual  13: 536870912 op, 571599541.00 ns, 1.0647 ns/op
OverheadActual  14: 536870912 op, 571170334.00 ns, 1.0639 ns/op
OverheadActual  15: 536870912 op, 572461375.00 ns, 1.0663 ns/op

WorkloadWarmup   1: 536870912 op, 896342375.00 ns, 1.6696 ns/op
WorkloadWarmup   2: 536870912 op, 898756333.00 ns, 1.6741 ns/op
WorkloadWarmup   3: 536870912 op, 898586125.00 ns, 1.6737 ns/op
WorkloadWarmup   4: 536870912 op, 899379834.00 ns, 1.6752 ns/op
WorkloadWarmup   5: 536870912 op, 899195875.00 ns, 1.6749 ns/op
WorkloadWarmup   6: 536870912 op, 894932333.00 ns, 1.6669 ns/op

// BeforeActualRun
WorkloadActual   1: 536870912 op, 896625875.00 ns, 1.6701 ns/op
WorkloadActual   2: 536870912 op, 898007917.00 ns, 1.6727 ns/op
WorkloadActual   3: 536870912 op, 896242750.00 ns, 1.6694 ns/op
WorkloadActual   4: 536870912 op, 897268041.00 ns, 1.6713 ns/op
WorkloadActual   5: 536870912 op, 897455417.00 ns, 1.6716 ns/op
WorkloadActual   6: 536870912 op, 894162250.00 ns, 1.6655 ns/op
WorkloadActual   7: 536870912 op, 897338916.00 ns, 1.6714 ns/op
WorkloadActual   8: 536870912 op, 897843250.00 ns, 1.6724 ns/op
WorkloadActual   9: 536870912 op, 897686667.00 ns, 1.6721 ns/op
WorkloadActual  10: 536870912 op, 898825917.00 ns, 1.6742 ns/op
WorkloadActual  11: 536870912 op, 896675666.00 ns, 1.6702 ns/op
WorkloadActual  12: 536870912 op, 898010542.00 ns, 1.6727 ns/op
WorkloadActual  13: 536870912 op, 898178083.00 ns, 1.6730 ns/op
WorkloadActual  14: 536870912 op, 898716458.00 ns, 1.6740 ns/op
WorkloadActual  15: 536870912 op, 898394333.00 ns, 1.6734 ns/op

// AfterActualRun
WorkloadResult   1: 536870912 op, 325012083.00 ns, 0.6054 ns/op
WorkloadResult   2: 536870912 op, 326394125.00 ns, 0.6080 ns/op
WorkloadResult   3: 536870912 op, 324628958.00 ns, 0.6047 ns/op
WorkloadResult   4: 536870912 op, 325654249.00 ns, 0.6066 ns/op
WorkloadResult   5: 536870912 op, 325841625.00 ns, 0.6069 ns/op
WorkloadResult   6: 536870912 op, 322548458.00 ns, 0.6008 ns/op
WorkloadResult   7: 536870912 op, 325725124.00 ns, 0.6067 ns/op
WorkloadResult   8: 536870912 op, 326229458.00 ns, 0.6076 ns/op
WorkloadResult   9: 536870912 op, 326072875.00 ns, 0.6074 ns/op
WorkloadResult  10: 536870912 op, 327212125.00 ns, 0.6095 ns/op
WorkloadResult  11: 536870912 op, 325061874.00 ns, 0.6055 ns/op
WorkloadResult  12: 536870912 op, 326396750.00 ns, 0.6080 ns/op
WorkloadResult  13: 536870912 op, 326564291.00 ns, 0.6083 ns/op
WorkloadResult  14: 536870912 op, 327102666.00 ns, 0.6093 ns/op
WorkloadResult  15: 536870912 op, 326780541.00 ns, 0.6087 ns/op
// GC:  0 0 0 736 536870912
// Threading:  0 0 536870912

// AfterAll
// Benchmark Process 16902 has exited with code 0.

Mean = 0.607 ns, StdErr = 0.001 ns (0.09%), N = 15, StdDev = 0.002 ns
Min = 0.601 ns, Q1 = 0.606 ns, Median = 0.607 ns, Q3 = 0.608 ns, Max = 0.609 ns
IQR = 0.002 ns, LowerFence = 0.603 ns, UpperFence = 0.611 ns
ConfidenceInterval = [0.605 ns; 0.609 ns] (CI 99.9%), Margin = 0.002 ns (0.39% of Mean)
Skewness = -1.27, Kurtosis = 4.35, MValue = 2

// ** Remained 3 (8,3 %) benchmark(s) to run. Estimated finish 2026-03-26 11:56 (0h 2m from now) **
// **************************
// Benchmark: PhysicsBakeBenchmark.SteadyState: DefaultJob [ObstacleCount=60, AgentCount=10, RegionCount=4]
// *** Execute ***
// Launch: 1 / 1
// Execute: dotnet 4601f3fe-6af5-4365-a3e6-5c0da9f493f5.dll --anonymousPipes 120 121 --benchmarkName "Deterministic.GameFramework.Navigation.Benchmarks.PhysicsBakeBenchmark.SteadyState(ObstacleCount: 60, AgentCount: 10, RegionCount: 4)" --job Default --benchmarkId 33 in /Users/a1/Documents/GitHub/PizzaJam2026/Server/Framework/Benchmarks/Deterministic.GameFramework.Navigation.Benchmarks/bin/Release/net8.0/4601f3fe-6af5-4365-a3e6-5c0da9f493f5/bin/Release/net8.0
// Failed to set up high priority (Permission denied). In order to run benchmarks with high priority, make sure you have the right permissions.
// BeforeAnythingElse

// Benchmark Process Environment Information:
// BenchmarkDotNet v0.13.12
// Runtime=.NET 8.0.19 (8.0.1925.36514), Arm64 RyuJIT AdvSIMD
// GC=Concurrent Workstation
// HardwareIntrinsics=AdvSIMD,AES,CRC32,DP,RDM,SHA1,SHA256 VectorSize=128
// Job: DefaultJob

[ComponentId] Registered World -> Local(0) Stable(Stable(00000000-0000-0000-0000-000072b3622d))
[ComponentId] Registered Transform2D -> Local(1) Stable(Stable(aafea77a-2300-4eef-9ffc-071170bb9a26))
[ComponentId] Registered NavigationRegion2D -> Local(2) Stable(Stable(b7e2a1c3-4d56-4f89-a012-3e4f5a6b7c8d))
[ComponentId] Registered NavigationAgent2D -> Local(3) Stable(Stable(c8f3b2d4-5e67-4a90-b123-4f5a6b7c8d9e))
[ComponentId] Registered NavigationObstacle2D -> Local(4) Stable(Stable(d9a4c3e5-6f78-4b01-c234-5a6b7c8d9e0f))
[ComponentId] Registered NavigationWorld2D -> Local(5) Stable(Stable(ea5b4d6c-7f89-4012-d345-6a7b8c9d0e1f))
[ComponentId] Registered CharacterBody2D -> Local(6) Stable(Stable(1f3b7788-2947-4d66-9d33-1275d2757278))
[ComponentId] Registered Area2D -> Local(7) Stable(Stable(42ac8ac3-53d6-40ca-9f7e-5daee2548ba6))
[ComponentId] Registered StaticBody2D -> Local(8) Stable(Stable(56221147-3807-449e-8c88-e92544a47833))
[ComponentId] Registered RigidBody2D -> Local(9) Stable(Stable(8014592a-3375-4c07-ae29-598114227003))
[ComponentId] Registered CollisionShape2D -> Local(10) Stable(Stable(c9075775-7634-45e0-a006-037000784226))
[ComponentId] Registered PhysicsWorldState -> Local(11) Stable(Stable(fb4fe7e4-2244-48ea-9ec5-0a972a3861d4))
OverheadJitting  1: 1 op, 117875.00 ns, 117.8750 us/op
WorkloadJitting  1: 1 op, 325459.00 ns, 325.4590 us/op

OverheadJitting  2: 16 op, 106333.00 ns, 6.6458 us/op
WorkloadJitting  2: 16 op, 2052708.00 ns, 128.2942 us/op

WorkloadPilot    1: 16 op, 1832959.00 ns, 114.5599 us/op
WorkloadPilot    2: 32 op, 3632208.00 ns, 113.5065 us/op
WorkloadPilot    3: 64 op, 7202166.00 ns, 112.5338 us/op
WorkloadPilot    4: 128 op, 14014417.00 ns, 109.4876 us/op
WorkloadPilot    5: 256 op, 27950209.00 ns, 109.1805 us/op
WorkloadPilot    6: 512 op, 56009542.00 ns, 109.3936 us/op
WorkloadPilot    7: 1024 op, 110218291.00 ns, 107.6350 us/op
WorkloadPilot    8: 2048 op, 206087916.00 ns, 100.6289 us/op
WorkloadPilot    9: 4096 op, 286734917.00 ns, 70.0036 us/op
WorkloadPilot   10: 8192 op, 569566417.00 ns, 69.5272 us/op

OverheadWarmup   1: 8192 op, 18084.00 ns, 2.2075 ns/op
OverheadWarmup   2: 8192 op, 20084.00 ns, 2.4517 ns/op
OverheadWarmup   3: 8192 op, 19792.00 ns, 2.4160 ns/op
OverheadWarmup   4: 8192 op, 20625.00 ns, 2.5177 ns/op
OverheadWarmup   5: 8192 op, 19583.00 ns, 2.3905 ns/op

OverheadActual   1: 8192 op, 19959.00 ns, 2.4364 ns/op
OverheadActual   2: 8192 op, 19917.00 ns, 2.4313 ns/op
OverheadActual   3: 8192 op, 16583.00 ns, 2.0243 ns/op
OverheadActual   4: 8192 op, 20250.00 ns, 2.4719 ns/op
OverheadActual   5: 8192 op, 16292.00 ns, 1.9888 ns/op
OverheadActual   6: 8192 op, 19833.00 ns, 2.4210 ns/op
OverheadActual   7: 8192 op, 20208.00 ns, 2.4668 ns/op
OverheadActual   8: 8192 op, 16042.00 ns, 1.9583 ns/op
OverheadActual   9: 8192 op, 20542.00 ns, 2.5076 ns/op
OverheadActual  10: 8192 op, 19750.00 ns, 2.4109 ns/op
OverheadActual  11: 8192 op, 15917.00 ns, 1.9430 ns/op
OverheadActual  12: 8192 op, 19417.00 ns, 2.3702 ns/op
OverheadActual  13: 8192 op, 16125.00 ns, 1.9684 ns/op
OverheadActual  14: 8192 op, 15875.00 ns, 1.9379 ns/op
OverheadActual  15: 8192 op, 18875.00 ns, 2.3041 ns/op
OverheadActual  16: 8192 op, 19625.00 ns, 2.3956 ns/op
OverheadActual  17: 8192 op, 16666.00 ns, 2.0344 ns/op
OverheadActual  18: 8192 op, 16708.00 ns, 2.0396 ns/op
OverheadActual  19: 8192 op, 17875.00 ns, 2.1820 ns/op
OverheadActual  20: 8192 op, 20333.00 ns, 2.4821 ns/op

WorkloadWarmup   1: 8192 op, 569190583.00 ns, 69.4813 us/op
WorkloadWarmup   2: 8192 op, 569588583.00 ns, 69.5299 us/op
WorkloadWarmup   3: 8192 op, 568662166.00 ns, 69.4168 us/op
WorkloadWarmup   4: 8192 op, 570013875.00 ns, 69.5818 us/op
WorkloadWarmup   5: 8192 op, 570542250.00 ns, 69.6463 us/op
WorkloadWarmup   6: 8192 op, 570031459.00 ns, 69.5839 us/op

// BeforeActualRun
WorkloadActual   1: 8192 op, 569894542.00 ns, 69.5672 us/op
WorkloadActual   2: 8192 op, 570271167.00 ns, 69.6132 us/op
WorkloadActual   3: 8192 op, 569927541.00 ns, 69.5712 us/op
WorkloadActual   4: 8192 op, 569018917.00 ns, 69.4603 us/op
WorkloadActual   5: 8192 op, 567736875.00 ns, 69.3038 us/op
WorkloadActual   6: 8192 op, 569947375.00 ns, 69.5737 us/op
WorkloadActual   7: 8192 op, 568479625.00 ns, 69.3945 us/op
WorkloadActual   8: 8192 op, 569335000.00 ns, 69.4989 us/op
WorkloadActual   9: 8192 op, 569572250.00 ns, 69.5279 us/op
WorkloadActual  10: 8192 op, 569262250.00 ns, 69.4900 us/op
WorkloadActual  11: 8192 op, 569669875.00 ns, 69.5398 us/op
WorkloadActual  12: 8192 op, 570043042.00 ns, 69.5853 us/op
WorkloadActual  13: 8192 op, 569137709.00 ns, 69.4748 us/op
WorkloadActual  14: 8192 op, 568865125.00 ns, 69.4415 us/op
WorkloadActual  15: 8192 op, 569228125.00 ns, 69.4859 us/op

// AfterActualRun
WorkloadResult   1: 8192 op, 569875396.00 ns, 69.5649 us/op
WorkloadResult   2: 8192 op, 570252021.00 ns, 69.6108 us/op
WorkloadResult   3: 8192 op, 569908395.00 ns, 69.5689 us/op
WorkloadResult   4: 8192 op, 568999771.00 ns, 69.4580 us/op
WorkloadResult   5: 8192 op, 567717729.00 ns, 69.3015 us/op
WorkloadResult   6: 8192 op, 569928229.00 ns, 69.5713 us/op
WorkloadResult   7: 8192 op, 568460479.00 ns, 69.3921 us/op
WorkloadResult   8: 8192 op, 569315854.00 ns, 69.4966 us/op
WorkloadResult   9: 8192 op, 569553104.00 ns, 69.5255 us/op
WorkloadResult  10: 8192 op, 569243104.00 ns, 69.4877 us/op
WorkloadResult  11: 8192 op, 569650729.00 ns, 69.5374 us/op
WorkloadResult  12: 8192 op, 570023896.00 ns, 69.5830 us/op
WorkloadResult  13: 8192 op, 569118563.00 ns, 69.4725 us/op
WorkloadResult  14: 8192 op, 568845979.00 ns, 69.4392 us/op
WorkloadResult  15: 8192 op, 569208979.00 ns, 69.4835 us/op
// GC:  0 0 0 4391648 8192
// Threading:  0 0 8192

// AfterAll
// Benchmark Process 16910 has exited with code 0.

Mean = 69.500 μs, StdErr = 0.021 μs (0.03%), N = 15, StdDev = 0.081 μs
Min = 69.301 μs, Q1 = 69.465 μs, Median = 69.497 μs, Q3 = 69.567 μs, Max = 69.611 μs
IQR = 0.102 μs, LowerFence = 69.313 μs, UpperFence = 69.719 μs
ConfidenceInterval = [69.412 μs; 69.587 μs] (CI 99.9%), Margin = 0.087 μs (0.13% of Mean)
Skewness = -0.78, Kurtosis = 2.96, MValue = 2

// ** Remained 2 (5,6 %) benchmark(s) to run. Estimated finish 2026-03-26 11:55 (0h 1m from now) **
// **************************
// Benchmark: PhysicsBakeBenchmark.PhysicsRebake: DefaultJob [ObstacleCount=60, AgentCount=10, RegionCount=4]
// *** Execute ***
// Launch: 1 / 1
// Execute: dotnet 4601f3fe-6af5-4365-a3e6-5c0da9f493f5.dll --anonymousPipes 120 121 --benchmarkName "Deterministic.GameFramework.Navigation.Benchmarks.PhysicsBakeBenchmark.PhysicsRebake(ObstacleCount: 60, AgentCount: 10, RegionCount: 4)" --job Default --benchmarkId 34 in /Users/a1/Documents/GitHub/PizzaJam2026/Server/Framework/Benchmarks/Deterministic.GameFramework.Navigation.Benchmarks/bin/Release/net8.0/4601f3fe-6af5-4365-a3e6-5c0da9f493f5/bin/Release/net8.0
// Failed to set up high priority (Permission denied). In order to run benchmarks with high priority, make sure you have the right permissions.
// BeforeAnythingElse

// Benchmark Process Environment Information:
// BenchmarkDotNet v0.13.12
// Runtime=.NET 8.0.19 (8.0.1925.36514), Arm64 RyuJIT AdvSIMD
// GC=Concurrent Workstation
// HardwareIntrinsics=AdvSIMD,AES,CRC32,DP,RDM,SHA1,SHA256 VectorSize=128
// Job: DefaultJob

[ComponentId] Registered World -> Local(0) Stable(Stable(00000000-0000-0000-0000-000072b3622d))
[ComponentId] Registered Transform2D -> Local(1) Stable(Stable(aafea77a-2300-4eef-9ffc-071170bb9a26))
[ComponentId] Registered NavigationRegion2D -> Local(2) Stable(Stable(b7e2a1c3-4d56-4f89-a012-3e4f5a6b7c8d))
[ComponentId] Registered NavigationAgent2D -> Local(3) Stable(Stable(c8f3b2d4-5e67-4a90-b123-4f5a6b7c8d9e))
[ComponentId] Registered NavigationObstacle2D -> Local(4) Stable(Stable(d9a4c3e5-6f78-4b01-c234-5a6b7c8d9e0f))
[ComponentId] Registered NavigationWorld2D -> Local(5) Stable(Stable(ea5b4d6c-7f89-4012-d345-6a7b8c9d0e1f))
[ComponentId] Registered CharacterBody2D -> Local(6) Stable(Stable(1f3b7788-2947-4d66-9d33-1275d2757278))
[ComponentId] Registered Area2D -> Local(7) Stable(Stable(42ac8ac3-53d6-40ca-9f7e-5daee2548ba6))
[ComponentId] Registered StaticBody2D -> Local(8) Stable(Stable(56221147-3807-449e-8c88-e92544a47833))
[ComponentId] Registered RigidBody2D -> Local(9) Stable(Stable(8014592a-3375-4c07-ae29-598114227003))
[ComponentId] Registered CollisionShape2D -> Local(10) Stable(Stable(c9075775-7634-45e0-a006-037000784226))
[ComponentId] Registered PhysicsWorldState -> Local(11) Stable(Stable(fb4fe7e4-2244-48ea-9ec5-0a972a3861d4))
OverheadJitting  1: 1 op, 117125.00 ns, 117.1250 us/op
WorkloadJitting  1: 1 op, 135124750.00 ns, 135.1248 ms/op

WorkloadPilot    1: 2 op, 279706292.00 ns, 139.8531 ms/op
WorkloadPilot    2: 3 op, 349027584.00 ns, 116.3425 ms/op
WorkloadPilot    3: 4 op, 380005875.00 ns, 95.0015 ms/op
WorkloadPilot    4: 5 op, 474534667.00 ns, 94.9069 ms/op
WorkloadPilot    5: 6 op, 569626125.00 ns, 94.9377 ms/op

WorkloadWarmup   1: 6 op, 568655709.00 ns, 94.7760 ms/op
WorkloadWarmup   2: 6 op, 571976583.00 ns, 95.3294 ms/op
WorkloadWarmup   3: 6 op, 569565417.00 ns, 94.9276 ms/op
WorkloadWarmup   4: 6 op, 569635500.00 ns, 94.9393 ms/op
WorkloadWarmup   5: 6 op, 570162958.00 ns, 95.0272 ms/op
WorkloadWarmup   6: 6 op, 568851959.00 ns, 94.8087 ms/op

// BeforeActualRun
WorkloadActual   1: 6 op, 746473792.00 ns, 124.4123 ms/op
WorkloadActual   2: 6 op, 919562458.00 ns, 153.2604 ms/op
WorkloadActual   3: 6 op, 918734042.00 ns, 153.1223 ms/op
WorkloadActual   4: 6 op, 918149792.00 ns, 153.0250 ms/op
WorkloadActual   5: 6 op, 920529000.00 ns, 153.4215 ms/op
WorkloadActual   6: 6 op, 918700375.00 ns, 153.1167 ms/op
WorkloadActual   7: 6 op, 918529542.00 ns, 153.0883 ms/op
WorkloadActual   8: 6 op, 919326500.00 ns, 153.2211 ms/op
WorkloadActual   9: 6 op, 919346875.00 ns, 153.2245 ms/op
WorkloadActual  10: 6 op, 919478458.00 ns, 153.2464 ms/op
WorkloadActual  11: 6 op, 920819291.00 ns, 153.4699 ms/op
WorkloadActual  12: 6 op, 918540000.00 ns, 153.0900 ms/op
WorkloadActual  13: 6 op, 918481958.00 ns, 153.0803 ms/op
WorkloadActual  14: 6 op, 918867167.00 ns, 153.1445 ms/op
WorkloadActual  15: 6 op, 918763750.00 ns, 153.1273 ms/op
WorkloadActual  16: 6 op, 921974000.00 ns, 153.6623 ms/op
WorkloadActual  17: 6 op, 920159625.00 ns, 153.3599 ms/op
WorkloadActual  18: 6 op, 920526291.00 ns, 153.4210 ms/op
WorkloadActual  19: 6 op, 919905917.00 ns, 153.3177 ms/op
WorkloadActual  20: 6 op, 920266500.00 ns, 153.3777 ms/op
WorkloadActual  21: 6 op, 921443208.00 ns, 153.5739 ms/op
WorkloadActual  22: 6 op, 918393250.00 ns, 153.0655 ms/op
WorkloadActual  23: 6 op, 924483750.00 ns, 154.0806 ms/op
WorkloadActual  24: 6 op, 920129792.00 ns, 153.3550 ms/op
WorkloadActual  25: 6 op, 920227333.00 ns, 153.3712 ms/op
WorkloadActual  26: 6 op, 920567250.00 ns, 153.4279 ms/op
WorkloadActual  27: 6 op, 922074875.00 ns, 153.6791 ms/op
WorkloadActual  28: 6 op, 918441167.00 ns, 153.0735 ms/op
WorkloadActual  29: 6 op, 921944667.00 ns, 153.6574 ms/op
WorkloadActual  30: 6 op, 920932375.00 ns, 153.4887 ms/op
WorkloadActual  31: 6 op, 920389542.00 ns, 153.3983 ms/op
WorkloadActual  32: 6 op, 918826417.00 ns, 153.1377 ms/op
WorkloadActual  33: 6 op, 918659291.00 ns, 153.1099 ms/op
WorkloadActual  34: 6 op, 918822250.00 ns, 153.1370 ms/op
WorkloadActual  35: 6 op, 920464042.00 ns, 153.4107 ms/op
WorkloadActual  36: 6 op, 921487083.00 ns, 153.5812 ms/op

// AfterActualRun
WorkloadResult   1: 6 op, 746473792.00 ns, 124.4123 ms/op
WorkloadResult   2: 6 op, 919562458.00 ns, 153.2604 ms/op
WorkloadResult   3: 6 op, 918734042.00 ns, 153.1223 ms/op
WorkloadResult   4: 6 op, 918149792.00 ns, 153.0250 ms/op
WorkloadResult   5: 6 op, 920529000.00 ns, 153.4215 ms/op
WorkloadResult   6: 6 op, 918700375.00 ns, 153.1167 ms/op
WorkloadResult   7: 6 op, 918529542.00 ns, 153.0883 ms/op
WorkloadResult   8: 6 op, 919326500.00 ns, 153.2211 ms/op
WorkloadResult   9: 6 op, 919346875.00 ns, 153.2245 ms/op
WorkloadResult  10: 6 op, 919478458.00 ns, 153.2464 ms/op
WorkloadResult  11: 6 op, 920819291.00 ns, 153.4699 ms/op
WorkloadResult  12: 6 op, 918540000.00 ns, 153.0900 ms/op
WorkloadResult  13: 6 op, 918481958.00 ns, 153.0803 ms/op
WorkloadResult  14: 6 op, 918867167.00 ns, 153.1445 ms/op
WorkloadResult  15: 6 op, 918763750.00 ns, 153.1273 ms/op
WorkloadResult  16: 6 op, 921974000.00 ns, 153.6623 ms/op
WorkloadResult  17: 6 op, 920159625.00 ns, 153.3599 ms/op
WorkloadResult  18: 6 op, 920526291.00 ns, 153.4210 ms/op
WorkloadResult  19: 6 op, 919905917.00 ns, 153.3177 ms/op
WorkloadResult  20: 6 op, 920266500.00 ns, 153.3777 ms/op
WorkloadResult  21: 6 op, 921443208.00 ns, 153.5739 ms/op
WorkloadResult  22: 6 op, 918393250.00 ns, 153.0655 ms/op
WorkloadResult  23: 6 op, 920129792.00 ns, 153.3550 ms/op
WorkloadResult  24: 6 op, 920227333.00 ns, 153.3712 ms/op
WorkloadResult  25: 6 op, 920567250.00 ns, 153.4279 ms/op
WorkloadResult  26: 6 op, 922074875.00 ns, 153.6791 ms/op
WorkloadResult  27: 6 op, 918441167.00 ns, 153.0735 ms/op
WorkloadResult  28: 6 op, 921944667.00 ns, 153.6574 ms/op
WorkloadResult  29: 6 op, 920932375.00 ns, 153.4887 ms/op
WorkloadResult  30: 6 op, 920389542.00 ns, 153.3983 ms/op
WorkloadResult  31: 6 op, 918826417.00 ns, 153.1377 ms/op
WorkloadResult  32: 6 op, 918659291.00 ns, 153.1099 ms/op
WorkloadResult  33: 6 op, 918822250.00 ns, 153.1370 ms/op
WorkloadResult  34: 6 op, 920464042.00 ns, 153.4107 ms/op
WorkloadResult  35: 6 op, 921487083.00 ns, 153.5812 ms/op
// GC:  5 3 2 52266712 6
// Threading:  0 0 6

// AfterAll
// Benchmark Process 16911 has exited with code 0.

Mean = 152.476 ms, StdErr = 0.826 ms (0.54%), N = 35, StdDev = 4.887 ms
Min = 124.412 ms, Q1 = 153.120 ms, Median = 153.260 ms, Q3 = 153.421 ms, Max = 153.679 ms
IQR = 0.302 ms, LowerFence = 152.667 ms, UpperFence = 153.874 ms
ConfidenceInterval = [149.502 ms; 155.450 ms] (CI 99.9%), Margin = 2.974 ms (1.95% of Mean)
Skewness = -5.41, Kurtosis = 31.07, MValue = 2

// ** Remained 1 (2,8 %) benchmark(s) to run. Estimated finish 2026-03-26 11:55 (0h 0m from now) **
// **************************
// Benchmark: PhysicsBakeBenchmark.PhysicsRebake_WithRegions: DefaultJob [ObstacleCount=60, AgentCount=10, RegionCount=4]
// *** Execute ***
// Launch: 1 / 1
// Execute: dotnet 4601f3fe-6af5-4365-a3e6-5c0da9f493f5.dll --anonymousPipes 120 121 --benchmarkName "Deterministic.GameFramework.Navigation.Benchmarks.PhysicsBakeBenchmark.PhysicsRebake_WithRegions(ObstacleCount: 60, AgentCount: 10, RegionCount: 4)" --job Default --benchmarkId 35 in /Users/a1/Documents/GitHub/PizzaJam2026/Server/Framework/Benchmarks/Deterministic.GameFramework.Navigation.Benchmarks/bin/Release/net8.0/4601f3fe-6af5-4365-a3e6-5c0da9f493f5/bin/Release/net8.0
// Failed to set up high priority (Permission denied). In order to run benchmarks with high priority, make sure you have the right permissions.
// BeforeAnythingElse

// Benchmark Process Environment Information:
// BenchmarkDotNet v0.13.12
// Runtime=.NET 8.0.19 (8.0.1925.36514), Arm64 RyuJIT AdvSIMD
// GC=Concurrent Workstation
// HardwareIntrinsics=AdvSIMD,AES,CRC32,DP,RDM,SHA1,SHA256 VectorSize=128
// Job: DefaultJob

[ComponentId] Registered World -> Local(0) Stable(Stable(00000000-0000-0000-0000-000072b3622d))
[ComponentId] Registered Transform2D -> Local(1) Stable(Stable(aafea77a-2300-4eef-9ffc-071170bb9a26))
[ComponentId] Registered NavigationRegion2D -> Local(2) Stable(Stable(b7e2a1c3-4d56-4f89-a012-3e4f5a6b7c8d))
[ComponentId] Registered NavigationAgent2D -> Local(3) Stable(Stable(c8f3b2d4-5e67-4a90-b123-4f5a6b7c8d9e))
[ComponentId] Registered NavigationObstacle2D -> Local(4) Stable(Stable(d9a4c3e5-6f78-4b01-c234-5a6b7c8d9e0f))
[ComponentId] Registered NavigationWorld2D -> Local(5) Stable(Stable(ea5b4d6c-7f89-4012-d345-6a7b8c9d0e1f))
[ComponentId] Registered CharacterBody2D -> Local(6) Stable(Stable(1f3b7788-2947-4d66-9d33-1275d2757278))
[ComponentId] Registered Area2D -> Local(7) Stable(Stable(42ac8ac3-53d6-40ca-9f7e-5daee2548ba6))
[ComponentId] Registered StaticBody2D -> Local(8) Stable(Stable(56221147-3807-449e-8c88-e92544a47833))
[ComponentId] Registered RigidBody2D -> Local(9) Stable(Stable(8014592a-3375-4c07-ae29-598114227003))
[ComponentId] Registered CollisionShape2D -> Local(10) Stable(Stable(c9075775-7634-45e0-a006-037000784226))
[ComponentId] Registered PhysicsWorldState -> Local(11) Stable(Stable(fb4fe7e4-2244-48ea-9ec5-0a972a3861d4))
OverheadJitting  1: 1 op, 112417.00 ns, 112.4170 us/op
WorkloadJitting  1: 1 op, 135991666.00 ns, 135.9917 ms/op

WorkloadPilot    1: 2 op, 271225458.00 ns, 135.6127 ms/op
WorkloadPilot    2: 3 op, 391178167.00 ns, 130.3927 ms/op
WorkloadPilot    3: 4 op, 379639875.00 ns, 94.9100 ms/op
WorkloadPilot    4: 5 op, 474979958.00 ns, 94.9960 ms/op
WorkloadPilot    5: 6 op, 569601458.00 ns, 94.9336 ms/op

WorkloadWarmup   1: 6 op, 570931292.00 ns, 95.1552 ms/op
WorkloadWarmup   2: 6 op, 573089708.00 ns, 95.5150 ms/op
WorkloadWarmup   3: 6 op, 570275917.00 ns, 95.0460 ms/op
WorkloadWarmup   4: 6 op, 568600541.00 ns, 94.7668 ms/op
WorkloadWarmup   5: 6 op, 569379750.00 ns, 94.8966 ms/op
WorkloadWarmup   6: 6 op, 573240833.00 ns, 95.5401 ms/op
WorkloadWarmup   7: 6 op, 746748250.00 ns, 124.4580 ms/op
WorkloadWarmup   8: 6 op, 921073833.00 ns, 153.5123 ms/op
WorkloadWarmup   9: 6 op, 921134666.00 ns, 153.5224 ms/op
WorkloadWarmup  10: 6 op, 921051166.00 ns, 153.5085 ms/op

// BeforeActualRun
WorkloadActual   1: 6 op, 923032709.00 ns, 153.8388 ms/op
WorkloadActual   2: 6 op, 920276500.00 ns, 153.3794 ms/op
WorkloadActual   3: 6 op, 918314250.00 ns, 153.0524 ms/op
WorkloadActual   4: 6 op, 917730458.00 ns, 152.9551 ms/op
WorkloadActual   5: 6 op, 918447625.00 ns, 153.0746 ms/op
WorkloadActual   6: 6 op, 919519209.00 ns, 153.2532 ms/op
WorkloadActual   7: 6 op, 918637083.00 ns, 153.1062 ms/op
WorkloadActual   8: 6 op, 921029208.00 ns, 153.5049 ms/op
WorkloadActual   9: 6 op, 919406709.00 ns, 153.2345 ms/op
WorkloadActual  10: 6 op, 918131541.00 ns, 153.0219 ms/op
WorkloadActual  11: 6 op, 917771167.00 ns, 152.9619 ms/op
WorkloadActual  12: 6 op, 920636500.00 ns, 153.4394 ms/op
WorkloadActual  13: 6 op, 917467417.00 ns, 152.9112 ms/op
WorkloadActual  14: 6 op, 918429250.00 ns, 153.0715 ms/op
WorkloadActual  15: 6 op, 917271625.00 ns, 152.8786 ms/op

// AfterActualRun
WorkloadResult   1: 6 op, 920276500.00 ns, 153.3794 ms/op
WorkloadResult   2: 6 op, 918314250.00 ns, 153.0524 ms/op
WorkloadResult   3: 6 op, 917730458.00 ns, 152.9551 ms/op
WorkloadResult   4: 6 op, 918447625.00 ns, 153.0746 ms/op
WorkloadResult   5: 6 op, 919519209.00 ns, 153.2532 ms/op
WorkloadResult   6: 6 op, 918637083.00 ns, 153.1062 ms/op
WorkloadResult   7: 6 op, 921029208.00 ns, 153.5049 ms/op
WorkloadResult   8: 6 op, 919406709.00 ns, 153.2345 ms/op
WorkloadResult   9: 6 op, 918131541.00 ns, 153.0219 ms/op
WorkloadResult  10: 6 op, 917771167.00 ns, 152.9619 ms/op
WorkloadResult  11: 6 op, 920636500.00 ns, 153.4394 ms/op
WorkloadResult  12: 6 op, 917467417.00 ns, 152.9112 ms/op
WorkloadResult  13: 6 op, 918429250.00 ns, 153.0715 ms/op
WorkloadResult  14: 6 op, 917271625.00 ns, 152.8786 ms/op
// GC:  5 3 2 52267048 6
// Threading:  0 0 6

// AfterAll
// Benchmark Process 16914 has exited with code 0.

Mean = 153.132 ms, StdErr = 0.053 ms (0.03%), N = 14, StdDev = 0.200 ms
Min = 152.879 ms, Q1 = 152.977 ms, Median = 153.073 ms, Q3 = 153.249 ms, Max = 153.505 ms
IQR = 0.272 ms, LowerFence = 152.569 ms, UpperFence = 153.656 ms
ConfidenceInterval = [152.906 ms; 153.357 ms] (CI 99.9%), Margin = 0.225 ms (0.15% of Mean)
Skewness = 0.53, Kurtosis = 1.83, MValue = 2

// ** Remained 0 (0,0 %) benchmark(s) to run. Estimated finish 2026-03-26 11:55 (0h 0m from now) **
// ***** BenchmarkRunner: Finish  *****

// * Export *
  BenchmarkDotNet.Artifacts/results/Deterministic.GameFramework.Navigation.Benchmarks.PhysicsBakeBenchmark-report.csv
  BenchmarkDotNet.Artifacts/results/Deterministic.GameFramework.Navigation.Benchmarks.PhysicsBakeBenchmark-report-github.md
  BenchmarkDotNet.Artifacts/results/Deterministic.GameFramework.Navigation.Benchmarks.PhysicsBakeBenchmark-report.html

// * Detailed results *
PhysicsBakeBenchmark.SteadyState: DefaultJob [ObstacleCount=10, AgentCount=3, RegionCount=0]
Runtime = .NET 8.0.19 (8.0.1925.36514), Arm64 RyuJIT AdvSIMD; GC = Concurrent Workstation
Mean = 20.306 μs, StdErr = 0.019 μs (0.09%), N = 13, StdDev = 0.069 μs
Min = 20.228 μs, Q1 = 20.252 μs, Median = 20.307 μs, Q3 = 20.333 μs, Max = 20.486 μs
IQR = 0.081 μs, LowerFence = 20.130 μs, UpperFence = 20.454 μs
ConfidenceInterval = [20.223 μs; 20.389 μs] (CI 99.9%), Margin = 0.083 μs (0.41% of Mean)
Skewness = 1.11, Kurtosis = 3.82, MValue = 2
-------------------- Histogram --------------------
[20.190 μs ; 20.524 μs) | @@@@@@@@@@@@@
---------------------------------------------------

PhysicsBakeBenchmark.PhysicsRebake: DefaultJob [ObstacleCount=10, AgentCount=3, RegionCount=0]
Runtime = .NET 8.0.19 (8.0.1925.36514), Arm64 RyuJIT AdvSIMD; GC = Concurrent Workstation
Mean = 5.388 ms, StdErr = 0.005 ms (0.10%), N = 15, StdDev = 0.020 ms
Min = 5.348 ms, Q1 = 5.376 ms, Median = 5.394 ms, Q3 = 5.401 ms, Max = 5.418 ms
IQR = 0.025 ms, LowerFence = 5.338 ms, UpperFence = 5.440 ms
ConfidenceInterval = [5.367 ms; 5.409 ms] (CI 99.9%), Margin = 0.021 ms (0.40% of Mean)
Skewness = -0.35, Kurtosis = 2.06, MValue = 2
-------------------- Histogram --------------------
[5.337 ms ; 5.429 ms) | @@@@@@@@@@@@@@@
---------------------------------------------------

PhysicsBakeBenchmark.PhysicsRebake_WithRegions: DefaultJob [ObstacleCount=10, AgentCount=3, RegionCount=0]
Runtime = .NET 8.0.19 (8.0.1925.36514), Arm64 RyuJIT AdvSIMD; GC = Concurrent Workstation
Mean = 0.615 ns, StdErr = 0.001 ns (0.17%), N = 15, StdDev = 0.004 ns
Min = 0.610 ns, Q1 = 0.613 ns, Median = 0.614 ns, Q3 = 0.618 ns, Max = 0.624 ns
IQR = 0.006 ns, LowerFence = 0.604 ns, UpperFence = 0.627 ns
ConfidenceInterval = [0.611 ns; 0.620 ns] (CI 99.9%), Margin = 0.004 ns (0.72% of Mean)
Skewness = 0.35, Kurtosis = 1.98, MValue = 2
-------------------- Histogram --------------------
[0.608 ns ; 0.626 ns) | @@@@@@@@@@@@@@@
---------------------------------------------------

PhysicsBakeBenchmark.SteadyState: DefaultJob [ObstacleCount=10, AgentCount=3, RegionCount=4]
Runtime = .NET 8.0.19 (8.0.1925.36514), Arm64 RyuJIT AdvSIMD; GC = Concurrent Workstation
Mean = 20.398 μs, StdErr = 0.013 μs (0.07%), N = 14, StdDev = 0.050 μs
Min = 20.310 μs, Q1 = 20.370 μs, Median = 20.405 μs, Q3 = 20.428 μs, Max = 20.498 μs
IQR = 0.057 μs, LowerFence = 20.284 μs, UpperFence = 20.514 μs
ConfidenceInterval = [20.341 μs; 20.455 μs] (CI 99.9%), Margin = 0.057 μs (0.28% of Mean)
Skewness = 0.03, Kurtosis = 2.26, MValue = 2
-------------------- Histogram --------------------
[20.283 μs ; 20.526 μs) | @@@@@@@@@@@@@@
---------------------------------------------------

PhysicsBakeBenchmark.PhysicsRebake: DefaultJob [ObstacleCount=10, AgentCount=3, RegionCount=4]
Runtime = .NET 8.0.19 (8.0.1925.36514), Arm64 RyuJIT AdvSIMD; GC = Concurrent Workstation
Mean = 200.758 ms, StdErr = 1.163 ms (0.58%), N = 73, StdDev = 9.939 ms
Min = 123.063 ms, Q1 = 201.878 ms, Median = 202.163 ms, Q3 = 202.687 ms, Max = 203.609 ms
IQR = 0.809 ms, LowerFence = 200.664 ms, UpperFence = 203.901 ms
ConfidenceInterval = [196.767 ms; 204.749 ms] (CI 99.9%), Margin = 3.991 ms (1.99% of Mean)
Skewness = -6.91, Kurtosis = 52.27, MValue = 2
-------------------- Histogram --------------------
[119.942 ms ; 126.184 ms) | @
[126.184 ms ; 132.427 ms) | 
[132.427 ms ; 138.669 ms) | 
[138.669 ms ; 144.912 ms) | 
[144.912 ms ; 151.154 ms) | 
[151.154 ms ; 157.397 ms) | 
[157.397 ms ; 163.639 ms) | 
[163.639 ms ; 167.797 ms) | 
[167.797 ms ; 174.039 ms) | @
[174.039 ms ; 180.282 ms) | 
[180.282 ms ; 186.524 ms) | 
[186.524 ms ; 192.767 ms) | 
[192.767 ms ; 199.122 ms) | 
[199.122 ms ; 205.365 ms) | @@@@@@@@@@@@@@@@@@@@@@@@@@@@@@@@@@@@@@@@@@@@@@@@@@@@@@@@@@@@@@@@@@@@@@@
---------------------------------------------------

PhysicsBakeBenchmark.PhysicsRebake_WithRegions: DefaultJob [ObstacleCount=10, AgentCount=3, RegionCount=4]
Runtime = .NET 8.0.19 (8.0.1925.36514), Arm64 RyuJIT AdvSIMD; GC = Concurrent Workstation
Mean = 199.513 ms, StdErr = 1.358 ms (0.68%), N = 100, StdDev = 13.581 ms
Min = 124.595 ms, Q1 = 201.640 ms, Median = 202.235 ms, Q3 = 202.435 ms, Max = 203.429 ms
IQR = 0.796 ms, LowerFence = 200.446 ms, UpperFence = 203.629 ms
ConfidenceInterval = [194.907 ms; 204.119 ms] (CI 99.9%), Margin = 4.606 ms (2.31% of Mean)
Skewness = -5.09, Kurtosis = 27.78, MValue = 2
-------------------- Histogram --------------------
[120.754 ms ; 128.558 ms) | @@@
[128.558 ms ; 136.238 ms) | 
[136.238 ms ; 143.918 ms) | 
[143.918 ms ; 151.599 ms) | 
[151.599 ms ; 159.279 ms) | 
[159.279 ms ; 167.577 ms) | 
[167.577 ms ; 175.257 ms) | @
[175.257 ms ; 182.938 ms) | 
[182.938 ms ; 190.618 ms) | 
[190.618 ms ; 198.532 ms) | 
[198.532 ms ; 207.269 ms) | @@@@@@@@@@@@@@@@@@@@@@@@@@@@@@@@@@@@@@@@@@@@@@@@@@@@@@@@@@@@@@@@@@@@@@@@@@@@@@@@@@@@@@@@@@@@@@@@
---------------------------------------------------

PhysicsBakeBenchmark.SteadyState: DefaultJob [ObstacleCount=10, AgentCount=10, RegionCount=0]
Runtime = .NET 8.0.19 (8.0.1925.36514), Arm64 RyuJIT AdvSIMD; GC = Concurrent Workstation
Mean = 62.636 μs, StdErr = 0.049 μs (0.08%), N = 15, StdDev = 0.190 μs
Min = 62.304 μs, Q1 = 62.489 μs, Median = 62.673 μs, Q3 = 62.743 μs, Max = 62.957 μs
IQR = 0.254 μs, LowerFence = 62.108 μs, UpperFence = 63.124 μs
ConfidenceInterval = [62.432 μs; 62.839 μs] (CI 99.9%), Margin = 0.204 μs (0.33% of Mean)
Skewness = -0.31, Kurtosis = 1.99, MValue = 2
-------------------- Histogram --------------------
[62.202 μs ; 63.059 μs) | @@@@@@@@@@@@@@@
---------------------------------------------------

PhysicsBakeBenchmark.PhysicsRebake: DefaultJob [ObstacleCount=10, AgentCount=10, RegionCount=0]
Runtime = .NET 8.0.19 (8.0.1925.36514), Arm64 RyuJIT AdvSIMD; GC = Concurrent Workstation
Mean = 5.374 ms, StdErr = 0.004 ms (0.07%), N = 14, StdDev = 0.015 ms
Min = 5.347 ms, Q1 = 5.365 ms, Median = 5.378 ms, Q3 = 5.385 ms, Max = 5.394 ms
IQR = 0.020 ms, LowerFence = 5.335 ms, UpperFence = 5.416 ms
ConfidenceInterval = [5.357 ms; 5.391 ms] (CI 99.9%), Margin = 0.017 ms (0.32% of Mean)
Skewness = -0.37, Kurtosis = 1.82, MValue = 2
-------------------- Histogram --------------------
[5.339 ms ; 5.402 ms) | @@@@@@@@@@@@@@
---------------------------------------------------

PhysicsBakeBenchmark.PhysicsRebake_WithRegions: DefaultJob [ObstacleCount=10, AgentCount=10, RegionCount=0]
Runtime = .NET 8.0.19 (8.0.1925.36514), Arm64 RyuJIT AdvSIMD; GC = Concurrent Workstation
Mean = 0.611 ns, StdErr = 0.001 ns (0.16%), N = 15, StdDev = 0.004 ns
Min = 0.605 ns, Q1 = 0.608 ns, Median = 0.611 ns, Q3 = 0.614 ns, Max = 0.619 ns
IQR = 0.005 ns, LowerFence = 0.600 ns, UpperFence = 0.622 ns
ConfidenceInterval = [0.607 ns; 0.615 ns] (CI 99.9%), Margin = 0.004 ns (0.65% of Mean)
Skewness = 0.33, Kurtosis = 2.14, MValue = 2
-------------------- Histogram --------------------
[0.603 ns ; 0.621 ns) | @@@@@@@@@@@@@@@
---------------------------------------------------

PhysicsBakeBenchmark.SteadyState: DefaultJob [ObstacleCount=10, AgentCount=10, RegionCount=4]
Runtime = .NET 8.0.19 (8.0.1925.36514), Arm64 RyuJIT AdvSIMD; GC = Concurrent Workstation
Mean = 62.870 μs, StdErr = 0.047 μs (0.07%), N = 15, StdDev = 0.180 μs
Min = 62.611 μs, Q1 = 62.746 μs, Median = 62.853 μs, Q3 = 62.976 μs, Max = 63.213 μs
IQR = 0.230 μs, LowerFence = 62.401 μs, UpperFence = 63.320 μs
ConfidenceInterval = [62.677 μs; 63.062 μs] (CI 99.9%), Margin = 0.193 μs (0.31% of Mean)
Skewness = 0.37, Kurtosis = 1.97, MValue = 2
-------------------- Histogram --------------------
[62.515 μs ; 63.309 μs) | @@@@@@@@@@@@@@@
---------------------------------------------------

PhysicsBakeBenchmark.PhysicsRebake: DefaultJob [ObstacleCount=10, AgentCount=10, RegionCount=4]
Runtime = .NET 8.0.19 (8.0.1925.36514), Arm64 RyuJIT AdvSIMD; GC = Concurrent Workstation
Mean = 200.513 ms, StdErr = 1.164 ms (0.58%), N = 72, StdDev = 9.880 ms
Min = 123.914 ms, Q1 = 201.521 ms, Median = 202.034 ms, Q3 = 202.407 ms, Max = 203.388 ms
IQR = 0.886 ms, LowerFence = 200.192 ms, UpperFence = 203.736 ms
ConfidenceInterval = [196.516 ms; 204.510 ms] (CI 99.9%), Margin = 3.997 ms (1.99% of Mean)
Skewness = -6.84, Kurtosis = 51.32, MValue = 2
-------------------- Histogram --------------------
[120.797 ms ; 127.031 ms) | @
[127.031 ms ; 133.265 ms) | 
[133.265 ms ; 139.499 ms) | 
[139.499 ms ; 145.733 ms) | 
[145.733 ms ; 151.967 ms) | 
[151.967 ms ; 158.201 ms) | 
[158.201 ms ; 164.435 ms) | 
[164.435 ms ; 167.713 ms) | 
[167.713 ms ; 173.947 ms) | @
[173.947 ms ; 180.181 ms) | 
[180.181 ms ; 186.415 ms) | 
[186.415 ms ; 192.649 ms) | 
[192.649 ms ; 199.130 ms) | 
[199.130 ms ; 206.505 ms) | @@@@@@@@@@@@@@@@@@@@@@@@@@@@@@@@@@@@@@@@@@@@@@@@@@@@@@@@@@@@@@@@@@@@@@
---------------------------------------------------

PhysicsBakeBenchmark.PhysicsRebake_WithRegions: DefaultJob [ObstacleCount=10, AgentCount=10, RegionCount=4]
Runtime = .NET 8.0.19 (8.0.1925.36514), Arm64 RyuJIT AdvSIMD; GC = Concurrent Workstation
Mean = 199.605 ms, StdErr = 1.431 ms (0.72%), N = 99, StdDev = 14.238 ms
Min = 123.608 ms, Q1 = 201.918 ms, Median = 202.393 ms, Q3 = 202.835 ms, Max = 203.998 ms
IQR = 0.917 ms, LowerFence = 200.542 ms, UpperFence = 204.211 ms
ConfidenceInterval = [194.750 ms; 204.460 ms] (CI 99.9%), Margin = 4.855 ms (2.43% of Mean)
Skewness = -4.82, Kurtosis = 25.02, MValue = 2
-------------------- Histogram --------------------
[119.568 ms ; 128.020 ms) | @@@
[128.020 ms ; 136.099 ms) | 
[136.099 ms ; 144.178 ms) | 
[144.178 ms ; 151.837 ms) | 
[151.837 ms ; 159.916 ms) | @
[159.916 ms ; 167.995 ms) | 
[167.995 ms ; 176.074 ms) | 
[176.074 ms ; 184.153 ms) | 
[184.153 ms ; 192.233 ms) | 
[192.233 ms ; 198.691 ms) | 
[198.691 ms ; 208.038 ms) | @@@@@@@@@@@@@@@@@@@@@@@@@@@@@@@@@@@@@@@@@@@@@@@@@@@@@@@@@@@@@@@@@@@@@@@@@@@@@@@@@@@@@@@@@@@@@@@
---------------------------------------------------

PhysicsBakeBenchmark.SteadyState: DefaultJob [ObstacleCount=30, AgentCount=3, RegionCount=0]
Runtime = .NET 8.0.19 (8.0.1925.36514), Arm64 RyuJIT AdvSIMD; GC = Concurrent Workstation
Mean = 22.340 μs, StdErr = 0.015 μs (0.07%), N = 14, StdDev = 0.056 μs
Min = 22.239 μs, Q1 = 22.303 μs, Median = 22.343 μs, Q3 = 22.382 μs, Max = 22.422 μs
IQR = 0.079 μs, LowerFence = 22.185 μs, UpperFence = 22.500 μs
ConfidenceInterval = [22.277 μs; 22.403 μs] (CI 99.9%), Margin = 0.063 μs (0.28% of Mean)
Skewness = -0.11, Kurtosis = 1.7, MValue = 2
-------------------- Histogram --------------------
[22.209 μs ; 22.453 μs) | @@@@@@@@@@@@@@
---------------------------------------------------

PhysicsBakeBenchmark.PhysicsRebake: DefaultJob [ObstacleCount=30, AgentCount=3, RegionCount=0]
Runtime = .NET 8.0.19 (8.0.1925.36514), Arm64 RyuJIT AdvSIMD; GC = Concurrent Workstation
Mean = 5.065 ms, StdErr = 0.008 ms (0.17%), N = 15, StdDev = 0.033 ms
Min = 4.964 ms, Q1 = 5.060 ms, Median = 5.070 ms, Q3 = 5.083 ms, Max = 5.103 ms
IQR = 0.023 ms, LowerFence = 5.026 ms, UpperFence = 5.117 ms
ConfidenceInterval = [5.030 ms; 5.100 ms] (CI 99.9%), Margin = 0.035 ms (0.69% of Mean)
Skewness = -1.84, Kurtosis = 6.34, MValue = 2
-------------------- Histogram --------------------
[4.947 ms ; 5.121 ms) | @@@@@@@@@@@@@@@
---------------------------------------------------

PhysicsBakeBenchmark.PhysicsRebake_WithRegions: DefaultJob [ObstacleCount=30, AgentCount=3, RegionCount=0]
Runtime = .NET 8.0.19 (8.0.1925.36514), Arm64 RyuJIT AdvSIMD; GC = Concurrent Workstation
Mean = 0.603 ns, StdErr = 0.001 ns (0.15%), N = 15, StdDev = 0.003 ns
Min = 0.597 ns, Q1 = 0.601 ns, Median = 0.604 ns, Q3 = 0.605 ns, Max = 0.608 ns
IQR = 0.004 ns, LowerFence = 0.595 ns, UpperFence = 0.611 ns
ConfidenceInterval = [0.600 ns; 0.607 ns] (CI 99.9%), Margin = 0.004 ns (0.60% of Mean)
Skewness = -0.54, Kurtosis = 1.85, MValue = 2
-------------------- Histogram --------------------
[0.595 ns ; 0.610 ns) | @@@@@@@@@@@@@@@
---------------------------------------------------

PhysicsBakeBenchmark.SteadyState: DefaultJob [ObstacleCount=30, AgentCount=3, RegionCount=4]
Runtime = .NET 8.0.19 (8.0.1925.36514), Arm64 RyuJIT AdvSIMD; GC = Concurrent Workstation
Mean = 22.547 μs, StdErr = 0.018 μs (0.08%), N = 15, StdDev = 0.069 μs
Min = 22.461 μs, Q1 = 22.488 μs, Median = 22.537 μs, Q3 = 22.604 μs, Max = 22.667 μs
IQR = 0.116 μs, LowerFence = 22.314 μs, UpperFence = 22.779 μs
ConfidenceInterval = [22.474 μs; 22.620 μs] (CI 99.9%), Margin = 0.073 μs (0.32% of Mean)
Skewness = 0.22, Kurtosis = 1.57, MValue = 2
-------------------- Histogram --------------------
[22.424 μs ; 22.703 μs) | @@@@@@@@@@@@@@@
---------------------------------------------------

PhysicsBakeBenchmark.PhysicsRebake: DefaultJob [ObstacleCount=30, AgentCount=3, RegionCount=4]
Runtime = .NET 8.0.19 (8.0.1925.36514), Arm64 RyuJIT AdvSIMD; GC = Concurrent Workstation
Mean = 179.024 ms, StdErr = 1.036 ms (0.58%), N = 78, StdDev = 9.151 ms
Min = 110.566 ms, Q1 = 180.174 ms, Median = 180.467 ms, Q3 = 180.698 ms, Max = 181.484 ms
IQR = 0.524 ms, LowerFence = 179.389 ms, UpperFence = 181.484 ms
ConfidenceInterval = [175.479 ms; 182.569 ms] (CI 99.9%), Margin = 3.545 ms (1.98% of Mean)
Skewness = -6.43, Kurtosis = 44.8, MValue = 2
-------------------- Histogram --------------------
[107.755 ms ; 113.377 ms) | @
[113.377 ms ; 118.999 ms) | 
[118.999 ms ; 124.621 ms) | 
[124.621 ms ; 130.243 ms) | 
[130.243 ms ; 136.276 ms) | 
[136.276 ms ; 141.898 ms) | @
[141.898 ms ; 147.521 ms) | 
[147.521 ms ; 153.143 ms) | 
[153.143 ms ; 158.765 ms) | 
[158.765 ms ; 164.387 ms) | 
[164.387 ms ; 170.009 ms) | 
[170.009 ms ; 177.750 ms) | 
[177.750 ms ; 184.295 ms) | @@@@@@@@@@@@@@@@@@@@@@@@@@@@@@@@@@@@@@@@@@@@@@@@@@@@@@@@@@@@@@@@@@@@@@@@@@@@
---------------------------------------------------

PhysicsBakeBenchmark.PhysicsRebake_WithRegions: DefaultJob [ObstacleCount=30, AgentCount=3, RegionCount=4]
Runtime = .NET 8.0.19 (8.0.1925.36514), Arm64 RyuJIT AdvSIMD; GC = Concurrent Workstation
Mean = 179.163 ms, StdErr = 1.034 ms (0.58%), N = 78, StdDev = 9.135 ms
Min = 111.091 ms, Q1 = 180.096 ms, Median = 180.600 ms, Q3 = 180.995 ms, Max = 182.283 ms
IQR = 0.899 ms, LowerFence = 178.746 ms, UpperFence = 182.344 ms
ConfidenceInterval = [175.624 ms; 182.703 ms] (CI 99.9%), Margin = 3.539 ms (1.98% of Mean)
Skewness = -6.39, Kurtosis = 44.31, MValue = 2
-------------------- Histogram --------------------
[108.285 ms ; 113.897 ms) | @
[113.897 ms ; 119.510 ms) | 
[119.510 ms ; 125.122 ms) | 
[125.122 ms ; 130.735 ms) | 
[130.735 ms ; 136.202 ms) | 
[136.202 ms ; 141.815 ms) | @
[141.815 ms ; 147.427 ms) | 
[147.427 ms ; 153.040 ms) | 
[153.040 ms ; 158.653 ms) | 
[158.653 ms ; 164.265 ms) | 
[164.265 ms ; 169.878 ms) | 
[169.878 ms ; 175.490 ms) | 
[175.490 ms ; 183.346 ms) | @@@@@@@@@@@@@@@@@@@@@@@@@@@@@@@@@@@@@@@@@@@@@@@@@@@@@@@@@@@@@@@@@@@@@@@@@@@@
---------------------------------------------------

PhysicsBakeBenchmark.SteadyState: DefaultJob [ObstacleCount=30, AgentCount=10, RegionCount=0]
Runtime = .NET 8.0.19 (8.0.1925.36514), Arm64 RyuJIT AdvSIMD; GC = Concurrent Workstation
Mean = 64.748 μs, StdErr = 0.049 μs (0.08%), N = 15, StdDev = 0.189 μs
Min = 64.382 μs, Q1 = 64.611 μs, Median = 64.799 μs, Q3 = 64.865 μs, Max = 65.075 μs
IQR = 0.254 μs, LowerFence = 64.229 μs, UpperFence = 65.246 μs
ConfidenceInterval = [64.546 μs; 64.950 μs] (CI 99.9%), Margin = 0.202 μs (0.31% of Mean)
Skewness = -0.23, Kurtosis = 2.02, MValue = 2
-------------------- Histogram --------------------
[64.282 μs ; 65.175 μs) | @@@@@@@@@@@@@@@
---------------------------------------------------

PhysicsBakeBenchmark.PhysicsRebake: DefaultJob [ObstacleCount=30, AgentCount=10, RegionCount=0]
Runtime = .NET 8.0.19 (8.0.1925.36514), Arm64 RyuJIT AdvSIMD; GC = Concurrent Workstation
Mean = 5.012 ms, StdErr = 0.005 ms (0.09%), N = 14, StdDev = 0.018 ms
Min = 4.979 ms, Q1 = 4.999 ms, Median = 5.015 ms, Q3 = 5.025 ms, Max = 5.040 ms
IQR = 0.026 ms, LowerFence = 4.960 ms, UpperFence = 5.064 ms
ConfidenceInterval = [4.992 ms; 5.032 ms] (CI 99.9%), Margin = 0.020 ms (0.40% of Mean)
Skewness = -0.24, Kurtosis = 1.88, MValue = 2
-------------------- Histogram --------------------
[4.969 ms ; 5.050 ms) | @@@@@@@@@@@@@@
---------------------------------------------------

PhysicsBakeBenchmark.PhysicsRebake_WithRegions: DefaultJob [ObstacleCount=30, AgentCount=10, RegionCount=0]
Runtime = .NET 8.0.19 (8.0.1925.36514), Arm64 RyuJIT AdvSIMD; GC = Concurrent Workstation
Mean = 0.605 ns, StdErr = 0.001 ns (0.20%), N = 15, StdDev = 0.005 ns
Min = 0.599 ns, Q1 = 0.602 ns, Median = 0.604 ns, Q3 = 0.608 ns, Max = 0.617 ns
IQR = 0.006 ns, LowerFence = 0.592 ns, UpperFence = 0.618 ns
ConfidenceInterval = [0.600 ns; 0.610 ns] (CI 99.9%), Margin = 0.005 ns (0.84% of Mean)
Skewness = 0.62, Kurtosis = 2.82, MValue = 2
-------------------- Histogram --------------------
[0.596 ns ; 0.619 ns) | @@@@@@@@@@@@@@@
---------------------------------------------------

PhysicsBakeBenchmark.SteadyState: DefaultJob [ObstacleCount=30, AgentCount=10, RegionCount=4]
Runtime = .NET 8.0.19 (8.0.1925.36514), Arm64 RyuJIT AdvSIMD; GC = Concurrent Workstation
Mean = 65.089 μs, StdErr = 0.067 μs (0.10%), N = 14, StdDev = 0.251 μs
Min = 64.705 μs, Q1 = 64.910 μs, Median = 65.099 μs, Q3 = 65.211 μs, Max = 65.636 μs
IQR = 0.301 μs, LowerFence = 64.459 μs, UpperFence = 65.662 μs
ConfidenceInterval = [64.806 μs; 65.373 μs] (CI 99.9%), Margin = 0.283 μs (0.44% of Mean)
Skewness = 0.45, Kurtosis = 2.42, MValue = 2
-------------------- Histogram --------------------
[64.568 μs ; 65.773 μs) | @@@@@@@@@@@@@@
---------------------------------------------------

PhysicsBakeBenchmark.PhysicsRebake: DefaultJob [ObstacleCount=30, AgentCount=10, RegionCount=4]
Runtime = .NET 8.0.19 (8.0.1925.36514), Arm64 RyuJIT AdvSIMD; GC = Concurrent Workstation
Mean = 178.877 ms, StdErr = 1.377 ms (0.77%), N = 93, StdDev = 13.278 ms
Min = 110.890 ms, Q1 = 180.528 ms, Median = 181.421 ms, Q3 = 182.343 ms, Max = 185.098 ms
IQR = 1.815 ms, LowerFence = 177.806 ms, UpperFence = 185.066 ms
ConfidenceInterval = [174.197 ms; 183.558 ms] (CI 99.9%), Margin = 4.681 ms (2.62% of Mean)
Skewness = -4.59, Kurtosis = 22.93, MValue = 2
-------------------- Histogram --------------------
[107.044 ms ; 114.830 ms) | @@@
[114.830 ms ; 122.523 ms) | 
[122.523 ms ; 130.216 ms) | 
[130.216 ms ; 135.260 ms) | 
[135.260 ms ; 142.953 ms) | @
[142.953 ms ; 150.647 ms) | 
[150.647 ms ; 158.340 ms) | 
[158.340 ms ; 166.033 ms) | 
[166.033 ms ; 173.726 ms) | 
[173.726 ms ; 178.293 ms) | 
[178.293 ms ; 185.986 ms) | @@@@@@@@@@@@@@@@@@@@@@@@@@@@@@@@@@@@@@@@@@@@@@@@@@@@@@@@@@@@@@@@@@@@@@@@@@@@@@@@@@@@@@@@@
---------------------------------------------------

PhysicsBakeBenchmark.PhysicsRebake_WithRegions: DefaultJob [ObstacleCount=30, AgentCount=10, RegionCount=4]
Runtime = .NET 8.0.19 (8.0.1925.36514), Arm64 RyuJIT AdvSIMD; GC = Concurrent Workstation
Mean = 180.421 ms, StdErr = 1.527 ms (0.85%), N = 82, StdDev = 13.830 ms
Min = 110.925 ms, Q1 = 181.112 ms, Median = 182.713 ms, Q3 = 184.031 ms, Max = 192.665 ms
IQR = 2.919 ms, LowerFence = 176.733 ms, UpperFence = 188.409 ms
ConfidenceInterval = [175.205 ms; 185.636 ms] (CI 99.9%), Margin = 5.215 ms (2.89% of Mean)
Skewness = -4.36, Kurtosis = 21.61, MValue = 2
-------------------- Histogram --------------------
[108.668 ms ; 117.024 ms) | @@@
[117.024 ms ; 125.380 ms) | 
[125.380 ms ; 133.736 ms) | 
[133.736 ms ; 142.093 ms) | 
[142.093 ms ; 150.449 ms) | 
[150.449 ms ; 156.559 ms) | 
[156.559 ms ; 164.915 ms) | @
[164.915 ms ; 173.271 ms) | 
[173.271 ms ; 179.306 ms) | 
[179.306 ms ; 187.663 ms) | @@@@@@@@@@@@@@@@@@@@@@@@@@@@@@@@@@@@@@@@@@@@@@@@@@@@@@@@@@@@@@@@@@@@@@@@@
[187.663 ms ; 196.843 ms) | @@@@@
---------------------------------------------------

PhysicsBakeBenchmark.SteadyState: DefaultJob [ObstacleCount=60, AgentCount=3, RegionCount=0]
Runtime = .NET 8.0.19 (8.0.1925.36514), Arm64 RyuJIT AdvSIMD; GC = Concurrent Workstation
Mean = 23.648 μs, StdErr = 0.091 μs (0.39%), N = 17, StdDev = 0.377 μs
Min = 23.395 μs, Q1 = 23.469 μs, Median = 23.528 μs, Q3 = 23.568 μs, Max = 24.965 μs
IQR = 0.099 μs, LowerFence = 23.321 μs, UpperFence = 23.717 μs
ConfidenceInterval = [23.281 μs; 24.016 μs] (CI 99.9%), Margin = 0.367 μs (1.55% of Mean)
Skewness = 2.53, Kurtosis = 8.87, MValue = 2
-------------------- Histogram --------------------
[23.282 μs ; 24.201 μs) | @@@@@@@@@@@@@@@@
[24.201 μs ; 25.157 μs) | @
---------------------------------------------------

PhysicsBakeBenchmark.PhysicsRebake: DefaultJob [ObstacleCount=60, AgentCount=3, RegionCount=0]
Runtime = .NET 8.0.19 (8.0.1925.36514), Arm64 RyuJIT AdvSIMD; GC = Concurrent Workstation
Mean = 4.573 ms, StdErr = 0.003 ms (0.07%), N = 15, StdDev = 0.013 ms
Min = 4.555 ms, Q1 = 4.564 ms, Median = 4.567 ms, Q3 = 4.580 ms, Max = 4.599 ms
IQR = 0.016 ms, LowerFence = 4.540 ms, UpperFence = 4.604 ms
ConfidenceInterval = [4.560 ms; 4.586 ms] (CI 99.9%), Margin = 0.013 ms (0.29% of Mean)
Skewness = 0.52, Kurtosis = 2.04, MValue = 2
-------------------- Histogram --------------------
[4.548 ms ; 4.605 ms) | @@@@@@@@@@@@@@@
---------------------------------------------------

PhysicsBakeBenchmark.PhysicsRebake_WithRegions: DefaultJob [ObstacleCount=60, AgentCount=3, RegionCount=0]
Runtime = .NET 8.0.19 (8.0.1925.36514), Arm64 RyuJIT AdvSIMD; GC = Concurrent Workstation
Mean = 0.606 ns, StdErr = 0.001 ns (0.14%), N = 15, StdDev = 0.003 ns
Min = 0.601 ns, Q1 = 0.604 ns, Median = 0.605 ns, Q3 = 0.608 ns, Max = 0.613 ns
IQR = 0.004 ns, LowerFence = 0.599 ns, UpperFence = 0.613 ns
ConfidenceInterval = [0.602 ns; 0.610 ns] (CI 99.9%), Margin = 0.004 ns (0.60% of Mean)
Skewness = 0.63, Kurtosis = 2.34, MValue = 2
-------------------- Histogram --------------------
[0.599 ns ; 0.615 ns) | @@@@@@@@@@@@@@@
---------------------------------------------------

PhysicsBakeBenchmark.SteadyState: DefaultJob [ObstacleCount=60, AgentCount=3, RegionCount=4]
Runtime = .NET 8.0.19 (8.0.1925.36514), Arm64 RyuJIT AdvSIMD; GC = Concurrent Workstation
Mean = 23.773 μs, StdErr = 0.009 μs (0.04%), N = 15, StdDev = 0.035 μs
Min = 23.703 μs, Q1 = 23.749 μs, Median = 23.774 μs, Q3 = 23.800 μs, Max = 23.834 μs
IQR = 0.051 μs, LowerFence = 23.673 μs, UpperFence = 23.876 μs
ConfidenceInterval = [23.736 μs; 23.811 μs] (CI 99.9%), Margin = 0.038 μs (0.16% of Mean)
Skewness = -0.18, Kurtosis = 2.08, MValue = 2
-------------------- Histogram --------------------
[23.684 μs ; 23.853 μs) | @@@@@@@@@@@@@@@
---------------------------------------------------

PhysicsBakeBenchmark.PhysicsRebake: DefaultJob [ObstacleCount=60, AgentCount=3, RegionCount=4]
Runtime = .NET 8.0.19 (8.0.1925.36514), Arm64 RyuJIT AdvSIMD; GC = Concurrent Workstation
Mean = 152.240 ms, StdErr = 0.884 ms (0.58%), N = 55, StdDev = 6.554 ms
Min = 104.544 ms, Q1 = 152.925 ms, Median = 153.121 ms, Q3 = 153.267 ms, Max = 153.719 ms
IQR = 0.341 ms, LowerFence = 152.413 ms, UpperFence = 153.779 ms
ConfidenceInterval = [149.164 ms; 155.315 ms] (CI 99.9%), Margin = 3.076 ms (2.02% of Mean)
Skewness = -7, Kurtosis = 50.99, MValue = 2
-------------------- Histogram --------------------
[102.282 ms ; 106.806 ms) | @
[106.806 ms ; 111.330 ms) | 
[111.330 ms ; 115.854 ms) | 
[115.854 ms ; 120.378 ms) | 
[120.378 ms ; 124.902 ms) | 
[124.902 ms ; 129.426 ms) | 
[129.426 ms ; 133.951 ms) | 
[133.951 ms ; 138.475 ms) | 
[138.475 ms ; 142.999 ms) | 
[142.999 ms ; 147.523 ms) | 
[147.523 ms ; 150.906 ms) | 
[150.906 ms ; 155.981 ms) | @@@@@@@@@@@@@@@@@@@@@@@@@@@@@@@@@@@@@@@@@@@@@@@@@@@@@@
---------------------------------------------------

PhysicsBakeBenchmark.PhysicsRebake_WithRegions: DefaultJob [ObstacleCount=60, AgentCount=3, RegionCount=4]
Runtime = .NET 8.0.19 (8.0.1925.36514), Arm64 RyuJIT AdvSIMD; GC = Concurrent Workstation
Mean = 153.005 ms, StdErr = 0.065 ms (0.04%), N = 14, StdDev = 0.242 ms
Min = 152.390 ms, Q1 = 152.911 ms, Median = 153.037 ms, Q3 = 153.169 ms, Max = 153.315 ms
IQR = 0.258 ms, LowerFence = 152.524 ms, UpperFence = 153.556 ms
ConfidenceInterval = [152.732 ms; 153.278 ms] (CI 99.9%), Margin = 0.273 ms (0.18% of Mean)
Skewness = -1, Kurtosis = 3.48, MValue = 2
-------------------- Histogram --------------------
[152.258 ms ; 153.447 ms) | @@@@@@@@@@@@@@
---------------------------------------------------

PhysicsBakeBenchmark.SteadyState: DefaultJob [ObstacleCount=60, AgentCount=10, RegionCount=0]
Runtime = .NET 8.0.19 (8.0.1925.36514), Arm64 RyuJIT AdvSIMD; GC = Concurrent Workstation
Mean = 66.317 μs, StdErr = 0.023 μs (0.04%), N = 14, StdDev = 0.087 μs
Min = 66.137 μs, Q1 = 66.278 μs, Median = 66.333 μs, Q3 = 66.368 μs, Max = 66.438 μs
IQR = 0.089 μs, LowerFence = 66.144 μs, UpperFence = 66.502 μs
ConfidenceInterval = [66.219 μs; 66.416 μs] (CI 99.9%), Margin = 0.099 μs (0.15% of Mean)
Skewness = -0.5, Kurtosis = 2.22, MValue = 2
-------------------- Histogram --------------------
[66.090 μs ; 66.485 μs) | @@@@@@@@@@@@@@
---------------------------------------------------

PhysicsBakeBenchmark.PhysicsRebake: DefaultJob [ObstacleCount=60, AgentCount=10, RegionCount=0]
Runtime = .NET 8.0.19 (8.0.1925.36514), Arm64 RyuJIT AdvSIMD; GC = Concurrent Workstation
Mean = 4.537 ms, StdErr = 0.003 ms (0.07%), N = 15, StdDev = 0.013 ms
Min = 4.517 ms, Q1 = 4.528 ms, Median = 4.532 ms, Q3 = 4.547 ms, Max = 4.564 ms
IQR = 0.018 ms, LowerFence = 4.501 ms, UpperFence = 4.574 ms
ConfidenceInterval = [4.523 ms; 4.551 ms] (CI 99.9%), Margin = 0.014 ms (0.31% of Mean)
Skewness = 0.51, Kurtosis = 2.1, MValue = 2
-------------------- Histogram --------------------
[4.510 ms ; 4.571 ms) | @@@@@@@@@@@@@@@
---------------------------------------------------

PhysicsBakeBenchmark.PhysicsRebake_WithRegions: DefaultJob [ObstacleCount=60, AgentCount=10, RegionCount=0]
Runtime = .NET 8.0.19 (8.0.1925.36514), Arm64 RyuJIT AdvSIMD; GC = Concurrent Workstation
Mean = 0.607 ns, StdErr = 0.001 ns (0.09%), N = 15, StdDev = 0.002 ns
Min = 0.601 ns, Q1 = 0.606 ns, Median = 0.607 ns, Q3 = 0.608 ns, Max = 0.609 ns
IQR = 0.002 ns, LowerFence = 0.603 ns, UpperFence = 0.611 ns
ConfidenceInterval = [0.605 ns; 0.609 ns] (CI 99.9%), Margin = 0.002 ns (0.39% of Mean)
Skewness = -1.27, Kurtosis = 4.35, MValue = 2
-------------------- Histogram --------------------
[0.600 ns ; 0.611 ns) | @@@@@@@@@@@@@@@
---------------------------------------------------

PhysicsBakeBenchmark.SteadyState: DefaultJob [ObstacleCount=60, AgentCount=10, RegionCount=4]
Runtime = .NET 8.0.19 (8.0.1925.36514), Arm64 RyuJIT AdvSIMD; GC = Concurrent Workstation
Mean = 69.500 μs, StdErr = 0.021 μs (0.03%), N = 15, StdDev = 0.081 μs
Min = 69.301 μs, Q1 = 69.465 μs, Median = 69.497 μs, Q3 = 69.567 μs, Max = 69.611 μs
IQR = 0.102 μs, LowerFence = 69.313 μs, UpperFence = 69.719 μs
ConfidenceInterval = [69.412 μs; 69.587 μs] (CI 99.9%), Margin = 0.087 μs (0.13% of Mean)
Skewness = -0.78, Kurtosis = 2.96, MValue = 2
-------------------- Histogram --------------------
[69.258 μs ; 69.654 μs) | @@@@@@@@@@@@@@@
---------------------------------------------------

PhysicsBakeBenchmark.PhysicsRebake: DefaultJob [ObstacleCount=60, AgentCount=10, RegionCount=4]
Runtime = .NET 8.0.19 (8.0.1925.36514), Arm64 RyuJIT AdvSIMD; GC = Concurrent Workstation
Mean = 152.476 ms, StdErr = 0.826 ms (0.54%), N = 35, StdDev = 4.887 ms
Min = 124.412 ms, Q1 = 153.120 ms, Median = 153.260 ms, Q3 = 153.421 ms, Max = 153.679 ms
IQR = 0.302 ms, LowerFence = 152.667 ms, UpperFence = 153.874 ms
ConfidenceInterval = [149.502 ms; 155.450 ms] (CI 99.9%), Margin = 2.974 ms (1.95% of Mean)
Skewness = -5.41, Kurtosis = 31.07, MValue = 2
-------------------- Histogram --------------------
[122.451 ms ; 126.373 ms) | @
[126.373 ms ; 130.295 ms) | 
[130.295 ms ; 134.217 ms) | 
[134.217 ms ; 138.138 ms) | 
[138.138 ms ; 142.060 ms) | 
[142.060 ms ; 145.982 ms) | 
[145.982 ms ; 151.391 ms) | 
[151.391 ms ; 155.640 ms) | @@@@@@@@@@@@@@@@@@@@@@@@@@@@@@@@@@
---------------------------------------------------

PhysicsBakeBenchmark.PhysicsRebake_WithRegions: DefaultJob [ObstacleCount=60, AgentCount=10, RegionCount=4]
Runtime = .NET 8.0.19 (8.0.1925.36514), Arm64 RyuJIT AdvSIMD; GC = Concurrent Workstation
Mean = 153.132 ms, StdErr = 0.053 ms (0.03%), N = 14, StdDev = 0.200 ms
Min = 152.879 ms, Q1 = 152.977 ms, Median = 153.073 ms, Q3 = 153.249 ms, Max = 153.505 ms
IQR = 0.272 ms, LowerFence = 152.569 ms, UpperFence = 153.656 ms
ConfidenceInterval = [152.906 ms; 153.357 ms] (CI 99.9%), Margin = 0.225 ms (0.15% of Mean)
Skewness = 0.53, Kurtosis = 1.83, MValue = 2
-------------------- Histogram --------------------
[152.770 ms ; 153.614 ms) | @@@@@@@@@@@@@@
---------------------------------------------------

// * Summary *

BenchmarkDotNet v0.13.12, macOS 26.3 (25D125) [Darwin 25.3.0]
Apple M2 Pro, 1 CPU, 10 logical and 10 physical cores
.NET SDK 10.0.105
  [Host]     : .NET 8.0.19 (8.0.1925.36514), Arm64 RyuJIT AdvSIMD
  DefaultJob : .NET 8.0.19 (8.0.1925.36514), Arm64 RyuJIT AdvSIMD


| Method                    | ObstacleCount | AgentCount | RegionCount | Mean                | Error             | StdDev             | Ratio    | RatioSD  | Gen0      | Gen1     | Gen2     | Allocated | Alloc Ratio |
|-------------------------- |-------------- |----------- |------------ |--------------------:|------------------:|-------------------:|---------:|---------:|----------:|---------:|---------:|----------:|------------:|
| SteadyState               | 10            | 3          | 0           |      20,306.2771 ns |        82.7921 ns |         69.1352 ns |    1.000 |     0.00 |    0.0305 |        - |        - |     368 B |        1.00 |
| PhysicsRebake             | 10            | 3          | 0           |   5,387,959.8109 ns |    21,324.0183 ns |     19,946.5000 ns |  265.359 |     1.38 |  835.9375 | 406.2500 |        - | 7020382 B |   19,077.12 |
| PhysicsRebake_WithRegions | 10            | 3          | 0           |           0.6154 ns |         0.0044 ns |          0.0041 ns |    0.000 |     0.00 |         - |        - |        - |         - |        0.00 |
|                           |               |            |             |                     |                   |                    |          |          |           |          |          |           |             |
| SteadyState               | 10            | 3          | 4           |      20,398.0797 ns |        56.8386 ns |         50.3859 ns |     1.00 |     0.00 |    0.0610 |        - |        - |     536 B |        1.00 |
| PhysicsRebake             | 10            | 3          | 4           | 200,758,243.1562 ns | 3,990,945.3240 ns |  9,938,838.7792 ns | 9,532.47 | 1,093.03 | 1000.0000 | 600.0000 | 200.0000 | 9931061 B |   18,528.10 |
| PhysicsRebake_WithRegions | 10            | 3          | 4           | 199,512,868.4200 ns | 4,605,878.3999 ns | 13,580,536.3813 ns | 8,988.84 | 1,606.73 | 1000.0000 | 600.0000 | 200.0000 | 9931117 B |   18,528.20 |
|                           |               |            |             |                     |                   |                    |          |          |           |          |          |           |             |
| SteadyState               | 10            | 10         | 0           |      62,635.6808 ns |       203.6420 ns |        190.4869 ns |    1.000 |     0.00 |         - |        - |        - |     368 B |        1.00 |
| PhysicsRebake             | 10            | 10         | 0           |   5,374,379.8583 ns |    16,972.0248 ns |     15,045.2579 ns |   85.808 |     0.39 |  835.9375 | 406.2500 |        - | 7028166 B |   19,098.28 |
| PhysicsRebake_WithRegions | 10            | 10         | 0           |           0.6113 ns |         0.0040 ns |          0.0037 ns |    0.000 |     0.00 |         - |        - |        - |         - |        0.00 |
|                           |               |            |             |                     |                   |                    |          |          |           |          |          |           |             |
| SteadyState               | 10            | 10         | 4           |      62,869.5969 ns |       192.7561 ns |        180.3042 ns |     1.00 |     0.00 |         - |        - |        - |     536 B |        1.00 |
| PhysicsRebake             | 10            | 10         | 4           | 200,513,362.3861 ns | 3,997,052.4936 ns |  9,879,723.4458 ns | 3,095.90 |   338.81 | 1000.0000 | 600.0000 | 200.0000 | 9938845 B |   18,542.62 |
| PhysicsRebake_WithRegions | 10            | 10         | 4           | 199,604,853.0384 ns | 4,854,723.8483 ns | 14,238,064.6625 ns | 2,921.81 |   528.66 | 1000.0000 | 600.0000 | 200.0000 | 9938901 B |   18,542.73 |
|                           |               |            |             |                     |                   |                    |          |          |           |          |          |           |             |
| SteadyState               | 30            | 3          | 0           |      22,339.6936 ns |        62.9388 ns |         55.7936 ns |    1.000 |     0.00 |    0.0305 |        - |        - |     368 B |        1.00 |
| PhysicsRebake             | 30            | 3          | 0           |   5,064,958.4773 ns |    34,839.4869 ns |     32,588.8776 ns |  226.708 |     1.34 |  781.2500 | 375.0000 |        - | 6581062 B |   17,883.32 |
| PhysicsRebake_WithRegions | 30            | 3          | 0           |           0.6032 ns |         0.0036 ns |          0.0034 ns |    0.000 |     0.00 |         - |        - |        - |         - |        0.00 |
|                           |               |            |             |                     |                   |                    |          |          |           |          |          |           |             |
| SteadyState               | 30            | 3          | 4           |      22,546.7600 ns |        73.2505 ns |         68.5186 ns |     1.00 |     0.00 |    0.0610 |        - |        - |     536 B |        1.00 |
| PhysicsRebake             | 30            | 3          | 4           | 179,024,187.2821 ns | 3,545,116.0635 ns |  9,151,076.6048 ns | 7,668.84 |   902.79 | 1000.0000 | 600.0000 | 200.0000 | 9491741 B |   17,708.47 |
| PhysicsRebake_WithRegions | 30            | 3          | 4           | 179,163,491.8846 ns | 3,539,071.5724 ns |  9,135,473.8430 ns | 7,685.09 |   903.72 | 1000.0000 | 600.0000 | 200.0000 | 9491797 B |   17,708.58 |
|                           |               |            |             |                     |                   |                    |          |          |           |          |          |           |             |
| SteadyState               | 30            | 10         | 0           |      64,748.0312 ns |       201.7453 ns |        188.7127 ns |    1.000 |     0.00 |         - |        - |        - |     368 B |        1.00 |
| PhysicsRebake             | 30            | 10         | 0           |   5,011,967.1027 ns |    19,929.9685 ns |     17,667.3980 ns |   77.417 |     0.22 |  781.2500 | 390.6250 |        - | 6588846 B |   17,904.47 |
| PhysicsRebake_WithRegions | 30            | 10         | 0           |           0.6053 ns |         0.0051 ns |          0.0048 ns |    0.000 |     0.00 |         - |        - |        - |         - |        0.00 |
|                           |               |            |             |                     |                   |                    |          |          |           |          |          |           |             |
| SteadyState               | 30            | 10         | 4           |      65,089.3333 ns |       283.4680 ns |        251.2870 ns |     1.00 |     0.00 |         - |        - |        - |     536 B |        1.00 |
| PhysicsRebake             | 30            | 10         | 4           | 178,877,392.0108 ns | 4,680,676.4415 ns | 13,278,299.9928 ns | 2,501.83 |   462.27 | 1000.0000 | 600.0000 | 200.0000 | 9499525 B |   17,722.99 |
| PhysicsRebake_WithRegions | 30            | 10         | 4           | 180,420,533.9439 ns | 5,215,215.2926 ns | 13,830,011.1206 ns | 2,602.77 |   486.68 | 1000.0000 | 600.0000 | 200.0000 | 9499581 B |   17,723.10 |
|                           |               |            |             |                     |                   |                    |          |          |           |          |          |           |             |
| SteadyState               | 60            | 3          | 0           |      23,648.4036 ns |       367.2321 ns |        377.1203 ns |    1.000 |     0.00 |    0.0305 |        - |        - |     368 B |        1.00 |
| PhysicsRebake             | 60            | 3          | 0           |   4,572,924.8917 ns |    13,421.7417 ns |     12,554.7055 ns |  193.274 |     3.25 |  687.5000 | 343.7500 |        - | 5792590 B |   15,740.73 |
| PhysicsRebake_WithRegions | 60            | 3          | 0           |           0.6061 ns |         0.0036 ns |          0.0034 ns |    0.000 |     0.00 |         - |        - |        - |         - |        0.00 |
|                           |               |            |             |                     |                   |                    |          |          |           |          |          |           |             |
| SteadyState               | 60            | 3          | 4           |      23,773.4351 ns |        37.8929 ns |         35.4451 ns |     1.00 |     0.00 |    0.0610 |        - |        - |     536 B |        1.00 |
| PhysicsRebake             | 60            | 3          | 4           | 152,239,876.1273 ns | 3,075,582.4179 ns |  6,554,316.8876 ns | 6,311.35 |   527.37 |  833.3333 | 500.0000 | 333.3333 | 8703335 B |   16,237.57 |
| PhysicsRebake_WithRegions | 60            | 3          | 4           | 153,004,907.2024 ns |   272,627.6120 ns |    241,677.2769 ns | 6,436.63 |    15.63 |  833.3333 | 500.0000 | 333.3333 | 8703391 B |   16,237.67 |
|                           |               |            |             |                     |                   |                    |          |          |           |          |          |           |             |
| SteadyState               | 60            | 10         | 0           |      66,317.4253 ns |        98.5821 ns |         87.3905 ns |    1.000 |     0.00 |         - |        - |        - |     368 B |        1.00 |
| PhysicsRebake             | 60            | 10         | 0           |   4,537,277.4318 ns |    14,039.3058 ns |     13,132.3754 ns |   68.424 |     0.22 |  687.5000 | 328.1250 |        - | 5800374 B |   15,761.89 |
| PhysicsRebake_WithRegions | 60            | 10         | 0           |           0.6069 ns |         0.0023 ns |          0.0022 ns |    0.000 |     0.00 |         - |        - |        - |         - |        0.00 |
|                           |               |            |             |                     |                   |                    |          |          |           |          |          |           |             |
| SteadyState               | 60            | 10         | 4           |      69,499.5299 ns |        87.1141 ns |         81.4866 ns |     1.00 |     0.00 |         - |        - |        - |     536 B |        1.00 |
| PhysicsRebake             | 60            | 10         | 4           | 152,475,894.6429 ns | 2,974,322.1111 ns |  4,886,896.5241 ns | 2,176.59 |   107.43 |  833.3333 | 500.0000 | 333.3333 | 8711119 B |   16,252.09 |
| PhysicsRebake_WithRegions | 60            | 10         | 4           | 153,131,768.3571 ns |   225,440.2775 ns |    199,846.9340 ns | 2,203.32 |     4.43 |  833.3333 | 500.0000 | 333.3333 | 8711175 B |   16,252.19 |

// * Hints *
Outliers
  PhysicsBakeBenchmark.SteadyState: Default               -> 2 outliers were removed (20.62 μs, 20.64 μs)
  PhysicsBakeBenchmark.SteadyState: Default               -> 1 outlier  was  removed (20.64 μs)
  PhysicsBakeBenchmark.PhysicsRebake: Default             -> 2 outliers were detected (123.06 ms, 170.92 ms)
  PhysicsBakeBenchmark.PhysicsRebake_WithRegions: Default -> 4 outliers were detected (124.59 ms..171.42 ms)
  PhysicsBakeBenchmark.PhysicsRebake: Default             -> 1 outlier  was  removed (5.43 ms)
  PhysicsBakeBenchmark.PhysicsRebake: Default             -> 2 outliers were detected (123.91 ms, 170.83 ms)
  PhysicsBakeBenchmark.PhysicsRebake_WithRegions: Default -> 1 outlier  was  removed, 5 outliers were detected (123.61 ms..155.88 ms, 205.15 ms)
  PhysicsBakeBenchmark.SteadyState: Default               -> 1 outlier  was  removed (22.65 μs)
  PhysicsBakeBenchmark.PhysicsRebake: Default             -> 1 outlier  was  detected (4.96 ms)
  PhysicsBakeBenchmark.PhysicsRebake: Default             -> 2 outliers were removed, 4 outliers were detected (110.57 ms, 139.09 ms, 181.68 ms, 181.87 ms)
  PhysicsBakeBenchmark.PhysicsRebake_WithRegions: Default -> 2 outliers were detected (111.09 ms, 139.01 ms)
  PhysicsBakeBenchmark.PhysicsRebake: Default             -> 1 outlier  was  removed (5.07 ms)
  PhysicsBakeBenchmark.SteadyState: Default               -> 1 outlier  was  removed (66.25 μs)
  PhysicsBakeBenchmark.PhysicsRebake: Default             -> 7 outliers were removed, 11 outliers were detected (110.89 ms..139.11 ms, 186.19 ms..208.93 ms)
  PhysicsBakeBenchmark.PhysicsRebake_WithRegions: Default -> 18 outliers were removed, 22 outliers were detected (110.93 ms..160.74 ms, 197.75 ms..314.56 ms)
  PhysicsBakeBenchmark.SteadyState: Default               -> 4 outliers were removed (25.36 μs..29.55 μs)
  PhysicsBakeBenchmark.PhysicsRebake: Default             -> 4 outliers were removed, 5 outliers were detected (104.54 ms, 153.81 ms..154.84 ms)
  PhysicsBakeBenchmark.PhysicsRebake_WithRegions: Default -> 1 outlier  was  removed, 2 outliers were detected (152.39 ms, 153.68 ms)
  PhysicsBakeBenchmark.SteadyState: Default               -> 1 outlier  was  removed (66.56 μs)
  PhysicsBakeBenchmark.PhysicsRebake_WithRegions: Default -> 1 outlier  was  detected (1.67 ns)
  PhysicsBakeBenchmark.SteadyState: Default               -> 1 outlier  was  detected (69.30 μs)
  PhysicsBakeBenchmark.PhysicsRebake: Default             -> 1 outlier  was  removed, 2 outliers were detected (124.41 ms, 154.08 ms)
  PhysicsBakeBenchmark.PhysicsRebake_WithRegions: Default -> 1 outlier  was  removed (153.84 ms)

// * Legends *
  ObstacleCount : Value of the 'ObstacleCount' parameter
  AgentCount    : Value of the 'AgentCount' parameter
  RegionCount   : Value of the 'RegionCount' parameter
  Mean          : Arithmetic mean of all measurements
  Error         : Half of 99.9% confidence interval
  StdDev        : Standard deviation of all measurements
  Ratio         : Mean of the ratio distribution ([Current]/[Baseline])
  RatioSD       : Standard deviation of the ratio distribution ([Current]/[Baseline])
  Gen0          : GC Generation 0 collects per 1000 operations
  Gen1          : GC Generation 1 collects per 1000 operations
  Gen2          : GC Generation 2 collects per 1000 operations
  Allocated     : Allocated memory per single operation (managed only, inclusive, 1KB = 1024B)
  Alloc Ratio   : Allocated memory ratio distribution ([Current]/[Baseline])
  1 ns          : 1 Nanosecond (0.000000001 sec)

// * Diagnostic Output - MemoryDiagnoser *


// ***** BenchmarkRunner: End *****
Run time: 00:23:45 (1425.43 sec), executed benchmarks: 36

Global total time: 00:23:50 (1430.43 sec), executed benchmarks: 36
// * Artifacts cleanup *
Artifacts cleanup is finished
